1                                                          The SAS System                              13:54 Tuesday, March 26, 2019

NOTE: Copyright (c) 2002-2012 by SAS Institute Inc., Cary, NC, USA. 
NOTE: SAS (r) Proprietary Software 9.4 (TS1M3) 
      Licensed to CAMPUS - KBH. UNI. - LINUX, Site 50803698.
NOTE: This session is executing on the Linux 3.10.0-957.5.1.el7.x86_64 (LIN X64) platform.



NOTE: Updated analytical products:
      
      SAS/STAT 14.1
      SAS/ETS 14.1
      SAS/OR 14.1
      SAS/IML 14.1
      SAS/QC 14.1

NOTE: Additional host information:

 Linux LIN X64 3.10.0-957.5.1.el7.x86_64 #1 SMP Wed Dec 19 10:46:58 EST 2018 x86_64 Red Hat Enterprise Linux Server release 7.6 
      (Maipo) 

You are running SAS 9. Some SAS 8 files will be automatically converted 
by the V9 engine; others are incompatible.  Please see 
http://support.sas.com/rnd/migration/planning/platform/64bit.html

PROC MIGRATE will preserve current SAS file attributes and is 
recommended for converting all your SAS libraries from any 
SAS 8 release to SAS 9.  For details and examples, please see
http://support.sas.com/rnd/migration/index.html


This message is contained in the SAS news file, and is presented upon
initialization.  Edit the file "news" in the "misc/base" directory to
display site-specific news and information in the program log.
The command line option "-nonews" will prevent this display.




NOTE: SAS initialization used:
      real time           0.26 seconds
      cpu time            0.05 seconds
      
1          %include '/home/ifsv/pzs913/FIT/simu.sas';
NOTE: Libref FIT was successfully assigned as follows: 
      Engine:        V9 
      Physical Name: /home/ifsv/pzs913/FIT
3530       
3531       %let nitems=10;
3532       %let from=1;
3533       %let to=50;
3534       %simu(samplesize=300, numberofitems=&nitems., from=&from., to=&to.);



------------------------------------------------------------------------------------------------

clean-up deleting 21 temporary data sets
WARNING: The negative of the Hessian is not positive definite. The convergence is questionable.
2                                                          The SAS System                              13:54 Tuesday, March 26, 2019

WARNING: The procedure is continuing but the validity of the model fit is questionable.
WARNING: The specified model did not converge.
WARNING: Negative of Hessian not positive definite.
clean-up deleting 76 temporary data sets
clean-up deleting 216 temporary data sets
clean-up deleting 73 temporary data sets



------------------------------------------------------------------------------------------------

clean-up deleting 93 temporary data sets
clean-up deleting 146 temporary data sets
clean-up deleting 216 temporary data sets
clean-up deleting 73 temporary data sets



------------------------------------------------------------------------------------------------

clean-up deleting 93 temporary data sets
WARNING: The negative of the Hessian is not positive definite. The convergence is questionable.
WARNING: The procedure is continuing but the validity of the model fit is questionable.
WARNING: The specified model did not converge.
WARNING: Negative of Hessian not positive definite.
clean-up deleting 146 temporary data sets
clean-up deleting 216 temporary data sets
clean-up deleting 73 temporary data sets



------------------------------------------------------------------------------------------------

clean-up deleting 93 temporary data sets
clean-up deleting 146 temporary data sets
clean-up deleting 216 temporary data sets
clean-up deleting 73 temporary data sets



------------------------------------------------------------------------------------------------

clean-up deleting 93 temporary data sets
clean-up deleting 146 temporary data sets
clean-up deleting 216 temporary data sets
clean-up deleting 73 temporary data sets



------------------------------------------------------------------------------------------------

clean-up deleting 93 temporary data sets
clean-up deleting 146 temporary data sets
clean-up deleting 216 temporary data sets
clean-up deleting 73 temporary data sets



3                                                          The SAS System                              13:54 Tuesday, March 26, 2019

------------------------------------------------------------------------------------------------

clean-up deleting 93 temporary data sets
clean-up deleting 146 temporary data sets
clean-up deleting 216 temporary data sets
clean-up deleting 73 temporary data sets



------------------------------------------------------------------------------------------------

clean-up deleting 93 temporary data sets
clean-up deleting 146 temporary data sets
clean-up deleting 216 temporary data sets
clean-up deleting 73 temporary data sets



------------------------------------------------------------------------------------------------

clean-up deleting 93 temporary data sets
clean-up deleting 146 temporary data sets
clean-up deleting 216 temporary data sets
clean-up deleting 73 temporary data sets



------------------------------------------------------------------------------------------------

clean-up deleting 93 temporary data sets
WARNING: The negative of the Hessian is not positive definite. The convergence is questionable.
WARNING: The procedure is continuing but the validity of the model fit is questionable.
WARNING: The specified model did not converge.
WARNING: Negative of Hessian not positive definite.
clean-up deleting 146 temporary data sets
clean-up deleting 216 temporary data sets
clean-up deleting 73 temporary data sets



------------------------------------------------------------------------------------------------

clean-up deleting 93 temporary data sets
clean-up deleting 146 temporary data sets
clean-up deleting 216 temporary data sets
clean-up deleting 73 temporary data sets



------------------------------------------------------------------------------------------------

clean-up deleting 93 temporary data sets
clean-up deleting 146 temporary data sets
clean-up deleting 216 temporary data sets
clean-up deleting 73 temporary data sets



4                                                          The SAS System                              13:54 Tuesday, March 26, 2019

------------------------------------------------------------------------------------------------

clean-up deleting 93 temporary data sets
clean-up deleting 146 temporary data sets
clean-up deleting 216 temporary data sets
clean-up deleting 73 temporary data sets



------------------------------------------------------------------------------------------------

clean-up deleting 93 temporary data sets
clean-up deleting 146 temporary data sets
clean-up deleting 216 temporary data sets
clean-up deleting 73 temporary data sets



------------------------------------------------------------------------------------------------

clean-up deleting 93 temporary data sets
WARNING: The negative of the Hessian is not positive definite. The convergence is questionable.
WARNING: The procedure is continuing but the validity of the model fit is questionable.
WARNING: The specified model did not converge.
WARNING: Negative of Hessian not positive definite.
clean-up deleting 146 temporary data sets
clean-up deleting 216 temporary data sets
clean-up deleting 73 temporary data sets



------------------------------------------------------------------------------------------------

clean-up deleting 93 temporary data sets
clean-up deleting 146 temporary data sets
clean-up deleting 216 temporary data sets
clean-up deleting 73 temporary data sets



------------------------------------------------------------------------------------------------

clean-up deleting 93 temporary data sets
WARNING: The negative of the Hessian is not positive definite. The convergence is questionable.
WARNING: The procedure is continuing but the validity of the model fit is questionable.
WARNING: The specified model did not converge.
WARNING: Negative of Hessian not positive definite.
clean-up deleting 146 temporary data sets
clean-up deleting 216 temporary data sets
clean-up deleting 73 temporary data sets



------------------------------------------------------------------------------------------------

clean-up deleting 93 temporary data sets
clean-up deleting 146 temporary data sets
clean-up deleting 216 temporary data sets
5                                                          The SAS System                              13:54 Tuesday, March 26, 2019

clean-up deleting 73 temporary data sets



------------------------------------------------------------------------------------------------

clean-up deleting 93 temporary data sets
clean-up deleting 146 temporary data sets
clean-up deleting 216 temporary data sets
clean-up deleting 73 temporary data sets



------------------------------------------------------------------------------------------------

clean-up deleting 93 temporary data sets
clean-up deleting 146 temporary data sets
clean-up deleting 216 temporary data sets
clean-up deleting 73 temporary data sets



------------------------------------------------------------------------------------------------

clean-up deleting 93 temporary data sets
clean-up deleting 146 temporary data sets
clean-up deleting 216 temporary data sets
clean-up deleting 73 temporary data sets



------------------------------------------------------------------------------------------------

clean-up deleting 93 temporary data sets
clean-up deleting 146 temporary data sets
clean-up deleting 216 temporary data sets
clean-up deleting 73 temporary data sets



------------------------------------------------------------------------------------------------

clean-up deleting 93 temporary data sets
WARNING: The negative of the Hessian is not positive definite. The convergence is questionable.
WARNING: The procedure is continuing but the validity of the model fit is questionable.
WARNING: The specified model did not converge.
WARNING: Negative of Hessian not positive definite.
clean-up deleting 146 temporary data sets
clean-up deleting 216 temporary data sets
clean-up deleting 73 temporary data sets



------------------------------------------------------------------------------------------------

clean-up deleting 93 temporary data sets
clean-up deleting 146 temporary data sets
clean-up deleting 216 temporary data sets
6                                                          The SAS System                              13:54 Tuesday, March 26, 2019

clean-up deleting 73 temporary data sets



------------------------------------------------------------------------------------------------

clean-up deleting 93 temporary data sets
clean-up deleting 146 temporary data sets
clean-up deleting 216 temporary data sets
clean-up deleting 73 temporary data sets



------------------------------------------------------------------------------------------------

clean-up deleting 93 temporary data sets
clean-up deleting 146 temporary data sets
clean-up deleting 216 temporary data sets
clean-up deleting 73 temporary data sets



------------------------------------------------------------------------------------------------

clean-up deleting 93 temporary data sets
clean-up deleting 146 temporary data sets
clean-up deleting 216 temporary data sets
clean-up deleting 73 temporary data sets



------------------------------------------------------------------------------------------------

clean-up deleting 93 temporary data sets
clean-up deleting 146 temporary data sets
clean-up deleting 216 temporary data sets
clean-up deleting 73 temporary data sets



------------------------------------------------------------------------------------------------

clean-up deleting 93 temporary data sets
WARNING: The negative of the Hessian is not positive definite. The convergence is questionable.
WARNING: The procedure is continuing but the validity of the model fit is questionable.
WARNING: The specified model did not converge.
WARNING: Negative of Hessian not positive definite.
clean-up deleting 146 temporary data sets
clean-up deleting 216 temporary data sets
clean-up deleting 73 temporary data sets



------------------------------------------------------------------------------------------------

clean-up deleting 93 temporary data sets
clean-up deleting 146 temporary data sets
clean-up deleting 216 temporary data sets
7                                                          The SAS System                              13:54 Tuesday, March 26, 2019

clean-up deleting 73 temporary data sets



------------------------------------------------------------------------------------------------

clean-up deleting 93 temporary data sets
WARNING: The negative of the Hessian is not positive definite. The convergence is questionable.
WARNING: The procedure is continuing but the validity of the model fit is questionable.
WARNING: The specified model did not converge.
WARNING: Negative of Hessian not positive definite.
clean-up deleting 146 temporary data sets
clean-up deleting 216 temporary data sets
clean-up deleting 73 temporary data sets



------------------------------------------------------------------------------------------------

clean-up deleting 93 temporary data sets
clean-up deleting 146 temporary data sets
clean-up deleting 216 temporary data sets
clean-up deleting 73 temporary data sets



------------------------------------------------------------------------------------------------

clean-up deleting 93 temporary data sets
clean-up deleting 146 temporary data sets
clean-up deleting 216 temporary data sets
clean-up deleting 73 temporary data sets



------------------------------------------------------------------------------------------------

clean-up deleting 93 temporary data sets
clean-up deleting 146 temporary data sets
clean-up deleting 216 temporary data sets
clean-up deleting 73 temporary data sets



------------------------------------------------------------------------------------------------

clean-up deleting 93 temporary data sets
clean-up deleting 146 temporary data sets
clean-up deleting 216 temporary data sets
clean-up deleting 73 temporary data sets



------------------------------------------------------------------------------------------------

clean-up deleting 93 temporary data sets
clean-up deleting 146 temporary data sets
clean-up deleting 216 temporary data sets
8                                                          The SAS System                              13:54 Tuesday, March 26, 2019

clean-up deleting 73 temporary data sets



------------------------------------------------------------------------------------------------

clean-up deleting 93 temporary data sets
clean-up deleting 146 temporary data sets
clean-up deleting 216 temporary data sets
clean-up deleting 73 temporary data sets



------------------------------------------------------------------------------------------------

clean-up deleting 93 temporary data sets
clean-up deleting 146 temporary data sets
clean-up deleting 216 temporary data sets
clean-up deleting 73 temporary data sets



------------------------------------------------------------------------------------------------

clean-up deleting 93 temporary data sets
clean-up deleting 146 temporary data sets
clean-up deleting 216 temporary data sets
clean-up deleting 73 temporary data sets



------------------------------------------------------------------------------------------------

clean-up deleting 93 temporary data sets
clean-up deleting 146 temporary data sets
clean-up deleting 216 temporary data sets
clean-up deleting 73 temporary data sets



------------------------------------------------------------------------------------------------

clean-up deleting 93 temporary data sets
WARNING: The negative of the Hessian is not positive definite. The convergence is questionable.
WARNING: The procedure is continuing but the validity of the model fit is questionable.
WARNING: The specified model did not converge.
WARNING: Negative of Hessian not positive definite.
clean-up deleting 146 temporary data sets
clean-up deleting 216 temporary data sets
clean-up deleting 73 temporary data sets



------------------------------------------------------------------------------------------------

clean-up deleting 93 temporary data sets
clean-up deleting 146 temporary data sets
clean-up deleting 216 temporary data sets
9                                                          The SAS System                              13:54 Tuesday, March 26, 2019

clean-up deleting 73 temporary data sets



------------------------------------------------------------------------------------------------

clean-up deleting 93 temporary data sets
clean-up deleting 146 temporary data sets
clean-up deleting 216 temporary data sets
clean-up deleting 73 temporary data sets



------------------------------------------------------------------------------------------------

clean-up deleting 93 temporary data sets
clean-up deleting 146 temporary data sets
clean-up deleting 216 temporary data sets
clean-up deleting 73 temporary data sets



------------------------------------------------------------------------------------------------

clean-up deleting 93 temporary data sets
WARNING: The negative of the Hessian is not positive definite. The convergence is questionable.
WARNING: The procedure is continuing but the validity of the model fit is questionable.
WARNING: The specified model did not converge.
WARNING: Negative of Hessian not positive definite.
clean-up deleting 146 temporary data sets
clean-up deleting 216 temporary data sets
clean-up deleting 73 temporary data sets



------------------------------------------------------------------------------------------------

clean-up deleting 93 temporary data sets
WARNING: The negative of the Hessian is not positive definite. The convergence is questionable.
WARNING: The procedure is continuing but the validity of the model fit is questionable.
WARNING: The specified model did not converge.
WARNING: Negative of Hessian not positive definite.
clean-up deleting 146 temporary data sets
clean-up deleting 216 temporary data sets
clean-up deleting 73 temporary data sets



------------------------------------------------------------------------------------------------

clean-up deleting 93 temporary data sets
WARNING: The negative of the Hessian is not positive definite. The convergence is questionable.
WARNING: The procedure is continuing but the validity of the model fit is questionable.
WARNING: The specified model did not converge.
WARNING: Negative of Hessian not positive definite.
clean-up deleting 146 temporary data sets
clean-up deleting 216 temporary data sets
clean-up deleting 73 temporary data sets
10                                                         The SAS System                              13:54 Tuesday, March 26, 2019




------------------------------------------------------------------------------------------------

clean-up deleting 93 temporary data sets
clean-up deleting 146 temporary data sets
clean-up deleting 216 temporary data sets
clean-up deleting 73 temporary data sets



------------------------------------------------------------------------------------------------

clean-up deleting 93 temporary data sets
clean-up deleting 146 temporary data sets
clean-up deleting 216 temporary data sets
clean-up deleting 73 temporary data sets



------------------------------------------------------------------------------------------------

clean-up deleting 93 temporary data sets
clean-up deleting 146 temporary data sets
clean-up deleting 216 temporary data sets
clean-up deleting 73 temporary data sets
3535       %simu(samplesize=350, numberofitems=&nitems., from=&from., to=&to.);



------------------------------------------------------------------------------------------------

clean-up deleting 93 temporary data sets
WARNING: The negative of the Hessian is not positive definite. The convergence is questionable.
WARNING: The procedure is continuing but the validity of the model fit is questionable.
WARNING: The specified model did not converge.
WARNING: Negative of Hessian not positive definite.
clean-up deleting 146 temporary data sets
clean-up deleting 216 temporary data sets
clean-up deleting 73 temporary data sets



------------------------------------------------------------------------------------------------

clean-up deleting 93 temporary data sets
clean-up deleting 146 temporary data sets
clean-up deleting 216 temporary data sets
clean-up deleting 73 temporary data sets



------------------------------------------------------------------------------------------------

clean-up deleting 93 temporary data sets
clean-up deleting 146 temporary data sets
clean-up deleting 216 temporary data sets
11                                                         The SAS System                              13:54 Tuesday, March 26, 2019

clean-up deleting 73 temporary data sets



------------------------------------------------------------------------------------------------

clean-up deleting 93 temporary data sets
clean-up deleting 146 temporary data sets
clean-up deleting 216 temporary data sets
clean-up deleting 73 temporary data sets



------------------------------------------------------------------------------------------------

clean-up deleting 93 temporary data sets
clean-up deleting 146 temporary data sets
clean-up deleting 216 temporary data sets
clean-up deleting 73 temporary data sets



------------------------------------------------------------------------------------------------

clean-up deleting 93 temporary data sets
clean-up deleting 146 temporary data sets
clean-up deleting 216 temporary data sets
clean-up deleting 73 temporary data sets



------------------------------------------------------------------------------------------------

clean-up deleting 93 temporary data sets
WARNING: The negative of the Hessian is not positive definite. The convergence is questionable.
WARNING: The procedure is continuing but the validity of the model fit is questionable.
WARNING: The specified model did not converge.
WARNING: Negative of Hessian not positive definite.
clean-up deleting 146 temporary data sets
clean-up deleting 216 temporary data sets
clean-up deleting 73 temporary data sets



------------------------------------------------------------------------------------------------

clean-up deleting 93 temporary data sets
clean-up deleting 146 temporary data sets
clean-up deleting 216 temporary data sets
clean-up deleting 73 temporary data sets



------------------------------------------------------------------------------------------------

clean-up deleting 93 temporary data sets
clean-up deleting 146 temporary data sets
clean-up deleting 216 temporary data sets
12                                                         The SAS System                              13:54 Tuesday, March 26, 2019

clean-up deleting 73 temporary data sets



------------------------------------------------------------------------------------------------

clean-up deleting 93 temporary data sets
clean-up deleting 146 temporary data sets
clean-up deleting 216 temporary data sets
clean-up deleting 73 temporary data sets



------------------------------------------------------------------------------------------------

clean-up deleting 93 temporary data sets
clean-up deleting 146 temporary data sets
clean-up deleting 216 temporary data sets
clean-up deleting 73 temporary data sets



------------------------------------------------------------------------------------------------

clean-up deleting 93 temporary data sets
clean-up deleting 146 temporary data sets
clean-up deleting 216 temporary data sets
clean-up deleting 73 temporary data sets



------------------------------------------------------------------------------------------------

clean-up deleting 93 temporary data sets
clean-up deleting 146 temporary data sets
clean-up deleting 216 temporary data sets
clean-up deleting 73 temporary data sets



------------------------------------------------------------------------------------------------

clean-up deleting 93 temporary data sets
clean-up deleting 146 temporary data sets
clean-up deleting 216 temporary data sets
clean-up deleting 73 temporary data sets



------------------------------------------------------------------------------------------------

clean-up deleting 93 temporary data sets
clean-up deleting 146 temporary data sets
clean-up deleting 216 temporary data sets
clean-up deleting 73 temporary data sets



13                                                         The SAS System                              13:54 Tuesday, March 26, 2019

------------------------------------------------------------------------------------------------

clean-up deleting 93 temporary data sets
clean-up deleting 146 temporary data sets
clean-up deleting 216 temporary data sets
clean-up deleting 73 temporary data sets



------------------------------------------------------------------------------------------------

clean-up deleting 93 temporary data sets
clean-up deleting 146 temporary data sets
clean-up deleting 216 temporary data sets
clean-up deleting 73 temporary data sets



------------------------------------------------------------------------------------------------

clean-up deleting 93 temporary data sets
WARNING: The negative of the Hessian is not positive definite. The convergence is questionable.
WARNING: The procedure is continuing but the validity of the model fit is questionable.
WARNING: The specified model did not converge.
WARNING: Negative of Hessian not positive definite.
clean-up deleting 146 temporary data sets
clean-up deleting 216 temporary data sets
clean-up deleting 73 temporary data sets



------------------------------------------------------------------------------------------------

clean-up deleting 93 temporary data sets
clean-up deleting 146 temporary data sets
clean-up deleting 216 temporary data sets
clean-up deleting 73 temporary data sets



------------------------------------------------------------------------------------------------

clean-up deleting 93 temporary data sets
WARNING: The negative of the Hessian is not positive definite. The convergence is questionable.
WARNING: The procedure is continuing but the validity of the model fit is questionable.
WARNING: The specified model did not converge.
WARNING: Negative of Hessian not positive definite.
clean-up deleting 146 temporary data sets
clean-up deleting 216 temporary data sets
clean-up deleting 73 temporary data sets



------------------------------------------------------------------------------------------------

clean-up deleting 93 temporary data sets
clean-up deleting 146 temporary data sets
clean-up deleting 216 temporary data sets
14                                                         The SAS System                              13:54 Tuesday, March 26, 2019

clean-up deleting 73 temporary data sets



------------------------------------------------------------------------------------------------

clean-up deleting 93 temporary data sets
clean-up deleting 146 temporary data sets
clean-up deleting 216 temporary data sets
clean-up deleting 73 temporary data sets



------------------------------------------------------------------------------------------------

clean-up deleting 93 temporary data sets
clean-up deleting 146 temporary data sets
clean-up deleting 216 temporary data sets
clean-up deleting 73 temporary data sets



------------------------------------------------------------------------------------------------

clean-up deleting 93 temporary data sets
clean-up deleting 146 temporary data sets
clean-up deleting 216 temporary data sets
clean-up deleting 73 temporary data sets



------------------------------------------------------------------------------------------------

clean-up deleting 93 temporary data sets
WARNING: The negative of the Hessian is not positive definite. The convergence is questionable.
WARNING: The procedure is continuing but the validity of the model fit is questionable.
WARNING: The specified model did not converge.
WARNING: Negative of Hessian not positive definite.
clean-up deleting 146 temporary data sets
clean-up deleting 216 temporary data sets
clean-up deleting 73 temporary data sets



------------------------------------------------------------------------------------------------

clean-up deleting 93 temporary data sets
clean-up deleting 146 temporary data sets
clean-up deleting 216 temporary data sets
clean-up deleting 73 temporary data sets



------------------------------------------------------------------------------------------------

clean-up deleting 93 temporary data sets
clean-up deleting 146 temporary data sets
clean-up deleting 216 temporary data sets
15                                                         The SAS System                              13:54 Tuesday, March 26, 2019

clean-up deleting 73 temporary data sets



------------------------------------------------------------------------------------------------

clean-up deleting 93 temporary data sets
clean-up deleting 146 temporary data sets
clean-up deleting 216 temporary data sets
clean-up deleting 73 temporary data sets



------------------------------------------------------------------------------------------------

clean-up deleting 93 temporary data sets
clean-up deleting 146 temporary data sets
clean-up deleting 216 temporary data sets
clean-up deleting 73 temporary data sets



------------------------------------------------------------------------------------------------

clean-up deleting 93 temporary data sets
clean-up deleting 146 temporary data sets
clean-up deleting 216 temporary data sets
clean-up deleting 73 temporary data sets



------------------------------------------------------------------------------------------------

clean-up deleting 93 temporary data sets
clean-up deleting 146 temporary data sets
clean-up deleting 216 temporary data sets
clean-up deleting 73 temporary data sets



------------------------------------------------------------------------------------------------

clean-up deleting 93 temporary data sets
WARNING: The negative of the Hessian is not positive definite. The convergence is questionable.
WARNING: The procedure is continuing but the validity of the model fit is questionable.
WARNING: The specified model did not converge.
WARNING: Negative of Hessian not positive definite.
clean-up deleting 146 temporary data sets
clean-up deleting 216 temporary data sets
clean-up deleting 73 temporary data sets



------------------------------------------------------------------------------------------------

clean-up deleting 93 temporary data sets
clean-up deleting 146 temporary data sets
clean-up deleting 216 temporary data sets
16                                                         The SAS System                              13:54 Tuesday, March 26, 2019

clean-up deleting 73 temporary data sets



------------------------------------------------------------------------------------------------

clean-up deleting 93 temporary data sets
clean-up deleting 146 temporary data sets
clean-up deleting 216 temporary data sets
clean-up deleting 73 temporary data sets



------------------------------------------------------------------------------------------------

clean-up deleting 93 temporary data sets
WARNING: The negative of the Hessian is not positive definite. The convergence is questionable.
WARNING: The procedure is continuing but the validity of the model fit is questionable.
WARNING: The specified model did not converge.
WARNING: Negative of Hessian not positive definite.
clean-up deleting 146 temporary data sets
clean-up deleting 216 temporary data sets
clean-up deleting 73 temporary data sets



------------------------------------------------------------------------------------------------

clean-up deleting 93 temporary data sets
clean-up deleting 146 temporary data sets
clean-up deleting 216 temporary data sets
clean-up deleting 73 temporary data sets



------------------------------------------------------------------------------------------------

clean-up deleting 93 temporary data sets
clean-up deleting 146 temporary data sets
clean-up deleting 216 temporary data sets
clean-up deleting 73 temporary data sets



------------------------------------------------------------------------------------------------

clean-up deleting 93 temporary data sets
clean-up deleting 146 temporary data sets
clean-up deleting 216 temporary data sets
clean-up deleting 73 temporary data sets



------------------------------------------------------------------------------------------------

clean-up deleting 93 temporary data sets
clean-up deleting 146 temporary data sets
clean-up deleting 216 temporary data sets
17                                                         The SAS System                              13:54 Tuesday, March 26, 2019

clean-up deleting 73 temporary data sets



------------------------------------------------------------------------------------------------

clean-up deleting 93 temporary data sets
clean-up deleting 146 temporary data sets
clean-up deleting 216 temporary data sets
clean-up deleting 73 temporary data sets



------------------------------------------------------------------------------------------------

clean-up deleting 93 temporary data sets
clean-up deleting 146 temporary data sets
clean-up deleting 216 temporary data sets
clean-up deleting 73 temporary data sets



------------------------------------------------------------------------------------------------

clean-up deleting 93 temporary data sets
WARNING: The negative of the Hessian is not positive definite. The convergence is questionable.
WARNING: The procedure is continuing but the validity of the model fit is questionable.
WARNING: The specified model did not converge.
WARNING: Negative of Hessian not positive definite.
clean-up deleting 146 temporary data sets
clean-up deleting 216 temporary data sets
clean-up deleting 73 temporary data sets



------------------------------------------------------------------------------------------------

clean-up deleting 93 temporary data sets
clean-up deleting 146 temporary data sets
clean-up deleting 216 temporary data sets
clean-up deleting 73 temporary data sets



------------------------------------------------------------------------------------------------

clean-up deleting 93 temporary data sets
clean-up deleting 146 temporary data sets
clean-up deleting 216 temporary data sets
clean-up deleting 73 temporary data sets



------------------------------------------------------------------------------------------------

clean-up deleting 93 temporary data sets
clean-up deleting 146 temporary data sets
clean-up deleting 216 temporary data sets
18                                                         The SAS System                              13:54 Tuesday, March 26, 2019

clean-up deleting 73 temporary data sets



------------------------------------------------------------------------------------------------

clean-up deleting 93 temporary data sets
clean-up deleting 146 temporary data sets
clean-up deleting 216 temporary data sets
clean-up deleting 73 temporary data sets



------------------------------------------------------------------------------------------------

clean-up deleting 93 temporary data sets
clean-up deleting 146 temporary data sets
clean-up deleting 216 temporary data sets
clean-up deleting 73 temporary data sets



------------------------------------------------------------------------------------------------

clean-up deleting 93 temporary data sets
WARNING: The negative of the Hessian is not positive definite. The convergence is questionable.
WARNING: The procedure is continuing but the validity of the model fit is questionable.
WARNING: The specified model did not converge.
WARNING: Negative of Hessian not positive definite.
clean-up deleting 146 temporary data sets
clean-up deleting 216 temporary data sets
clean-up deleting 73 temporary data sets



------------------------------------------------------------------------------------------------

clean-up deleting 93 temporary data sets
clean-up deleting 146 temporary data sets
clean-up deleting 216 temporary data sets
clean-up deleting 73 temporary data sets



------------------------------------------------------------------------------------------------

clean-up deleting 93 temporary data sets
WARNING: The negative of the Hessian is not positive definite. The convergence is questionable.
WARNING: The procedure is continuing but the validity of the model fit is questionable.
WARNING: The specified model did not converge.
WARNING: Negative of Hessian not positive definite.
clean-up deleting 146 temporary data sets
clean-up deleting 216 temporary data sets
clean-up deleting 73 temporary data sets
3536       %simu(samplesize=400, numberofitems=&nitems., from=&from., to=&to.);



19                                                         The SAS System                              13:54 Tuesday, March 26, 2019

------------------------------------------------------------------------------------------------

clean-up deleting 93 temporary data sets
clean-up deleting 146 temporary data sets
clean-up deleting 216 temporary data sets
clean-up deleting 73 temporary data sets



------------------------------------------------------------------------------------------------

clean-up deleting 93 temporary data sets
clean-up deleting 146 temporary data sets
clean-up deleting 216 temporary data sets
clean-up deleting 73 temporary data sets



------------------------------------------------------------------------------------------------

clean-up deleting 93 temporary data sets
clean-up deleting 146 temporary data sets
clean-up deleting 216 temporary data sets
clean-up deleting 73 temporary data sets



------------------------------------------------------------------------------------------------

clean-up deleting 93 temporary data sets
clean-up deleting 146 temporary data sets
clean-up deleting 216 temporary data sets
clean-up deleting 73 temporary data sets



------------------------------------------------------------------------------------------------

clean-up deleting 93 temporary data sets
clean-up deleting 146 temporary data sets
clean-up deleting 216 temporary data sets
clean-up deleting 73 temporary data sets



------------------------------------------------------------------------------------------------

clean-up deleting 93 temporary data sets
clean-up deleting 146 temporary data sets
clean-up deleting 216 temporary data sets
clean-up deleting 73 temporary data sets



------------------------------------------------------------------------------------------------

clean-up deleting 93 temporary data sets
clean-up deleting 146 temporary data sets
20                                                         The SAS System                              13:54 Tuesday, March 26, 2019

clean-up deleting 216 temporary data sets
clean-up deleting 73 temporary data sets



------------------------------------------------------------------------------------------------

clean-up deleting 93 temporary data sets
clean-up deleting 146 temporary data sets
clean-up deleting 216 temporary data sets
clean-up deleting 73 temporary data sets



------------------------------------------------------------------------------------------------

clean-up deleting 93 temporary data sets
WARNING: The negative of the Hessian is not positive definite. The convergence is questionable.
WARNING: The procedure is continuing but the validity of the model fit is questionable.
WARNING: The specified model did not converge.
WARNING: Negative of Hessian not positive definite.
clean-up deleting 146 temporary data sets
clean-up deleting 216 temporary data sets
clean-up deleting 73 temporary data sets



------------------------------------------------------------------------------------------------

clean-up deleting 93 temporary data sets
clean-up deleting 146 temporary data sets
clean-up deleting 216 temporary data sets
clean-up deleting 73 temporary data sets



------------------------------------------------------------------------------------------------

clean-up deleting 93 temporary data sets
WARNING: The negative of the Hessian is not positive definite. The convergence is questionable.
WARNING: The procedure is continuing but the validity of the model fit is questionable.
WARNING: The specified model did not converge.
WARNING: Negative of Hessian not positive definite.
clean-up deleting 146 temporary data sets
clean-up deleting 216 temporary data sets
clean-up deleting 73 temporary data sets



------------------------------------------------------------------------------------------------

clean-up deleting 93 temporary data sets
clean-up deleting 146 temporary data sets
clean-up deleting 216 temporary data sets
clean-up deleting 73 temporary data sets



21                                                         The SAS System                              13:54 Tuesday, March 26, 2019

------------------------------------------------------------------------------------------------

clean-up deleting 93 temporary data sets
clean-up deleting 146 temporary data sets
clean-up deleting 216 temporary data sets
clean-up deleting 73 temporary data sets



------------------------------------------------------------------------------------------------

clean-up deleting 93 temporary data sets
clean-up deleting 146 temporary data sets
clean-up deleting 216 temporary data sets
clean-up deleting 73 temporary data sets



------------------------------------------------------------------------------------------------

clean-up deleting 93 temporary data sets
clean-up deleting 146 temporary data sets
clean-up deleting 216 temporary data sets
clean-up deleting 73 temporary data sets



------------------------------------------------------------------------------------------------

clean-up deleting 93 temporary data sets
clean-up deleting 146 temporary data sets
clean-up deleting 216 temporary data sets
clean-up deleting 73 temporary data sets



------------------------------------------------------------------------------------------------

clean-up deleting 93 temporary data sets
clean-up deleting 146 temporary data sets
clean-up deleting 216 temporary data sets
clean-up deleting 73 temporary data sets



------------------------------------------------------------------------------------------------

clean-up deleting 93 temporary data sets
clean-up deleting 146 temporary data sets
clean-up deleting 216 temporary data sets
clean-up deleting 73 temporary data sets



------------------------------------------------------------------------------------------------

clean-up deleting 93 temporary data sets
clean-up deleting 146 temporary data sets
22                                                         The SAS System                              13:54 Tuesday, March 26, 2019

clean-up deleting 216 temporary data sets
clean-up deleting 73 temporary data sets



------------------------------------------------------------------------------------------------

clean-up deleting 93 temporary data sets
clean-up deleting 146 temporary data sets
clean-up deleting 216 temporary data sets
clean-up deleting 73 temporary data sets



------------------------------------------------------------------------------------------------

clean-up deleting 93 temporary data sets
clean-up deleting 146 temporary data sets
clean-up deleting 216 temporary data sets
clean-up deleting 73 temporary data sets



------------------------------------------------------------------------------------------------

clean-up deleting 93 temporary data sets
clean-up deleting 146 temporary data sets
clean-up deleting 216 temporary data sets
clean-up deleting 73 temporary data sets



------------------------------------------------------------------------------------------------

clean-up deleting 93 temporary data sets
clean-up deleting 146 temporary data sets
clean-up deleting 216 temporary data sets
clean-up deleting 73 temporary data sets



------------------------------------------------------------------------------------------------

clean-up deleting 93 temporary data sets
clean-up deleting 146 temporary data sets
clean-up deleting 216 temporary data sets
clean-up deleting 73 temporary data sets



------------------------------------------------------------------------------------------------

clean-up deleting 93 temporary data sets
clean-up deleting 146 temporary data sets
clean-up deleting 216 temporary data sets
clean-up deleting 73 temporary data sets


23                                                         The SAS System                              13:54 Tuesday, March 26, 2019


------------------------------------------------------------------------------------------------

clean-up deleting 93 temporary data sets
clean-up deleting 146 temporary data sets
clean-up deleting 216 temporary data sets
clean-up deleting 73 temporary data sets



------------------------------------------------------------------------------------------------

clean-up deleting 93 temporary data sets
WARNING: The negative of the Hessian is not positive definite. The convergence is questionable.
WARNING: The procedure is continuing but the validity of the model fit is questionable.
WARNING: The specified model did not converge.
WARNING: Negative of Hessian not positive definite.
clean-up deleting 146 temporary data sets
clean-up deleting 216 temporary data sets
clean-up deleting 73 temporary data sets



------------------------------------------------------------------------------------------------

clean-up deleting 93 temporary data sets
WARNING: The negative of the Hessian is not positive definite. The convergence is questionable.
WARNING: The procedure is continuing but the validity of the model fit is questionable.
WARNING: The specified model did not converge.
WARNING: Negative of Hessian not positive definite.
clean-up deleting 146 temporary data sets
clean-up deleting 216 temporary data sets
clean-up deleting 73 temporary data sets



------------------------------------------------------------------------------------------------

clean-up deleting 93 temporary data sets
clean-up deleting 146 temporary data sets
clean-up deleting 216 temporary data sets
clean-up deleting 73 temporary data sets



------------------------------------------------------------------------------------------------

clean-up deleting 93 temporary data sets
clean-up deleting 146 temporary data sets
clean-up deleting 216 temporary data sets
clean-up deleting 73 temporary data sets



------------------------------------------------------------------------------------------------

clean-up deleting 93 temporary data sets
clean-up deleting 146 temporary data sets
24                                                         The SAS System                              13:54 Tuesday, March 26, 2019

clean-up deleting 216 temporary data sets
clean-up deleting 73 temporary data sets



------------------------------------------------------------------------------------------------

clean-up deleting 93 temporary data sets
WARNING: The negative of the Hessian is not positive definite. The convergence is questionable.
WARNING: The procedure is continuing but the validity of the model fit is questionable.
WARNING: The specified model did not converge.
WARNING: Negative of Hessian not positive definite.
clean-up deleting 146 temporary data sets
clean-up deleting 216 temporary data sets
clean-up deleting 73 temporary data sets



------------------------------------------------------------------------------------------------

clean-up deleting 93 temporary data sets
clean-up deleting 146 temporary data sets
clean-up deleting 216 temporary data sets
clean-up deleting 73 temporary data sets



------------------------------------------------------------------------------------------------

clean-up deleting 93 temporary data sets
clean-up deleting 146 temporary data sets
clean-up deleting 216 temporary data sets
clean-up deleting 73 temporary data sets



------------------------------------------------------------------------------------------------

clean-up deleting 93 temporary data sets
clean-up deleting 146 temporary data sets
clean-up deleting 216 temporary data sets
clean-up deleting 73 temporary data sets



------------------------------------------------------------------------------------------------

clean-up deleting 93 temporary data sets
clean-up deleting 146 temporary data sets
clean-up deleting 216 temporary data sets
clean-up deleting 73 temporary data sets



------------------------------------------------------------------------------------------------

clean-up deleting 93 temporary data sets
clean-up deleting 146 temporary data sets
25                                                         The SAS System                              13:54 Tuesday, March 26, 2019

clean-up deleting 216 temporary data sets
clean-up deleting 73 temporary data sets



------------------------------------------------------------------------------------------------

clean-up deleting 93 temporary data sets
clean-up deleting 146 temporary data sets
clean-up deleting 216 temporary data sets
clean-up deleting 73 temporary data sets



------------------------------------------------------------------------------------------------

clean-up deleting 93 temporary data sets
clean-up deleting 146 temporary data sets
clean-up deleting 216 temporary data sets
clean-up deleting 73 temporary data sets



------------------------------------------------------------------------------------------------

clean-up deleting 93 temporary data sets
clean-up deleting 146 temporary data sets
clean-up deleting 216 temporary data sets
clean-up deleting 73 temporary data sets



------------------------------------------------------------------------------------------------

clean-up deleting 93 temporary data sets
clean-up deleting 146 temporary data sets
clean-up deleting 216 temporary data sets
clean-up deleting 73 temporary data sets



------------------------------------------------------------------------------------------------

clean-up deleting 93 temporary data sets
clean-up deleting 146 temporary data sets
clean-up deleting 216 temporary data sets
clean-up deleting 73 temporary data sets



------------------------------------------------------------------------------------------------

clean-up deleting 93 temporary data sets
clean-up deleting 146 temporary data sets
clean-up deleting 216 temporary data sets
clean-up deleting 73 temporary data sets


26                                                         The SAS System                              13:54 Tuesday, March 26, 2019


------------------------------------------------------------------------------------------------

clean-up deleting 93 temporary data sets
clean-up deleting 146 temporary data sets
clean-up deleting 216 temporary data sets
clean-up deleting 73 temporary data sets



------------------------------------------------------------------------------------------------

clean-up deleting 93 temporary data sets
clean-up deleting 146 temporary data sets
clean-up deleting 216 temporary data sets
clean-up deleting 73 temporary data sets



------------------------------------------------------------------------------------------------

clean-up deleting 93 temporary data sets
WARNING: The negative of the Hessian is not positive definite. The convergence is questionable.
WARNING: The procedure is continuing but the validity of the model fit is questionable.
WARNING: The specified model did not converge.
WARNING: Negative of Hessian not positive definite.
clean-up deleting 146 temporary data sets
clean-up deleting 216 temporary data sets
clean-up deleting 73 temporary data sets



------------------------------------------------------------------------------------------------

clean-up deleting 93 temporary data sets
clean-up deleting 146 temporary data sets
clean-up deleting 216 temporary data sets
clean-up deleting 73 temporary data sets



------------------------------------------------------------------------------------------------

clean-up deleting 93 temporary data sets
clean-up deleting 146 temporary data sets
clean-up deleting 216 temporary data sets
clean-up deleting 73 temporary data sets



------------------------------------------------------------------------------------------------

clean-up deleting 93 temporary data sets
clean-up deleting 146 temporary data sets
clean-up deleting 216 temporary data sets
clean-up deleting 73 temporary data sets


27                                                         The SAS System                              13:54 Tuesday, March 26, 2019


------------------------------------------------------------------------------------------------

clean-up deleting 93 temporary data sets
clean-up deleting 146 temporary data sets
clean-up deleting 216 temporary data sets
clean-up deleting 73 temporary data sets
3537       %simu(samplesize=450, numberofitems=&nitems., from=&from., to=&to.);



------------------------------------------------------------------------------------------------

clean-up deleting 93 temporary data sets
clean-up deleting 146 temporary data sets
clean-up deleting 216 temporary data sets
clean-up deleting 73 temporary data sets



------------------------------------------------------------------------------------------------

clean-up deleting 93 temporary data sets
clean-up deleting 146 temporary data sets
clean-up deleting 216 temporary data sets
clean-up deleting 73 temporary data sets



------------------------------------------------------------------------------------------------

clean-up deleting 93 temporary data sets
clean-up deleting 146 temporary data sets
clean-up deleting 216 temporary data sets
clean-up deleting 73 temporary data sets



------------------------------------------------------------------------------------------------

clean-up deleting 93 temporary data sets
clean-up deleting 146 temporary data sets
clean-up deleting 216 temporary data sets
clean-up deleting 73 temporary data sets



------------------------------------------------------------------------------------------------

clean-up deleting 93 temporary data sets
clean-up deleting 146 temporary data sets
clean-up deleting 216 temporary data sets
clean-up deleting 73 temporary data sets



------------------------------------------------------------------------------------------------

28                                                         The SAS System                              13:54 Tuesday, March 26, 2019

clean-up deleting 93 temporary data sets
clean-up deleting 146 temporary data sets
clean-up deleting 216 temporary data sets
clean-up deleting 73 temporary data sets



------------------------------------------------------------------------------------------------

clean-up deleting 93 temporary data sets
clean-up deleting 146 temporary data sets
clean-up deleting 216 temporary data sets
clean-up deleting 73 temporary data sets



------------------------------------------------------------------------------------------------

clean-up deleting 93 temporary data sets
clean-up deleting 146 temporary data sets
clean-up deleting 216 temporary data sets
clean-up deleting 73 temporary data sets



------------------------------------------------------------------------------------------------

clean-up deleting 93 temporary data sets
clean-up deleting 146 temporary data sets
clean-up deleting 216 temporary data sets
clean-up deleting 73 temporary data sets



------------------------------------------------------------------------------------------------

clean-up deleting 93 temporary data sets
clean-up deleting 146 temporary data sets
clean-up deleting 216 temporary data sets
clean-up deleting 73 temporary data sets



------------------------------------------------------------------------------------------------

clean-up deleting 93 temporary data sets
clean-up deleting 146 temporary data sets
clean-up deleting 216 temporary data sets
clean-up deleting 73 temporary data sets



------------------------------------------------------------------------------------------------

clean-up deleting 93 temporary data sets
clean-up deleting 146 temporary data sets
clean-up deleting 216 temporary data sets
clean-up deleting 73 temporary data sets
29                                                         The SAS System                              13:54 Tuesday, March 26, 2019




------------------------------------------------------------------------------------------------

clean-up deleting 93 temporary data sets
clean-up deleting 146 temporary data sets
clean-up deleting 216 temporary data sets
clean-up deleting 73 temporary data sets



------------------------------------------------------------------------------------------------

clean-up deleting 93 temporary data sets
clean-up deleting 146 temporary data sets
clean-up deleting 216 temporary data sets
clean-up deleting 73 temporary data sets



------------------------------------------------------------------------------------------------

clean-up deleting 93 temporary data sets
clean-up deleting 146 temporary data sets
clean-up deleting 216 temporary data sets
clean-up deleting 73 temporary data sets



------------------------------------------------------------------------------------------------

clean-up deleting 93 temporary data sets
clean-up deleting 146 temporary data sets
clean-up deleting 216 temporary data sets
clean-up deleting 73 temporary data sets



------------------------------------------------------------------------------------------------

clean-up deleting 93 temporary data sets
clean-up deleting 146 temporary data sets
clean-up deleting 216 temporary data sets
clean-up deleting 73 temporary data sets



------------------------------------------------------------------------------------------------

clean-up deleting 93 temporary data sets
clean-up deleting 146 temporary data sets
clean-up deleting 216 temporary data sets
clean-up deleting 73 temporary data sets



------------------------------------------------------------------------------------------------
30                                                         The SAS System                              13:54 Tuesday, March 26, 2019


clean-up deleting 93 temporary data sets
clean-up deleting 146 temporary data sets
clean-up deleting 216 temporary data sets
clean-up deleting 73 temporary data sets



------------------------------------------------------------------------------------------------

clean-up deleting 93 temporary data sets
clean-up deleting 146 temporary data sets
clean-up deleting 216 temporary data sets
clean-up deleting 73 temporary data sets



------------------------------------------------------------------------------------------------

clean-up deleting 93 temporary data sets
clean-up deleting 146 temporary data sets
clean-up deleting 216 temporary data sets
clean-up deleting 73 temporary data sets



------------------------------------------------------------------------------------------------

clean-up deleting 93 temporary data sets
clean-up deleting 146 temporary data sets
clean-up deleting 216 temporary data sets
clean-up deleting 73 temporary data sets



------------------------------------------------------------------------------------------------

clean-up deleting 93 temporary data sets
clean-up deleting 146 temporary data sets
clean-up deleting 216 temporary data sets
clean-up deleting 73 temporary data sets



------------------------------------------------------------------------------------------------

clean-up deleting 93 temporary data sets
clean-up deleting 146 temporary data sets
clean-up deleting 216 temporary data sets
clean-up deleting 73 temporary data sets



------------------------------------------------------------------------------------------------

clean-up deleting 93 temporary data sets
clean-up deleting 146 temporary data sets
clean-up deleting 216 temporary data sets
31                                                         The SAS System                              13:54 Tuesday, March 26, 2019

clean-up deleting 73 temporary data sets



------------------------------------------------------------------------------------------------

clean-up deleting 93 temporary data sets
clean-up deleting 146 temporary data sets
clean-up deleting 216 temporary data sets
clean-up deleting 73 temporary data sets



------------------------------------------------------------------------------------------------

clean-up deleting 93 temporary data sets
clean-up deleting 146 temporary data sets
clean-up deleting 216 temporary data sets
clean-up deleting 73 temporary data sets



------------------------------------------------------------------------------------------------

clean-up deleting 93 temporary data sets
clean-up deleting 146 temporary data sets
clean-up deleting 216 temporary data sets
clean-up deleting 73 temporary data sets



------------------------------------------------------------------------------------------------

clean-up deleting 93 temporary data sets
clean-up deleting 146 temporary data sets
clean-up deleting 216 temporary data sets
clean-up deleting 73 temporary data sets



------------------------------------------------------------------------------------------------

clean-up deleting 93 temporary data sets
clean-up deleting 146 temporary data sets
clean-up deleting 216 temporary data sets
clean-up deleting 73 temporary data sets



------------------------------------------------------------------------------------------------

clean-up deleting 93 temporary data sets
clean-up deleting 146 temporary data sets
clean-up deleting 216 temporary data sets
clean-up deleting 73 temporary data sets



32                                                         The SAS System                              13:54 Tuesday, March 26, 2019

------------------------------------------------------------------------------------------------

clean-up deleting 93 temporary data sets
clean-up deleting 146 temporary data sets
clean-up deleting 216 temporary data sets
clean-up deleting 73 temporary data sets



------------------------------------------------------------------------------------------------

clean-up deleting 93 temporary data sets
clean-up deleting 146 temporary data sets
clean-up deleting 216 temporary data sets
clean-up deleting 73 temporary data sets



------------------------------------------------------------------------------------------------

clean-up deleting 93 temporary data sets
clean-up deleting 146 temporary data sets
clean-up deleting 216 temporary data sets
clean-up deleting 73 temporary data sets



------------------------------------------------------------------------------------------------

clean-up deleting 93 temporary data sets
clean-up deleting 146 temporary data sets
clean-up deleting 216 temporary data sets
clean-up deleting 73 temporary data sets



------------------------------------------------------------------------------------------------

clean-up deleting 93 temporary data sets
clean-up deleting 146 temporary data sets
clean-up deleting 216 temporary data sets
clean-up deleting 73 temporary data sets



------------------------------------------------------------------------------------------------

clean-up deleting 93 temporary data sets
WARNING: The negative of the Hessian is not positive definite. The convergence is questionable.
WARNING: The procedure is continuing but the validity of the model fit is questionable.
WARNING: The specified model did not converge.
WARNING: Negative of Hessian not positive definite.
clean-up deleting 146 temporary data sets
clean-up deleting 216 temporary data sets
clean-up deleting 73 temporary data sets



33                                                         The SAS System                              13:54 Tuesday, March 26, 2019

------------------------------------------------------------------------------------------------

clean-up deleting 93 temporary data sets
WARNING: The negative of the Hessian is not positive definite. The convergence is questionable.
WARNING: The procedure is continuing but the validity of the model fit is questionable.
WARNING: The specified model did not converge.
WARNING: Negative of Hessian not positive definite.
clean-up deleting 146 temporary data sets
clean-up deleting 216 temporary data sets
clean-up deleting 73 temporary data sets



------------------------------------------------------------------------------------------------

clean-up deleting 93 temporary data sets
clean-up deleting 146 temporary data sets
clean-up deleting 216 temporary data sets
clean-up deleting 73 temporary data sets



------------------------------------------------------------------------------------------------

clean-up deleting 93 temporary data sets
clean-up deleting 146 temporary data sets
clean-up deleting 216 temporary data sets
clean-up deleting 73 temporary data sets



------------------------------------------------------------------------------------------------

clean-up deleting 93 temporary data sets
clean-up deleting 146 temporary data sets
clean-up deleting 216 temporary data sets
clean-up deleting 73 temporary data sets



------------------------------------------------------------------------------------------------

clean-up deleting 93 temporary data sets
clean-up deleting 146 temporary data sets
clean-up deleting 216 temporary data sets
clean-up deleting 73 temporary data sets



------------------------------------------------------------------------------------------------

clean-up deleting 93 temporary data sets
clean-up deleting 146 temporary data sets
clean-up deleting 216 temporary data sets
clean-up deleting 73 temporary data sets



34                                                         The SAS System                              13:54 Tuesday, March 26, 2019

------------------------------------------------------------------------------------------------

clean-up deleting 93 temporary data sets
clean-up deleting 146 temporary data sets
clean-up deleting 216 temporary data sets
clean-up deleting 73 temporary data sets



------------------------------------------------------------------------------------------------

clean-up deleting 93 temporary data sets
clean-up deleting 146 temporary data sets
clean-up deleting 216 temporary data sets
clean-up deleting 73 temporary data sets



------------------------------------------------------------------------------------------------

clean-up deleting 93 temporary data sets
clean-up deleting 146 temporary data sets
clean-up deleting 216 temporary data sets
clean-up deleting 73 temporary data sets



------------------------------------------------------------------------------------------------

clean-up deleting 93 temporary data sets
clean-up deleting 146 temporary data sets
clean-up deleting 216 temporary data sets
clean-up deleting 73 temporary data sets



------------------------------------------------------------------------------------------------

clean-up deleting 93 temporary data sets
WARNING: The negative of the Hessian is not positive definite. The convergence is questionable.
WARNING: The procedure is continuing but the validity of the model fit is questionable.
WARNING: The specified model did not converge.
WARNING: Negative of Hessian not positive definite.
clean-up deleting 146 temporary data sets
clean-up deleting 216 temporary data sets
clean-up deleting 73 temporary data sets



------------------------------------------------------------------------------------------------

clean-up deleting 93 temporary data sets
clean-up deleting 146 temporary data sets
clean-up deleting 216 temporary data sets
clean-up deleting 73 temporary data sets



35                                                         The SAS System                              13:54 Tuesday, March 26, 2019

------------------------------------------------------------------------------------------------

clean-up deleting 93 temporary data sets
clean-up deleting 146 temporary data sets
clean-up deleting 216 temporary data sets
clean-up deleting 73 temporary data sets
3538       %simu(samplesize=500, numberofitems=&nitems., from=&from., to=&to.);



------------------------------------------------------------------------------------------------

clean-up deleting 93 temporary data sets
clean-up deleting 146 temporary data sets
clean-up deleting 216 temporary data sets
clean-up deleting 73 temporary data sets



------------------------------------------------------------------------------------------------

clean-up deleting 93 temporary data sets
clean-up deleting 146 temporary data sets
clean-up deleting 216 temporary data sets
clean-up deleting 73 temporary data sets



------------------------------------------------------------------------------------------------

clean-up deleting 93 temporary data sets
clean-up deleting 146 temporary data sets
clean-up deleting 216 temporary data sets
clean-up deleting 73 temporary data sets



------------------------------------------------------------------------------------------------

clean-up deleting 93 temporary data sets
clean-up deleting 146 temporary data sets
clean-up deleting 216 temporary data sets
clean-up deleting 73 temporary data sets



------------------------------------------------------------------------------------------------

clean-up deleting 93 temporary data sets
clean-up deleting 146 temporary data sets
clean-up deleting 216 temporary data sets
clean-up deleting 73 temporary data sets



------------------------------------------------------------------------------------------------

clean-up deleting 93 temporary data sets
36                                                         The SAS System                              13:54 Tuesday, March 26, 2019

clean-up deleting 146 temporary data sets
clean-up deleting 216 temporary data sets
clean-up deleting 73 temporary data sets



------------------------------------------------------------------------------------------------

clean-up deleting 93 temporary data sets
clean-up deleting 146 temporary data sets
clean-up deleting 216 temporary data sets
clean-up deleting 73 temporary data sets



------------------------------------------------------------------------------------------------

clean-up deleting 93 temporary data sets
clean-up deleting 146 temporary data sets
clean-up deleting 216 temporary data sets
clean-up deleting 73 temporary data sets



------------------------------------------------------------------------------------------------

clean-up deleting 93 temporary data sets
clean-up deleting 146 temporary data sets
clean-up deleting 216 temporary data sets
clean-up deleting 73 temporary data sets



------------------------------------------------------------------------------------------------

clean-up deleting 93 temporary data sets
clean-up deleting 146 temporary data sets
clean-up deleting 216 temporary data sets
clean-up deleting 73 temporary data sets



------------------------------------------------------------------------------------------------

clean-up deleting 93 temporary data sets
clean-up deleting 146 temporary data sets
clean-up deleting 216 temporary data sets
clean-up deleting 73 temporary data sets



------------------------------------------------------------------------------------------------

clean-up deleting 93 temporary data sets
clean-up deleting 146 temporary data sets
clean-up deleting 216 temporary data sets
clean-up deleting 73 temporary data sets

37                                                         The SAS System                              13:54 Tuesday, March 26, 2019



------------------------------------------------------------------------------------------------

clean-up deleting 93 temporary data sets
clean-up deleting 146 temporary data sets
clean-up deleting 216 temporary data sets
clean-up deleting 73 temporary data sets



------------------------------------------------------------------------------------------------

clean-up deleting 93 temporary data sets
clean-up deleting 146 temporary data sets
clean-up deleting 216 temporary data sets
clean-up deleting 73 temporary data sets



------------------------------------------------------------------------------------------------

clean-up deleting 93 temporary data sets
clean-up deleting 146 temporary data sets
clean-up deleting 216 temporary data sets
clean-up deleting 73 temporary data sets



------------------------------------------------------------------------------------------------

clean-up deleting 93 temporary data sets
clean-up deleting 146 temporary data sets
clean-up deleting 216 temporary data sets
clean-up deleting 73 temporary data sets



------------------------------------------------------------------------------------------------

clean-up deleting 93 temporary data sets
clean-up deleting 146 temporary data sets
clean-up deleting 216 temporary data sets
clean-up deleting 73 temporary data sets



------------------------------------------------------------------------------------------------

clean-up deleting 93 temporary data sets
clean-up deleting 146 temporary data sets
clean-up deleting 216 temporary data sets
clean-up deleting 73 temporary data sets



------------------------------------------------------------------------------------------------

38                                                         The SAS System                              13:54 Tuesday, March 26, 2019

clean-up deleting 93 temporary data sets
clean-up deleting 146 temporary data sets
clean-up deleting 216 temporary data sets
clean-up deleting 73 temporary data sets



------------------------------------------------------------------------------------------------

clean-up deleting 93 temporary data sets
clean-up deleting 146 temporary data sets
clean-up deleting 216 temporary data sets
clean-up deleting 73 temporary data sets



------------------------------------------------------------------------------------------------

clean-up deleting 93 temporary data sets
clean-up deleting 146 temporary data sets
clean-up deleting 216 temporary data sets
clean-up deleting 73 temporary data sets



------------------------------------------------------------------------------------------------

clean-up deleting 93 temporary data sets
clean-up deleting 146 temporary data sets
clean-up deleting 216 temporary data sets
clean-up deleting 73 temporary data sets



------------------------------------------------------------------------------------------------

clean-up deleting 93 temporary data sets
clean-up deleting 146 temporary data sets
clean-up deleting 216 temporary data sets
clean-up deleting 73 temporary data sets



------------------------------------------------------------------------------------------------

clean-up deleting 93 temporary data sets
clean-up deleting 146 temporary data sets
clean-up deleting 216 temporary data sets
clean-up deleting 73 temporary data sets



------------------------------------------------------------------------------------------------

clean-up deleting 93 temporary data sets
clean-up deleting 146 temporary data sets
clean-up deleting 216 temporary data sets
clean-up deleting 73 temporary data sets
39                                                         The SAS System                              13:54 Tuesday, March 26, 2019




------------------------------------------------------------------------------------------------

clean-up deleting 93 temporary data sets
clean-up deleting 146 temporary data sets
clean-up deleting 216 temporary data sets
clean-up deleting 73 temporary data sets



------------------------------------------------------------------------------------------------

clean-up deleting 93 temporary data sets
clean-up deleting 146 temporary data sets
clean-up deleting 216 temporary data sets
clean-up deleting 73 temporary data sets



------------------------------------------------------------------------------------------------

clean-up deleting 93 temporary data sets
clean-up deleting 146 temporary data sets
clean-up deleting 216 temporary data sets
clean-up deleting 73 temporary data sets



------------------------------------------------------------------------------------------------

clean-up deleting 93 temporary data sets
WARNING: The negative of the Hessian is not positive definite. The convergence is questionable.
WARNING: The procedure is continuing but the validity of the model fit is questionable.
WARNING: The specified model did not converge.
WARNING: Negative of Hessian not positive definite.
clean-up deleting 146 temporary data sets
clean-up deleting 216 temporary data sets
clean-up deleting 73 temporary data sets



------------------------------------------------------------------------------------------------

clean-up deleting 93 temporary data sets
clean-up deleting 146 temporary data sets
clean-up deleting 216 temporary data sets
clean-up deleting 73 temporary data sets



------------------------------------------------------------------------------------------------

clean-up deleting 93 temporary data sets
clean-up deleting 146 temporary data sets
clean-up deleting 216 temporary data sets
clean-up deleting 73 temporary data sets
40                                                         The SAS System                              13:54 Tuesday, March 26, 2019




------------------------------------------------------------------------------------------------

clean-up deleting 93 temporary data sets
clean-up deleting 146 temporary data sets
clean-up deleting 216 temporary data sets
clean-up deleting 73 temporary data sets



------------------------------------------------------------------------------------------------

clean-up deleting 93 temporary data sets
clean-up deleting 146 temporary data sets
clean-up deleting 216 temporary data sets
clean-up deleting 73 temporary data sets



------------------------------------------------------------------------------------------------

clean-up deleting 93 temporary data sets
clean-up deleting 146 temporary data sets
clean-up deleting 216 temporary data sets
clean-up deleting 73 temporary data sets



------------------------------------------------------------------------------------------------

clean-up deleting 93 temporary data sets
clean-up deleting 146 temporary data sets
clean-up deleting 216 temporary data sets
clean-up deleting 73 temporary data sets



------------------------------------------------------------------------------------------------

clean-up deleting 93 temporary data sets
clean-up deleting 146 temporary data sets
clean-up deleting 216 temporary data sets
clean-up deleting 73 temporary data sets



------------------------------------------------------------------------------------------------

clean-up deleting 93 temporary data sets
clean-up deleting 146 temporary data sets
clean-up deleting 216 temporary data sets
clean-up deleting 73 temporary data sets



------------------------------------------------------------------------------------------------
41                                                         The SAS System                              13:54 Tuesday, March 26, 2019


clean-up deleting 93 temporary data sets
clean-up deleting 146 temporary data sets
clean-up deleting 216 temporary data sets
clean-up deleting 73 temporary data sets



------------------------------------------------------------------------------------------------

clean-up deleting 93 temporary data sets
clean-up deleting 146 temporary data sets
clean-up deleting 216 temporary data sets
clean-up deleting 73 temporary data sets



------------------------------------------------------------------------------------------------

clean-up deleting 93 temporary data sets
clean-up deleting 146 temporary data sets
clean-up deleting 216 temporary data sets
clean-up deleting 73 temporary data sets



------------------------------------------------------------------------------------------------

clean-up deleting 93 temporary data sets
clean-up deleting 146 temporary data sets
clean-up deleting 216 temporary data sets
clean-up deleting 73 temporary data sets



------------------------------------------------------------------------------------------------

clean-up deleting 93 temporary data sets
clean-up deleting 146 temporary data sets
clean-up deleting 216 temporary data sets
clean-up deleting 73 temporary data sets



------------------------------------------------------------------------------------------------

clean-up deleting 93 temporary data sets
clean-up deleting 146 temporary data sets
clean-up deleting 216 temporary data sets
clean-up deleting 73 temporary data sets



------------------------------------------------------------------------------------------------

clean-up deleting 93 temporary data sets
clean-up deleting 146 temporary data sets
clean-up deleting 216 temporary data sets
42                                                         The SAS System                              13:54 Tuesday, March 26, 2019

clean-up deleting 73 temporary data sets



------------------------------------------------------------------------------------------------

clean-up deleting 93 temporary data sets
clean-up deleting 146 temporary data sets
clean-up deleting 216 temporary data sets
clean-up deleting 73 temporary data sets



------------------------------------------------------------------------------------------------

clean-up deleting 93 temporary data sets
clean-up deleting 146 temporary data sets
clean-up deleting 216 temporary data sets
clean-up deleting 73 temporary data sets



------------------------------------------------------------------------------------------------

clean-up deleting 93 temporary data sets
clean-up deleting 146 temporary data sets
clean-up deleting 216 temporary data sets
clean-up deleting 73 temporary data sets



------------------------------------------------------------------------------------------------

clean-up deleting 93 temporary data sets
clean-up deleting 146 temporary data sets
clean-up deleting 216 temporary data sets
clean-up deleting 73 temporary data sets



------------------------------------------------------------------------------------------------

clean-up deleting 93 temporary data sets
clean-up deleting 146 temporary data sets
clean-up deleting 216 temporary data sets
clean-up deleting 73 temporary data sets



------------------------------------------------------------------------------------------------

clean-up deleting 93 temporary data sets
clean-up deleting 146 temporary data sets
clean-up deleting 216 temporary data sets
clean-up deleting 73 temporary data sets
3539       %simu(samplesize=550, numberofitems=&nitems., from=&from., to=&to.);


43                                                         The SAS System                              13:54 Tuesday, March 26, 2019


------------------------------------------------------------------------------------------------

clean-up deleting 93 temporary data sets
clean-up deleting 146 temporary data sets
clean-up deleting 216 temporary data sets
clean-up deleting 73 temporary data sets



------------------------------------------------------------------------------------------------

clean-up deleting 93 temporary data sets
clean-up deleting 146 temporary data sets
clean-up deleting 216 temporary data sets
clean-up deleting 73 temporary data sets



------------------------------------------------------------------------------------------------

clean-up deleting 93 temporary data sets
clean-up deleting 146 temporary data sets
clean-up deleting 216 temporary data sets
clean-up deleting 73 temporary data sets



------------------------------------------------------------------------------------------------

clean-up deleting 93 temporary data sets
clean-up deleting 146 temporary data sets
clean-up deleting 216 temporary data sets
clean-up deleting 73 temporary data sets



------------------------------------------------------------------------------------------------

clean-up deleting 93 temporary data sets
clean-up deleting 146 temporary data sets
clean-up deleting 216 temporary data sets
clean-up deleting 73 temporary data sets



------------------------------------------------------------------------------------------------

clean-up deleting 93 temporary data sets
clean-up deleting 146 temporary data sets
clean-up deleting 216 temporary data sets
clean-up deleting 73 temporary data sets



------------------------------------------------------------------------------------------------

clean-up deleting 93 temporary data sets
44                                                         The SAS System                              13:54 Tuesday, March 26, 2019

clean-up deleting 146 temporary data sets
clean-up deleting 216 temporary data sets
clean-up deleting 73 temporary data sets



------------------------------------------------------------------------------------------------

clean-up deleting 93 temporary data sets
clean-up deleting 146 temporary data sets
clean-up deleting 216 temporary data sets
clean-up deleting 73 temporary data sets



------------------------------------------------------------------------------------------------

clean-up deleting 93 temporary data sets
clean-up deleting 146 temporary data sets
clean-up deleting 216 temporary data sets
clean-up deleting 73 temporary data sets



------------------------------------------------------------------------------------------------

clean-up deleting 93 temporary data sets
clean-up deleting 146 temporary data sets
clean-up deleting 216 temporary data sets
clean-up deleting 73 temporary data sets



------------------------------------------------------------------------------------------------

clean-up deleting 93 temporary data sets
WARNING: The negative of the Hessian is not positive definite. The convergence is questionable.
WARNING: The procedure is continuing but the validity of the model fit is questionable.
WARNING: The specified model did not converge.
WARNING: Negative of Hessian not positive definite.
clean-up deleting 146 temporary data sets
clean-up deleting 216 temporary data sets
clean-up deleting 73 temporary data sets



------------------------------------------------------------------------------------------------

clean-up deleting 93 temporary data sets
clean-up deleting 146 temporary data sets
clean-up deleting 216 temporary data sets
clean-up deleting 73 temporary data sets



------------------------------------------------------------------------------------------------

clean-up deleting 93 temporary data sets
45                                                         The SAS System                              13:54 Tuesday, March 26, 2019

clean-up deleting 146 temporary data sets
clean-up deleting 216 temporary data sets
clean-up deleting 73 temporary data sets



------------------------------------------------------------------------------------------------

clean-up deleting 93 temporary data sets
WARNING: The negative of the Hessian is not positive definite. The convergence is questionable.
WARNING: The procedure is continuing but the validity of the model fit is questionable.
WARNING: The specified model did not converge.
WARNING: Negative of Hessian not positive definite.
clean-up deleting 146 temporary data sets
clean-up deleting 216 temporary data sets
clean-up deleting 73 temporary data sets



------------------------------------------------------------------------------------------------

clean-up deleting 93 temporary data sets
clean-up deleting 146 temporary data sets
clean-up deleting 216 temporary data sets
clean-up deleting 73 temporary data sets



------------------------------------------------------------------------------------------------

clean-up deleting 93 temporary data sets
clean-up deleting 146 temporary data sets
clean-up deleting 216 temporary data sets
clean-up deleting 73 temporary data sets



------------------------------------------------------------------------------------------------

clean-up deleting 93 temporary data sets
clean-up deleting 146 temporary data sets
clean-up deleting 216 temporary data sets
clean-up deleting 73 temporary data sets



------------------------------------------------------------------------------------------------

clean-up deleting 93 temporary data sets
clean-up deleting 146 temporary data sets
clean-up deleting 216 temporary data sets
clean-up deleting 73 temporary data sets



------------------------------------------------------------------------------------------------

clean-up deleting 93 temporary data sets
46                                                         The SAS System                              13:54 Tuesday, March 26, 2019

clean-up deleting 146 temporary data sets
clean-up deleting 216 temporary data sets
clean-up deleting 73 temporary data sets



------------------------------------------------------------------------------------------------

clean-up deleting 93 temporary data sets
clean-up deleting 146 temporary data sets
clean-up deleting 216 temporary data sets
clean-up deleting 73 temporary data sets



------------------------------------------------------------------------------------------------

clean-up deleting 93 temporary data sets
clean-up deleting 146 temporary data sets
clean-up deleting 216 temporary data sets
clean-up deleting 73 temporary data sets



------------------------------------------------------------------------------------------------

clean-up deleting 93 temporary data sets
clean-up deleting 146 temporary data sets
clean-up deleting 216 temporary data sets
clean-up deleting 73 temporary data sets



------------------------------------------------------------------------------------------------

clean-up deleting 93 temporary data sets
clean-up deleting 146 temporary data sets
clean-up deleting 216 temporary data sets
clean-up deleting 73 temporary data sets



------------------------------------------------------------------------------------------------

clean-up deleting 93 temporary data sets
clean-up deleting 146 temporary data sets
clean-up deleting 216 temporary data sets
clean-up deleting 73 temporary data sets



------------------------------------------------------------------------------------------------

clean-up deleting 93 temporary data sets
clean-up deleting 146 temporary data sets
clean-up deleting 216 temporary data sets
clean-up deleting 73 temporary data sets

47                                                         The SAS System                              13:54 Tuesday, March 26, 2019



------------------------------------------------------------------------------------------------

clean-up deleting 93 temporary data sets
clean-up deleting 146 temporary data sets
clean-up deleting 216 temporary data sets
clean-up deleting 73 temporary data sets



------------------------------------------------------------------------------------------------

clean-up deleting 93 temporary data sets
clean-up deleting 146 temporary data sets
clean-up deleting 216 temporary data sets
clean-up deleting 73 temporary data sets



------------------------------------------------------------------------------------------------

clean-up deleting 93 temporary data sets
clean-up deleting 146 temporary data sets
clean-up deleting 216 temporary data sets
clean-up deleting 73 temporary data sets



------------------------------------------------------------------------------------------------

clean-up deleting 93 temporary data sets
clean-up deleting 146 temporary data sets
clean-up deleting 216 temporary data sets
clean-up deleting 73 temporary data sets



------------------------------------------------------------------------------------------------

clean-up deleting 93 temporary data sets
clean-up deleting 146 temporary data sets
clean-up deleting 216 temporary data sets
clean-up deleting 73 temporary data sets



------------------------------------------------------------------------------------------------

clean-up deleting 93 temporary data sets
clean-up deleting 146 temporary data sets
clean-up deleting 216 temporary data sets
clean-up deleting 73 temporary data sets



------------------------------------------------------------------------------------------------

48                                                         The SAS System                              13:54 Tuesday, March 26, 2019

clean-up deleting 93 temporary data sets
clean-up deleting 146 temporary data sets
clean-up deleting 216 temporary data sets
clean-up deleting 73 temporary data sets



------------------------------------------------------------------------------------------------

clean-up deleting 93 temporary data sets
clean-up deleting 146 temporary data sets
clean-up deleting 216 temporary data sets
clean-up deleting 73 temporary data sets



------------------------------------------------------------------------------------------------

clean-up deleting 93 temporary data sets
clean-up deleting 146 temporary data sets
clean-up deleting 216 temporary data sets
clean-up deleting 73 temporary data sets



------------------------------------------------------------------------------------------------

clean-up deleting 93 temporary data sets
clean-up deleting 146 temporary data sets
clean-up deleting 216 temporary data sets
clean-up deleting 73 temporary data sets



------------------------------------------------------------------------------------------------

clean-up deleting 93 temporary data sets
clean-up deleting 146 temporary data sets
clean-up deleting 216 temporary data sets
clean-up deleting 73 temporary data sets



------------------------------------------------------------------------------------------------

clean-up deleting 93 temporary data sets
clean-up deleting 146 temporary data sets
clean-up deleting 216 temporary data sets
clean-up deleting 73 temporary data sets



------------------------------------------------------------------------------------------------

clean-up deleting 93 temporary data sets
clean-up deleting 146 temporary data sets
clean-up deleting 216 temporary data sets
clean-up deleting 73 temporary data sets
49                                                         The SAS System                              13:54 Tuesday, March 26, 2019




------------------------------------------------------------------------------------------------

clean-up deleting 93 temporary data sets
clean-up deleting 146 temporary data sets
clean-up deleting 216 temporary data sets
clean-up deleting 73 temporary data sets



------------------------------------------------------------------------------------------------

clean-up deleting 93 temporary data sets
clean-up deleting 146 temporary data sets
clean-up deleting 216 temporary data sets
clean-up deleting 73 temporary data sets



------------------------------------------------------------------------------------------------

clean-up deleting 93 temporary data sets
clean-up deleting 146 temporary data sets
clean-up deleting 216 temporary data sets
clean-up deleting 73 temporary data sets



------------------------------------------------------------------------------------------------

clean-up deleting 93 temporary data sets
clean-up deleting 146 temporary data sets
clean-up deleting 216 temporary data sets
clean-up deleting 73 temporary data sets



------------------------------------------------------------------------------------------------

clean-up deleting 93 temporary data sets
clean-up deleting 146 temporary data sets
clean-up deleting 216 temporary data sets
clean-up deleting 73 temporary data sets



------------------------------------------------------------------------------------------------

clean-up deleting 93 temporary data sets
clean-up deleting 146 temporary data sets
clean-up deleting 216 temporary data sets
clean-up deleting 73 temporary data sets



------------------------------------------------------------------------------------------------
50                                                         The SAS System                              13:54 Tuesday, March 26, 2019


clean-up deleting 93 temporary data sets
clean-up deleting 146 temporary data sets
clean-up deleting 216 temporary data sets
clean-up deleting 73 temporary data sets



------------------------------------------------------------------------------------------------

clean-up deleting 93 temporary data sets
clean-up deleting 146 temporary data sets
clean-up deleting 216 temporary data sets
clean-up deleting 73 temporary data sets



------------------------------------------------------------------------------------------------

clean-up deleting 93 temporary data sets
clean-up deleting 146 temporary data sets
clean-up deleting 216 temporary data sets
clean-up deleting 73 temporary data sets



------------------------------------------------------------------------------------------------

clean-up deleting 93 temporary data sets
clean-up deleting 146 temporary data sets
clean-up deleting 216 temporary data sets
clean-up deleting 73 temporary data sets



------------------------------------------------------------------------------------------------

clean-up deleting 93 temporary data sets
clean-up deleting 146 temporary data sets
clean-up deleting 216 temporary data sets
clean-up deleting 73 temporary data sets



------------------------------------------------------------------------------------------------

clean-up deleting 93 temporary data sets
clean-up deleting 146 temporary data sets
clean-up deleting 216 temporary data sets
clean-up deleting 73 temporary data sets
3540       %simu(samplesize=600, numberofitems=&nitems., from=&from., to=&to.);



------------------------------------------------------------------------------------------------

clean-up deleting 93 temporary data sets
clean-up deleting 146 temporary data sets
51                                                         The SAS System                              13:54 Tuesday, March 26, 2019

clean-up deleting 216 temporary data sets
clean-up deleting 73 temporary data sets



------------------------------------------------------------------------------------------------

clean-up deleting 93 temporary data sets
clean-up deleting 146 temporary data sets
clean-up deleting 216 temporary data sets
clean-up deleting 73 temporary data sets



------------------------------------------------------------------------------------------------

clean-up deleting 93 temporary data sets
clean-up deleting 146 temporary data sets
clean-up deleting 216 temporary data sets
clean-up deleting 73 temporary data sets



------------------------------------------------------------------------------------------------

clean-up deleting 93 temporary data sets
clean-up deleting 146 temporary data sets
clean-up deleting 216 temporary data sets
clean-up deleting 73 temporary data sets



------------------------------------------------------------------------------------------------

clean-up deleting 93 temporary data sets
clean-up deleting 146 temporary data sets
clean-up deleting 216 temporary data sets
clean-up deleting 73 temporary data sets



------------------------------------------------------------------------------------------------

clean-up deleting 93 temporary data sets
clean-up deleting 146 temporary data sets
clean-up deleting 216 temporary data sets
clean-up deleting 73 temporary data sets



------------------------------------------------------------------------------------------------

clean-up deleting 93 temporary data sets
clean-up deleting 146 temporary data sets
clean-up deleting 216 temporary data sets
clean-up deleting 73 temporary data sets


52                                                         The SAS System                              13:54 Tuesday, March 26, 2019


------------------------------------------------------------------------------------------------

clean-up deleting 93 temporary data sets
clean-up deleting 146 temporary data sets
clean-up deleting 216 temporary data sets
clean-up deleting 73 temporary data sets



------------------------------------------------------------------------------------------------

clean-up deleting 93 temporary data sets
clean-up deleting 146 temporary data sets
clean-up deleting 216 temporary data sets
clean-up deleting 73 temporary data sets



------------------------------------------------------------------------------------------------

clean-up deleting 93 temporary data sets
clean-up deleting 146 temporary data sets
clean-up deleting 216 temporary data sets
clean-up deleting 73 temporary data sets



------------------------------------------------------------------------------------------------

clean-up deleting 93 temporary data sets
clean-up deleting 146 temporary data sets
clean-up deleting 216 temporary data sets
clean-up deleting 73 temporary data sets



------------------------------------------------------------------------------------------------

clean-up deleting 93 temporary data sets
clean-up deleting 146 temporary data sets
clean-up deleting 216 temporary data sets
clean-up deleting 73 temporary data sets



------------------------------------------------------------------------------------------------

clean-up deleting 93 temporary data sets
clean-up deleting 146 temporary data sets
clean-up deleting 216 temporary data sets
clean-up deleting 73 temporary data sets



------------------------------------------------------------------------------------------------

clean-up deleting 93 temporary data sets
53                                                         The SAS System                              13:54 Tuesday, March 26, 2019

clean-up deleting 146 temporary data sets
clean-up deleting 216 temporary data sets
clean-up deleting 73 temporary data sets



------------------------------------------------------------------------------------------------

clean-up deleting 93 temporary data sets
clean-up deleting 146 temporary data sets
clean-up deleting 216 temporary data sets
clean-up deleting 73 temporary data sets



------------------------------------------------------------------------------------------------

clean-up deleting 93 temporary data sets
clean-up deleting 146 temporary data sets
clean-up deleting 216 temporary data sets
clean-up deleting 73 temporary data sets



------------------------------------------------------------------------------------------------

clean-up deleting 93 temporary data sets
clean-up deleting 146 temporary data sets
clean-up deleting 216 temporary data sets
clean-up deleting 73 temporary data sets



------------------------------------------------------------------------------------------------

clean-up deleting 93 temporary data sets
clean-up deleting 146 temporary data sets
clean-up deleting 216 temporary data sets
clean-up deleting 73 temporary data sets



------------------------------------------------------------------------------------------------

clean-up deleting 93 temporary data sets
clean-up deleting 146 temporary data sets
clean-up deleting 216 temporary data sets
clean-up deleting 73 temporary data sets



------------------------------------------------------------------------------------------------

clean-up deleting 93 temporary data sets
clean-up deleting 146 temporary data sets
clean-up deleting 216 temporary data sets
clean-up deleting 73 temporary data sets

54                                                         The SAS System                              13:54 Tuesday, March 26, 2019



------------------------------------------------------------------------------------------------

clean-up deleting 93 temporary data sets
clean-up deleting 146 temporary data sets
clean-up deleting 216 temporary data sets
clean-up deleting 73 temporary data sets



------------------------------------------------------------------------------------------------

clean-up deleting 93 temporary data sets
clean-up deleting 146 temporary data sets
clean-up deleting 216 temporary data sets
clean-up deleting 73 temporary data sets



------------------------------------------------------------------------------------------------

clean-up deleting 93 temporary data sets
clean-up deleting 146 temporary data sets
clean-up deleting 216 temporary data sets
clean-up deleting 73 temporary data sets



------------------------------------------------------------------------------------------------

clean-up deleting 93 temporary data sets
clean-up deleting 146 temporary data sets
clean-up deleting 216 temporary data sets
clean-up deleting 73 temporary data sets



------------------------------------------------------------------------------------------------

clean-up deleting 93 temporary data sets
clean-up deleting 146 temporary data sets
clean-up deleting 216 temporary data sets
clean-up deleting 73 temporary data sets



------------------------------------------------------------------------------------------------

clean-up deleting 93 temporary data sets
clean-up deleting 146 temporary data sets
clean-up deleting 216 temporary data sets
clean-up deleting 73 temporary data sets



------------------------------------------------------------------------------------------------

55                                                         The SAS System                              13:54 Tuesday, March 26, 2019

clean-up deleting 93 temporary data sets
clean-up deleting 146 temporary data sets
clean-up deleting 216 temporary data sets
clean-up deleting 73 temporary data sets



------------------------------------------------------------------------------------------------

clean-up deleting 93 temporary data sets
clean-up deleting 146 temporary data sets
clean-up deleting 216 temporary data sets
clean-up deleting 73 temporary data sets



------------------------------------------------------------------------------------------------

clean-up deleting 93 temporary data sets
clean-up deleting 146 temporary data sets
clean-up deleting 216 temporary data sets
clean-up deleting 73 temporary data sets



------------------------------------------------------------------------------------------------

clean-up deleting 93 temporary data sets
clean-up deleting 146 temporary data sets
clean-up deleting 216 temporary data sets
clean-up deleting 73 temporary data sets



------------------------------------------------------------------------------------------------

clean-up deleting 93 temporary data sets
clean-up deleting 146 temporary data sets
clean-up deleting 216 temporary data sets
clean-up deleting 73 temporary data sets



------------------------------------------------------------------------------------------------

clean-up deleting 93 temporary data sets
clean-up deleting 146 temporary data sets
clean-up deleting 216 temporary data sets
clean-up deleting 73 temporary data sets



------------------------------------------------------------------------------------------------

clean-up deleting 93 temporary data sets
clean-up deleting 146 temporary data sets
clean-up deleting 216 temporary data sets
clean-up deleting 73 temporary data sets
56                                                         The SAS System                              13:54 Tuesday, March 26, 2019




------------------------------------------------------------------------------------------------

clean-up deleting 93 temporary data sets
clean-up deleting 146 temporary data sets
clean-up deleting 216 temporary data sets
clean-up deleting 73 temporary data sets



------------------------------------------------------------------------------------------------

clean-up deleting 93 temporary data sets
clean-up deleting 146 temporary data sets
clean-up deleting 216 temporary data sets
clean-up deleting 73 temporary data sets



------------------------------------------------------------------------------------------------

clean-up deleting 93 temporary data sets
clean-up deleting 146 temporary data sets
clean-up deleting 216 temporary data sets
clean-up deleting 73 temporary data sets



------------------------------------------------------------------------------------------------

clean-up deleting 93 temporary data sets
clean-up deleting 146 temporary data sets
clean-up deleting 216 temporary data sets
clean-up deleting 73 temporary data sets



------------------------------------------------------------------------------------------------

clean-up deleting 93 temporary data sets
clean-up deleting 146 temporary data sets
clean-up deleting 216 temporary data sets
clean-up deleting 73 temporary data sets



------------------------------------------------------------------------------------------------

clean-up deleting 93 temporary data sets
clean-up deleting 146 temporary data sets
clean-up deleting 216 temporary data sets
clean-up deleting 73 temporary data sets



------------------------------------------------------------------------------------------------
57                                                         The SAS System                              13:54 Tuesday, March 26, 2019


clean-up deleting 93 temporary data sets
clean-up deleting 146 temporary data sets
clean-up deleting 216 temporary data sets
clean-up deleting 73 temporary data sets



------------------------------------------------------------------------------------------------

clean-up deleting 93 temporary data sets
clean-up deleting 146 temporary data sets
clean-up deleting 216 temporary data sets
clean-up deleting 73 temporary data sets



------------------------------------------------------------------------------------------------

clean-up deleting 93 temporary data sets
clean-up deleting 146 temporary data sets
clean-up deleting 216 temporary data sets
clean-up deleting 73 temporary data sets



------------------------------------------------------------------------------------------------

clean-up deleting 93 temporary data sets
clean-up deleting 146 temporary data sets
clean-up deleting 216 temporary data sets
clean-up deleting 73 temporary data sets



------------------------------------------------------------------------------------------------

clean-up deleting 93 temporary data sets
clean-up deleting 146 temporary data sets
clean-up deleting 216 temporary data sets
clean-up deleting 73 temporary data sets



------------------------------------------------------------------------------------------------

clean-up deleting 93 temporary data sets
clean-up deleting 146 temporary data sets
clean-up deleting 216 temporary data sets
clean-up deleting 73 temporary data sets



------------------------------------------------------------------------------------------------

clean-up deleting 93 temporary data sets
WARNING: The negative of the Hessian is not positive definite. The convergence is questionable.
WARNING: The procedure is continuing but the validity of the model fit is questionable.
58                                                         The SAS System                              13:54 Tuesday, March 26, 2019

WARNING: The specified model did not converge.
WARNING: Negative of Hessian not positive definite.
clean-up deleting 146 temporary data sets
clean-up deleting 216 temporary data sets
clean-up deleting 73 temporary data sets



------------------------------------------------------------------------------------------------

clean-up deleting 93 temporary data sets
clean-up deleting 146 temporary data sets
clean-up deleting 216 temporary data sets
clean-up deleting 73 temporary data sets



------------------------------------------------------------------------------------------------

clean-up deleting 93 temporary data sets
clean-up deleting 146 temporary data sets
clean-up deleting 216 temporary data sets
clean-up deleting 73 temporary data sets



------------------------------------------------------------------------------------------------

clean-up deleting 93 temporary data sets
clean-up deleting 146 temporary data sets
clean-up deleting 216 temporary data sets
clean-up deleting 73 temporary data sets



------------------------------------------------------------------------------------------------

clean-up deleting 93 temporary data sets
clean-up deleting 146 temporary data sets
clean-up deleting 216 temporary data sets
clean-up deleting 73 temporary data sets
3541       	
3542       data FIT.out_PW_I&nitems._&from._&to.;
3543       	set
3544       	FIT.out_PW_I&nitems._N300_&from._&to.
3545       	FIT.out_PW_I&nitems._N350_&from._&to.
3546       	FIT.out_PW_I&nitems._N400_&from._&to.
3547       	FIT.out_PW_I&nitems._N450_&from._&to.
3548       	FIT.out_PW_I&nitems._N500_&from._&to.
3549       	FIT.out_PW_I&nitems._N550_&from._&to.
3550       	FIT.out_PW_I&nitems._N600_&from._&to.
3551       	;
3552       run;

NOTE: There were 500 observations read from the data set FIT.OUT_PW_I10_N300_1_50.
NOTE: There were 500 observations read from the data set FIT.OUT_PW_I10_N350_1_50.
NOTE: There were 500 observations read from the data set FIT.OUT_PW_I10_N400_1_50.
NOTE: There were 500 observations read from the data set FIT.OUT_PW_I10_N450_1_50.
59                                                         The SAS System                              13:54 Tuesday, March 26, 2019

NOTE: There were 500 observations read from the data set FIT.OUT_PW_I10_N500_1_50.
NOTE: There were 500 observations read from the data set FIT.OUT_PW_I10_N550_1_50.
NOTE: There were 500 observations read from the data set FIT.OUT_PW_I10_N600_1_50.
NOTE: The data set FIT.OUT_PW_I10_1_50 has 3500 observations and 16 variables.
NOTE: DATA statement used (Total process time):
      real time           2.16 seconds
      cpu time            0.01 seconds
      

3553       proc datasets library=FIT;
                                                             Directory

                                              Libref             FIT                  
                                              Engine             V9                   
                                              Physical Name      /home/ifsv/pzs913/FIT
                                              Filename           /home/ifsv/pzs913/FIT
                                              Inode Number       923176592            
                                              Access Permission  rwx------            
                                              Owner Name         pzs913               
                                              File Size          24KB                 
                                              File Size (bytes)  24576                


                                                         Member
                           #  Name                       Type       File Size  Last Modified

                           1  ALL                        DATA            57MB  01/14/2019 14:35:43        
                           2  AMTS                       DATA           128KB  01/18/2019 14:13:39        
                           3  AMTS_FOR                   DATA           128KB  01/18/2019 14:13:34        
                           4  AMTS_IN                    DATA           128KB  03/22/2019 15:56:21        
                           5  CML_AMTS_ETA               DATA           128KB  03/22/2019 15:56:31        
                           6  CML_AMTS_IPAR              DATA           128KB  03/22/2019 15:56:24        
                           7  CML_AMTS_LOGL              DATA           128KB  03/22/2019 15:56:31        
                           8  CML_IPAR                   DATA           128KB  01/18/2019 13:31:09        
                           9  KNOX                       DATA           128KB  01/18/2019 13:31:04        
                          10  KNOX_IN                    DATA           128KB  01/18/2019 13:31:04        
                          11  MAX35                      DATA           384KB  08/30/2018 14:02:22        
                          12  OUT_PW_I10_1_50            DATA           640KB  03/26/2019 20:47:23        
                          13  OUT_PW_I10_N300_1001_1050  DATA           192KB  03/26/2019 14:54:46        
                          14  OUT_PW_I10_N300_101_150    DATA           192KB  03/26/2019 14:51:38        
                          15  OUT_PW_I10_N300_1101_1150  DATA           192KB  03/26/2019 14:55:03        
                          16  OUT_PW_I10_N300_1201_1250  DATA           192KB  03/26/2019 14:54:29        
                          17  OUT_PW_I10_N300_1301_1350  DATA           192KB  03/26/2019 14:54:42        
                          18  OUT_PW_I10_N300_1401_1450  DATA           192KB  03/26/2019 14:54:52        
                          19  OUT_PW_I10_N300_1501_1550  DATA           192KB  03/26/2019 14:54:54        
                          20  OUT_PW_I10_N300_1601_1650  DATA           192KB  03/26/2019 14:55:00        
                          21  OUT_PW_I10_N300_1701_1750  DATA           192KB  03/26/2019 14:55:05        
                          22  OUT_PW_I10_N300_1801_1850  DATA           192KB  03/26/2019 14:55:10        
                          23  OUT_PW_I10_N300_1901_1950  DATA           192KB  03/26/2019 14:55:11        
                          24  OUT_PW_I10_N300_1_50       DATA           192KB  03/26/2019 14:48:30        
                          25  OUT_PW_I10_N300_201_250    DATA           192KB  03/26/2019 14:52:33        
                          26  OUT_PW_I10_N300_301_350    DATA           192KB  03/26/2019 14:53:05        
                          27  OUT_PW_I10_N300_401_450    DATA           192KB  03/26/2019 14:53:25        
                          28  OUT_PW_I10_N300_501_550    DATA           192KB  03/26/2019 14:53:46        
                          29  OUT_PW_I10_N300_601_650    DATA           192KB  03/26/2019 14:53:59        
                          30  OUT_PW_I10_N300_701_750    DATA           192KB  03/26/2019 14:54:12        
                          31  OUT_PW_I10_N300_801_850    DATA           192KB  03/26/2019 14:54:23        
                          32  OUT_PW_I10_N300_901_950    DATA           192KB  03/26/2019 14:54:30        
60                                                         The SAS System                              13:54 Tuesday, March 26, 2019

                                                         Member
                           #  Name                       Type       File Size  Last Modified

                          33  OUT_PW_I10_N350_1001_1050  DATA           192KB  03/26/2019 15:53:43        
                          34  OUT_PW_I10_N350_101_150    DATA           192KB  03/26/2019 15:50:42        
                          35  OUT_PW_I10_N350_1101_1150  DATA           192KB  03/26/2019 15:54:10        
                          36  OUT_PW_I10_N350_1201_1250  DATA           192KB  03/26/2019 15:52:56        
                          37  OUT_PW_I10_N350_1301_1350  DATA           192KB  03/26/2019 15:53:05        
                          38  OUT_PW_I10_N350_1401_1450  DATA           192KB  03/26/2019 15:53:22        
                          39  OUT_PW_I10_N350_1501_1550  DATA           192KB  03/26/2019 15:53:15        
                          40  OUT_PW_I10_N350_1601_1650  DATA           192KB  03/26/2019 15:53:23        
                          41  OUT_PW_I10_N350_1701_1750  DATA           192KB  03/26/2019 15:53:28        
                          42  OUT_PW_I10_N350_1801_1850  DATA           192KB  03/26/2019 15:53:33        
                          43  OUT_PW_I10_N350_1901_1950  DATA           192KB  03/26/2019 15:53:33        
                          44  OUT_PW_I10_N350_1_50       DATA           192KB  03/26/2019 15:47:35        
                          45  OUT_PW_I10_N350_201_250    DATA           192KB  03/26/2019 15:51:35        
                          46  OUT_PW_I10_N350_301_350    DATA           192KB  03/26/2019 15:52:12        
                          47  OUT_PW_I10_N350_401_450    DATA           192KB  03/26/2019 15:52:25        
                          48  OUT_PW_I10_N350_501_550    DATA           192KB  03/26/2019 15:52:53        
                          49  OUT_PW_I10_N350_601_650    DATA           192KB  03/26/2019 15:52:50        
                          50  OUT_PW_I10_N350_701_750    DATA           192KB  03/26/2019 15:53:12        
                          51  OUT_PW_I10_N350_801_850    DATA           192KB  03/26/2019 15:53:24        
                          52  OUT_PW_I10_N350_901_950    DATA           192KB  03/26/2019 15:53:37        
                          53  OUT_PW_I10_N400_1001_1050  DATA           192KB  03/26/2019 16:53:39        
                          54  OUT_PW_I10_N400_101_150    DATA           192KB  03/26/2019 16:50:52        
                          55  OUT_PW_I10_N400_1101_1150  DATA           192KB  03/26/2019 16:54:22        
                          56  OUT_PW_I10_N400_1201_1250  DATA           192KB  03/26/2019 16:52:26        
                          57  OUT_PW_I10_N400_1301_1350  DATA           192KB  03/26/2019 16:52:25        
                          58  OUT_PW_I10_N400_1401_1450  DATA           192KB  03/26/2019 16:52:48        
                          59  OUT_PW_I10_N400_1501_1550  DATA           192KB  03/26/2019 16:52:38        
                          60  OUT_PW_I10_N400_1601_1650  DATA           192KB  03/26/2019 16:52:51        
                          61  OUT_PW_I10_N400_1701_1750  DATA           192KB  03/26/2019 16:52:52        
                          62  OUT_PW_I10_N400_1801_1850  DATA           192KB  03/26/2019 16:52:53        
                          63  OUT_PW_I10_N400_1901_1950  DATA           192KB  03/26/2019 16:52:54        
                          64  OUT_PW_I10_N400_1_50       DATA           192KB  03/26/2019 16:47:33        
                          65  OUT_PW_I10_N400_201_250    DATA           192KB  03/26/2019 16:51:34        
                          66  OUT_PW_I10_N400_301_350    DATA           192KB  03/26/2019 16:52:25        
                          67  OUT_PW_I10_N400_401_450    DATA           192KB  03/26/2019 16:52:25        
                          68  OUT_PW_I10_N400_501_550    DATA           192KB  03/26/2019 16:53:03        
                          69  OUT_PW_I10_N400_601_650    DATA           192KB  03/26/2019 16:52:48        
                          70  OUT_PW_I10_N400_701_750    DATA           192KB  03/26/2019 16:53:20        
                          71  OUT_PW_I10_N400_801_850    DATA           192KB  03/26/2019 16:53:24        
                          72  OUT_PW_I10_N400_901_950    DATA           192KB  03/26/2019 16:53:47        
                          73  OUT_PW_I10_N450_1001_1050  DATA           192KB  03/26/2019 17:52:58        
                          74  OUT_PW_I10_N450_101_150    DATA           192KB  03/26/2019 17:50:25        
                          75  OUT_PW_I10_N450_1101_1150  DATA           192KB  03/26/2019 17:53:45        
                          76  OUT_PW_I10_N450_1201_1250  DATA           192KB  03/26/2019 17:51:14        
                          77  OUT_PW_I10_N450_1301_1350  DATA           192KB  03/26/2019 17:51:11        
                          78  OUT_PW_I10_N450_1401_1450  DATA           192KB  03/26/2019 17:51:41        
                          79  OUT_PW_I10_N450_1501_1550  DATA           192KB  03/26/2019 17:51:30        
                          80  OUT_PW_I10_N450_1601_1650  DATA           192KB  03/26/2019 17:51:39        
                          81  OUT_PW_I10_N450_1701_1750  DATA           192KB  03/26/2019 17:51:35        
                          82  OUT_PW_I10_N450_1801_1850  DATA           192KB  03/26/2019 17:51:40        
                          83  OUT_PW_I10_N450_1901_1950  DATA           192KB  03/26/2019 17:51:39        
                          84  OUT_PW_I10_N450_1_50       DATA           192KB  03/26/2019 17:47:00        
                          85  OUT_PW_I10_N450_201_250    DATA           192KB  03/26/2019 17:50:59        
                          86  OUT_PW_I10_N450_301_350    DATA           192KB  03/26/2019 17:51:54        
                          87  OUT_PW_I10_N450_401_450    DATA           192KB  03/26/2019 17:51:48        
61                                                         The SAS System                              13:54 Tuesday, March 26, 2019

                                                         Member
                           #  Name                       Type       File Size  Last Modified

                          88  OUT_PW_I10_N450_501_550    DATA           192KB  03/26/2019 17:52:29        
                          89  OUT_PW_I10_N450_601_650    DATA           192KB  03/26/2019 17:52:04        
                          90  OUT_PW_I10_N450_701_750    DATA           192KB  03/26/2019 17:52:48        
                          91  OUT_PW_I10_N450_801_850    DATA           192KB  03/26/2019 17:52:45        
                          92  OUT_PW_I10_N450_901_950    DATA           192KB  03/26/2019 17:53:16        
                          93  OUT_PW_I10_N500_1001_1050  DATA           192KB  03/26/2019 18:51:52        
                          94  OUT_PW_I10_N500_101_150    DATA           192KB  03/26/2019 18:49:34        
                          95  OUT_PW_I10_N500_1101_1150  DATA           192KB  03/26/2019 18:52:50        
                          96  OUT_PW_I10_N500_1201_1250  DATA           192KB  03/26/2019 18:49:39        
                          97  OUT_PW_I10_N500_1301_1350  DATA           192KB  03/26/2019 18:49:30        
                          98  OUT_PW_I10_N500_1401_1450  DATA           192KB  03/26/2019 18:50:04        
                          99  OUT_PW_I10_N500_1501_1550  DATA           192KB  03/26/2019 18:49:51        
                         100  OUT_PW_I10_N500_1601_1650  DATA           192KB  03/26/2019 18:50:07        
                         101  OUT_PW_I10_N500_1701_1750  DATA           192KB  03/26/2019 18:49:57        
                         102  OUT_PW_I10_N500_1801_1850  DATA           192KB  03/26/2019 18:50:07        
                         103  OUT_PW_I10_N500_1901_1950  DATA           192KB  03/26/2019 18:49:59        
                         104  OUT_PW_I10_N500_1_50       DATA           192KB  03/26/2019 18:46:00        
                         105  OUT_PW_I10_N500_201_250    DATA           192KB  03/26/2019 18:50:03        
                         106  OUT_PW_I10_N500_301_350    DATA           192KB  03/26/2019 18:51:00        
                         107  OUT_PW_I10_N500_401_450    DATA           192KB  03/26/2019 18:50:45        
                         108  OUT_PW_I10_N500_501_550    DATA           192KB  03/26/2019 18:51:32        
                         109  OUT_PW_I10_N500_601_650    DATA           192KB  03/26/2019 18:51:05        
                         110  OUT_PW_I10_N500_701_750    DATA           192KB  03/26/2019 18:51:52        
                         111  OUT_PW_I10_N500_801_850    DATA           192KB  03/26/2019 18:51:42        
                         112  OUT_PW_I10_N500_901_950    DATA           192KB  03/26/2019 18:52:20        
                         113  OUT_PW_I10_N550_1001_1050  DATA           192KB  03/26/2019 19:52:00        
                         114  OUT_PW_I10_N550_101_150    DATA           192KB  03/26/2019 19:49:48        
                         115  OUT_PW_I10_N550_1101_1150  DATA           192KB  03/26/2019 19:53:16        
                         116  OUT_PW_I10_N550_1201_1250  DATA           192KB  03/26/2019 19:49:13        
                         117  OUT_PW_I10_N550_1301_1350  DATA           192KB  03/26/2019 19:49:00        
                         118  OUT_PW_I10_N550_1401_1450  DATA           192KB  03/26/2019 19:49:41        
                         119  OUT_PW_I10_N550_1501_1550  DATA           192KB  03/26/2019 19:49:25        
                         120  OUT_PW_I10_N550_1601_1650  DATA           192KB  03/26/2019 19:49:40        
                         121  OUT_PW_I10_N550_1701_1750  DATA           192KB  03/26/2019 19:49:29        
                         122  OUT_PW_I10_N550_1801_1850  DATA           192KB  03/26/2019 19:49:41        
                         123  OUT_PW_I10_N550_1901_1950  DATA           192KB  03/26/2019 19:49:23        
                         124  OUT_PW_I10_N550_1_50       DATA           192KB  03/26/2019 19:45:54        
                         125  OUT_PW_I10_N550_201_250    DATA           192KB  03/26/2019 19:50:06        
                         126  OUT_PW_I10_N550_301_350    DATA           192KB  03/26/2019 19:51:21        
                         127  OUT_PW_I10_N550_401_450    DATA           192KB  03/26/2019 19:50:51        
                         128  OUT_PW_I10_N550_501_550    DATA           192KB  03/26/2019 19:51:51        
                         129  OUT_PW_I10_N550_601_650    DATA           192KB  03/26/2019 19:51:14        
                         130  OUT_PW_I10_N550_701_750    DATA           192KB  03/26/2019 19:52:11        
                         131  OUT_PW_I10_N550_801_850    DATA           192KB  03/26/2019 19:51:56        
                         132  OUT_PW_I10_N550_901_950    DATA           192KB  03/26/2019 19:52:45        
                         133  OUT_PW_I10_N600_1_50       DATA           192KB  03/26/2019 20:47:20        
                         134  PP_AMTS_CML_LATENT         DATA           128KB  03/22/2019 11:03:56        
                         135  PP_AMTS_CML_OUTDATA        DATA           128KB  03/22/2019 11:03:56        
                         136  PP_AMTS_OUTDATA            DATA           128KB  03/22/2019 11:11:52        
                         137  PP_AMTS_PW_LATENT          DATA           128KB  03/22/2019 15:58:01        
                         138  PP_AMTS_PW_OUTDATA         DATA           128KB  03/22/2019 15:58:05        
                         139  PP_CML_LATENT              DATA           128KB  01/18/2019 13:31:52        
                         140  PP_CML_OUTDATA             DATA           128KB  01/18/2019 13:31:52        
                         141  PW_AMTS_IPAR               DATA           128KB  03/22/2019 15:56:33        
                         142  TABLE_CHISQ                DATA           128KB  01/31/2019 10:13:46        
62                                                         The SAS System                              13:54 Tuesday, March 26, 2019

                                                         Member
                           #  Name                       Type       File Size  Last Modified

                         143  TABLE_CHISQ_197            DATA           128KB  01/31/2019 10:13:06        
                         144  TABLE_CHISQ_300            DATA           128KB  01/31/2019 10:13:12        
                         145  TABLE_CHISQ_400            DATA           128KB  01/31/2019 10:13:17        
                         146  TABLE_CHISQ_500            DATA           128KB  01/31/2019 10:13:23        
                         147  TABLE_CHISQ_600            DATA           128KB  01/31/2019 10:13:29        
                         148  TABLE_CHISQ_700            DATA           128KB  01/31/2019 10:13:35        
                         149  TABLE_CHISQ_800            DATA           128KB  01/31/2019 10:13:40        
                         150  TABLE_CHISQ_900            DATA           128KB  01/31/2019 10:13:46        
                         151  TABLE_FITRESID             DATA           128KB  01/31/2019 10:09:53        
                         152  TABLE_FITRESID_197         DATA           128KB  01/31/2019 10:09:13        
                         153  TABLE_FITRESID_300         DATA           128KB  01/31/2019 10:09:18        
                         154  TABLE_FITRESID_400         DATA           128KB  01/31/2019 10:09:24        
                         155  TABLE_FITRESID_500         DATA           128KB  01/31/2019 10:09:29        
                         156  TABLE_FITRESID_600         DATA           128KB  01/31/2019 10:09:35        
                         157  TABLE_FITRESID_700         DATA           128KB  01/31/2019 10:09:41        
                         158  TABLE_FITRESID_800         DATA           128KB  01/31/2019 10:09:47        
                         159  TABLE_FITRESID_900         DATA           128KB  01/31/2019 10:09:53        
                         160  TABLE_INFIT                DATA           128KB  01/31/2019 10:10:43        
                         161  TABLE_INFIT_197            DATA           128KB  01/31/2019 10:10:00        
                         162  TABLE_INFIT_300            DATA           128KB  01/31/2019 10:10:06        
                         163  TABLE_INFIT_400            DATA           128KB  01/31/2019 10:10:13        
                         164  TABLE_INFIT_500            DATA           128KB  01/31/2019 10:10:18        
                         165  TABLE_INFIT_600            DATA           128KB  01/31/2019 10:10:25        
                         166  TABLE_INFIT_700            DATA           128KB  01/31/2019 10:10:30        
                         167  TABLE_INFIT_800            DATA           128KB  01/31/2019 10:10:37        
                         168  TABLE_INFIT_900            DATA           128KB  01/31/2019 10:10:43        
                         169  TABLE_INFIT_T_197          DATA           128KB  01/31/2019 10:10:48        
                         170  TABLE_INFIT_T_300          DATA           128KB  01/31/2019 10:10:54        
                         171  TABLE_INFIT_T_400          DATA           128KB  01/31/2019 10:11:00        
                         172  TABLE_INFIT_T_500          DATA           128KB  01/31/2019 10:11:06        
                         173  TABLE_INFIT_T_600          DATA           128KB  01/31/2019 10:11:12        
3554       	delete
3555       	out_PW_I&nitems._N300_&from._&to.
3556       	out_PW_I&nitems._N350_&from._&to.
3557       	out_PW_I&nitems._N400_&from._&to.
3558       	out_PW_I&nitems._N450_&from._&to.
3559       	out_PW_I&nitems._N500_&from._&to.
3560       	out_PW_I&nitems._N550_&from._&to.
3561       	out_PW_I&nitems._N600_&from._&to.
3562       	;
3563       quit;

NOTE: Deleting FIT.OUT_PW_I10_N300_1_50 (memtype=DATA).
NOTE: Deleting FIT.OUT_PW_I10_N350_1_50 (memtype=DATA).
NOTE: Deleting FIT.OUT_PW_I10_N400_1_50 (memtype=DATA).
NOTE: Deleting FIT.OUT_PW_I10_N450_1_50 (memtype=DATA).
NOTE: Deleting FIT.OUT_PW_I10_N500_1_50 (memtype=DATA).
NOTE: Deleting FIT.OUT_PW_I10_N550_1_50 (memtype=DATA).
NOTE: Deleting FIT.OUT_PW_I10_N600_1_50 (memtype=DATA).
NOTE: PROCEDURE DATASETS used (Total process time):
      real time           0.43 seconds
      cpu time            0.03 seconds
      

NOTE: SAS Institute Inc., SAS Campus Drive, Cary, NC USA 27513-2414
63                                                         The SAS System                              13:54 Tuesday, March 26, 2019

NOTE: The SAS System used:
      real time           6:52:40.68
      cpu time            41:21.93
      
