1                                                          The SAS System                              13:56 Tuesday, March 26, 2019

NOTE: Unable to open SASUSER.REGSTRY. WORK.REGSTRY will be opened instead.
NOTE: All registry changes will be lost at the end of the session.

WARNING: Unable to copy SASUSER registry to WORK registry. Because of this, you will not see registry customizations during this 
         session.
NOTE: Unable to open SASUSER.PROFILE. WORK.PROFILE will be opened instead.
NOTE: All profile changes will be lost at the end of the session.
NOTE: Copyright (c) 2002-2012 by SAS Institute Inc., Cary, NC, USA. 
NOTE: SAS (r) Proprietary Software 9.4 (TS1M3) 
      Licensed to CAMPUS - KBH. UNI. - LINUX, Site 50803698.
NOTE: This session is executing on the Linux 3.10.0-957.5.1.el7.x86_64 (LIN X64) platform.



NOTE: Updated analytical products:
      
      SAS/STAT 14.1
      SAS/ETS 14.1
      SAS/OR 14.1
      SAS/IML 14.1
      SAS/QC 14.1

NOTE: Additional host information:

 Linux LIN X64 3.10.0-957.5.1.el7.x86_64 #1 SMP Wed Dec 19 10:46:58 EST 2018 x86_64 Red Hat Enterprise Linux Server release 7.6 
      (Maipo) 

You are running SAS 9. Some SAS 8 files will be automatically converted 
by the V9 engine; others are incompatible.  Please see 
http://support.sas.com/rnd/migration/planning/platform/64bit.html

PROC MIGRATE will preserve current SAS file attributes and is 
recommended for converting all your SAS libraries from any 
SAS 8 release to SAS 9.  For details and examples, please see
http://support.sas.com/rnd/migration/index.html


This message is contained in the SAS news file, and is presented upon
initialization.  Edit the file "news" in the "misc/base" directory to
display site-specific news and information in the program log.
The command line option "-nonews" will prevent this display.




NOTE: SAS initialization used:
      real time           0.56 seconds
      cpu time            0.02 seconds
      
1          %include '/home/ifsv/pzs913/FIT/simu.sas';
NOTE: Libref FIT was successfully assigned as follows: 
      Engine:        V9 
      Physical Name: /home/ifsv/pzs913/FIT
3530       
3531       %let nitems=10;
3532       %let from=1801;
3533       %let to=1850;
3534       %simu(samplesize=300, numberofitems=&nitems., from=&from., to=&to.);
2                                                          The SAS System                              13:56 Tuesday, March 26, 2019




------------------------------------------------------------------------------------------------

clean-up deleting 21 temporary data sets
WARNING: The negative of the Hessian is not positive definite. The convergence is questionable.
WARNING: The procedure is continuing but the validity of the model fit is questionable.
WARNING: The specified model did not converge.
WARNING: Negative of Hessian not positive definite.
clean-up deleting 76 temporary data sets
clean-up deleting 216 temporary data sets
clean-up deleting 73 temporary data sets



------------------------------------------------------------------------------------------------

clean-up deleting 93 temporary data sets
clean-up deleting 146 temporary data sets
clean-up deleting 216 temporary data sets
clean-up deleting 73 temporary data sets



------------------------------------------------------------------------------------------------

clean-up deleting 93 temporary data sets
clean-up deleting 146 temporary data sets
clean-up deleting 216 temporary data sets
clean-up deleting 73 temporary data sets



------------------------------------------------------------------------------------------------

clean-up deleting 93 temporary data sets
clean-up deleting 146 temporary data sets
clean-up deleting 216 temporary data sets
clean-up deleting 73 temporary data sets



------------------------------------------------------------------------------------------------

clean-up deleting 93 temporary data sets
WARNING: The negative of the Hessian is not positive definite. The convergence is questionable.
WARNING: The procedure is continuing but the validity of the model fit is questionable.
WARNING: The specified model did not converge.
WARNING: Negative of Hessian not positive definite.
clean-up deleting 146 temporary data sets
clean-up deleting 216 temporary data sets
clean-up deleting 73 temporary data sets



------------------------------------------------------------------------------------------------

3                                                          The SAS System                              13:56 Tuesday, March 26, 2019

clean-up deleting 93 temporary data sets
WARNING: The negative of the Hessian is not positive definite. The convergence is questionable.
WARNING: The procedure is continuing but the validity of the model fit is questionable.
WARNING: The specified model did not converge.
WARNING: Negative of Hessian not positive definite.
clean-up deleting 146 temporary data sets
clean-up deleting 216 temporary data sets
clean-up deleting 73 temporary data sets



------------------------------------------------------------------------------------------------

clean-up deleting 93 temporary data sets
clean-up deleting 146 temporary data sets
clean-up deleting 216 temporary data sets
clean-up deleting 73 temporary data sets



------------------------------------------------------------------------------------------------

clean-up deleting 93 temporary data sets
WARNING: The negative of the Hessian is not positive definite. The convergence is questionable.
WARNING: The procedure is continuing but the validity of the model fit is questionable.
WARNING: The specified model did not converge.
WARNING: Negative of Hessian not positive definite.
clean-up deleting 146 temporary data sets
clean-up deleting 216 temporary data sets
clean-up deleting 73 temporary data sets



------------------------------------------------------------------------------------------------

clean-up deleting 93 temporary data sets
clean-up deleting 146 temporary data sets
clean-up deleting 216 temporary data sets
clean-up deleting 73 temporary data sets



------------------------------------------------------------------------------------------------

clean-up deleting 93 temporary data sets
clean-up deleting 146 temporary data sets
clean-up deleting 216 temporary data sets
clean-up deleting 73 temporary data sets



------------------------------------------------------------------------------------------------

clean-up deleting 93 temporary data sets
clean-up deleting 146 temporary data sets
clean-up deleting 216 temporary data sets
clean-up deleting 73 temporary data sets

4                                                          The SAS System                              13:56 Tuesday, March 26, 2019



------------------------------------------------------------------------------------------------

clean-up deleting 93 temporary data sets
clean-up deleting 146 temporary data sets
clean-up deleting 216 temporary data sets
clean-up deleting 73 temporary data sets



------------------------------------------------------------------------------------------------

clean-up deleting 93 temporary data sets
clean-up deleting 146 temporary data sets
clean-up deleting 216 temporary data sets
clean-up deleting 73 temporary data sets



------------------------------------------------------------------------------------------------

clean-up deleting 93 temporary data sets
clean-up deleting 146 temporary data sets
clean-up deleting 216 temporary data sets
clean-up deleting 73 temporary data sets



------------------------------------------------------------------------------------------------

clean-up deleting 93 temporary data sets
WARNING: The negative of the Hessian is not positive definite. The convergence is questionable.
WARNING: The procedure is continuing but the validity of the model fit is questionable.
WARNING: The specified model did not converge.
WARNING: Negative of Hessian not positive definite.
clean-up deleting 146 temporary data sets
clean-up deleting 216 temporary data sets
clean-up deleting 73 temporary data sets



------------------------------------------------------------------------------------------------

clean-up deleting 93 temporary data sets
clean-up deleting 146 temporary data sets
clean-up deleting 216 temporary data sets
clean-up deleting 73 temporary data sets



------------------------------------------------------------------------------------------------

clean-up deleting 93 temporary data sets
WARNING: The negative of the Hessian is not positive definite. The convergence is questionable.
WARNING: The procedure is continuing but the validity of the model fit is questionable.
WARNING: The specified model did not converge.
WARNING: Negative of Hessian not positive definite.
5                                                          The SAS System                              13:56 Tuesday, March 26, 2019

clean-up deleting 146 temporary data sets
clean-up deleting 216 temporary data sets
clean-up deleting 73 temporary data sets



------------------------------------------------------------------------------------------------

clean-up deleting 93 temporary data sets
clean-up deleting 146 temporary data sets
clean-up deleting 216 temporary data sets
clean-up deleting 73 temporary data sets



------------------------------------------------------------------------------------------------

clean-up deleting 93 temporary data sets
clean-up deleting 146 temporary data sets
clean-up deleting 216 temporary data sets
clean-up deleting 73 temporary data sets



------------------------------------------------------------------------------------------------

clean-up deleting 93 temporary data sets
WARNING: The negative of the Hessian is not positive definite. The convergence is questionable.
WARNING: The procedure is continuing but the validity of the model fit is questionable.
WARNING: The specified model did not converge.
WARNING: Negative of Hessian not positive definite.
clean-up deleting 146 temporary data sets
clean-up deleting 216 temporary data sets
clean-up deleting 73 temporary data sets



------------------------------------------------------------------------------------------------

clean-up deleting 93 temporary data sets
clean-up deleting 146 temporary data sets
clean-up deleting 216 temporary data sets
clean-up deleting 73 temporary data sets



------------------------------------------------------------------------------------------------

clean-up deleting 93 temporary data sets
clean-up deleting 146 temporary data sets
clean-up deleting 216 temporary data sets
clean-up deleting 73 temporary data sets



------------------------------------------------------------------------------------------------

clean-up deleting 93 temporary data sets
6                                                          The SAS System                              13:56 Tuesday, March 26, 2019

clean-up deleting 146 temporary data sets
clean-up deleting 216 temporary data sets
clean-up deleting 73 temporary data sets



------------------------------------------------------------------------------------------------

clean-up deleting 93 temporary data sets
WARNING: The negative of the Hessian is not positive definite. The convergence is questionable.
WARNING: The procedure is continuing but the validity of the model fit is questionable.
WARNING: The specified model did not converge.
WARNING: Negative of Hessian not positive definite.
clean-up deleting 146 temporary data sets
clean-up deleting 216 temporary data sets
clean-up deleting 73 temporary data sets



------------------------------------------------------------------------------------------------

clean-up deleting 93 temporary data sets
clean-up deleting 146 temporary data sets
clean-up deleting 216 temporary data sets
clean-up deleting 73 temporary data sets



------------------------------------------------------------------------------------------------

clean-up deleting 93 temporary data sets
clean-up deleting 146 temporary data sets
clean-up deleting 216 temporary data sets
clean-up deleting 73 temporary data sets



------------------------------------------------------------------------------------------------

clean-up deleting 93 temporary data sets
clean-up deleting 146 temporary data sets
clean-up deleting 216 temporary data sets
clean-up deleting 73 temporary data sets



------------------------------------------------------------------------------------------------

clean-up deleting 93 temporary data sets
clean-up deleting 146 temporary data sets
clean-up deleting 216 temporary data sets
clean-up deleting 73 temporary data sets



------------------------------------------------------------------------------------------------

clean-up deleting 93 temporary data sets
7                                                          The SAS System                              13:56 Tuesday, March 26, 2019

clean-up deleting 146 temporary data sets
clean-up deleting 216 temporary data sets
clean-up deleting 73 temporary data sets



------------------------------------------------------------------------------------------------

clean-up deleting 93 temporary data sets
WARNING: The negative of the Hessian is not positive definite. The convergence is questionable.
WARNING: The procedure is continuing but the validity of the model fit is questionable.
WARNING: The specified model did not converge.
WARNING: Negative of Hessian not positive definite.
clean-up deleting 146 temporary data sets
clean-up deleting 216 temporary data sets
clean-up deleting 73 temporary data sets



------------------------------------------------------------------------------------------------

clean-up deleting 93 temporary data sets
clean-up deleting 146 temporary data sets
clean-up deleting 216 temporary data sets
clean-up deleting 73 temporary data sets



------------------------------------------------------------------------------------------------

clean-up deleting 93 temporary data sets
WARNING: The negative of the Hessian is not positive definite. The convergence is questionable.
WARNING: The procedure is continuing but the validity of the model fit is questionable.
WARNING: The specified model did not converge.
WARNING: Negative of Hessian not positive definite.
clean-up deleting 146 temporary data sets
clean-up deleting 216 temporary data sets
clean-up deleting 73 temporary data sets



------------------------------------------------------------------------------------------------

clean-up deleting 93 temporary data sets
WARNING: The negative of the Hessian is not positive definite. The convergence is questionable.
WARNING: The procedure is continuing but the validity of the model fit is questionable.
WARNING: The specified model did not converge.
WARNING: Negative of Hessian not positive definite.
clean-up deleting 146 temporary data sets
clean-up deleting 216 temporary data sets
clean-up deleting 73 temporary data sets



------------------------------------------------------------------------------------------------

clean-up deleting 93 temporary data sets
clean-up deleting 146 temporary data sets
8                                                          The SAS System                              13:56 Tuesday, March 26, 2019

clean-up deleting 216 temporary data sets
clean-up deleting 73 temporary data sets



------------------------------------------------------------------------------------------------

clean-up deleting 93 temporary data sets
WARNING: The negative of the Hessian is not positive definite. The convergence is questionable.
WARNING: The procedure is continuing but the validity of the model fit is questionable.
WARNING: The specified model did not converge.
WARNING: Negative of Hessian not positive definite.
clean-up deleting 146 temporary data sets
clean-up deleting 216 temporary data sets
clean-up deleting 73 temporary data sets



------------------------------------------------------------------------------------------------

clean-up deleting 93 temporary data sets
clean-up deleting 146 temporary data sets
clean-up deleting 216 temporary data sets
clean-up deleting 73 temporary data sets



------------------------------------------------------------------------------------------------

clean-up deleting 93 temporary data sets
clean-up deleting 146 temporary data sets
clean-up deleting 216 temporary data sets
clean-up deleting 73 temporary data sets



------------------------------------------------------------------------------------------------

clean-up deleting 93 temporary data sets
clean-up deleting 146 temporary data sets
clean-up deleting 216 temporary data sets
clean-up deleting 73 temporary data sets



------------------------------------------------------------------------------------------------

clean-up deleting 93 temporary data sets
clean-up deleting 146 temporary data sets
clean-up deleting 216 temporary data sets
clean-up deleting 73 temporary data sets



------------------------------------------------------------------------------------------------

clean-up deleting 93 temporary data sets
clean-up deleting 146 temporary data sets
9                                                          The SAS System                              13:56 Tuesday, March 26, 2019

clean-up deleting 216 temporary data sets
clean-up deleting 73 temporary data sets



------------------------------------------------------------------------------------------------

clean-up deleting 93 temporary data sets
clean-up deleting 146 temporary data sets
clean-up deleting 216 temporary data sets
clean-up deleting 73 temporary data sets



------------------------------------------------------------------------------------------------

clean-up deleting 93 temporary data sets
clean-up deleting 146 temporary data sets
clean-up deleting 216 temporary data sets
clean-up deleting 73 temporary data sets



------------------------------------------------------------------------------------------------

clean-up deleting 93 temporary data sets
WARNING: The negative of the Hessian is not positive definite. The convergence is questionable.
WARNING: The procedure is continuing but the validity of the model fit is questionable.
WARNING: The specified model did not converge.
WARNING: Negative of Hessian not positive definite.
clean-up deleting 146 temporary data sets
clean-up deleting 216 temporary data sets
clean-up deleting 73 temporary data sets



------------------------------------------------------------------------------------------------

clean-up deleting 93 temporary data sets
WARNING: The negative of the Hessian is not positive definite. The convergence is questionable.
WARNING: The procedure is continuing but the validity of the model fit is questionable.
WARNING: The specified model did not converge.
WARNING: Negative of Hessian not positive definite.
clean-up deleting 146 temporary data sets
clean-up deleting 216 temporary data sets
clean-up deleting 73 temporary data sets



------------------------------------------------------------------------------------------------

clean-up deleting 93 temporary data sets
clean-up deleting 146 temporary data sets
clean-up deleting 216 temporary data sets
clean-up deleting 73 temporary data sets



10                                                         The SAS System                              13:56 Tuesday, March 26, 2019

------------------------------------------------------------------------------------------------

clean-up deleting 93 temporary data sets
WARNING: The negative of the Hessian is not positive definite. The convergence is questionable.
WARNING: The procedure is continuing but the validity of the model fit is questionable.
WARNING: The specified model did not converge.
WARNING: Negative of Hessian not positive definite.
clean-up deleting 146 temporary data sets
clean-up deleting 216 temporary data sets
clean-up deleting 73 temporary data sets



------------------------------------------------------------------------------------------------

clean-up deleting 93 temporary data sets
clean-up deleting 146 temporary data sets
clean-up deleting 216 temporary data sets
clean-up deleting 73 temporary data sets



------------------------------------------------------------------------------------------------

clean-up deleting 93 temporary data sets
clean-up deleting 146 temporary data sets
clean-up deleting 216 temporary data sets
clean-up deleting 73 temporary data sets



------------------------------------------------------------------------------------------------

clean-up deleting 93 temporary data sets
clean-up deleting 146 temporary data sets
clean-up deleting 216 temporary data sets
clean-up deleting 73 temporary data sets



------------------------------------------------------------------------------------------------

clean-up deleting 93 temporary data sets
clean-up deleting 146 temporary data sets
clean-up deleting 216 temporary data sets
clean-up deleting 73 temporary data sets
3535       %simu(samplesize=350, numberofitems=&nitems., from=&from., to=&to.);



------------------------------------------------------------------------------------------------

clean-up deleting 93 temporary data sets
clean-up deleting 146 temporary data sets
clean-up deleting 216 temporary data sets
clean-up deleting 73 temporary data sets


11                                                         The SAS System                              13:56 Tuesday, March 26, 2019


------------------------------------------------------------------------------------------------

clean-up deleting 93 temporary data sets
clean-up deleting 146 temporary data sets
clean-up deleting 216 temporary data sets
clean-up deleting 73 temporary data sets



------------------------------------------------------------------------------------------------

clean-up deleting 93 temporary data sets
clean-up deleting 146 temporary data sets
clean-up deleting 216 temporary data sets
clean-up deleting 73 temporary data sets



------------------------------------------------------------------------------------------------

clean-up deleting 93 temporary data sets
clean-up deleting 146 temporary data sets
clean-up deleting 216 temporary data sets
clean-up deleting 73 temporary data sets



------------------------------------------------------------------------------------------------

clean-up deleting 93 temporary data sets
WARNING: The negative of the Hessian is not positive definite. The convergence is questionable.
WARNING: The procedure is continuing but the validity of the model fit is questionable.
WARNING: The specified model did not converge.
WARNING: Negative of Hessian not positive definite.
clean-up deleting 146 temporary data sets
clean-up deleting 216 temporary data sets
clean-up deleting 73 temporary data sets



------------------------------------------------------------------------------------------------

clean-up deleting 93 temporary data sets
clean-up deleting 146 temporary data sets
clean-up deleting 216 temporary data sets
clean-up deleting 73 temporary data sets



------------------------------------------------------------------------------------------------

clean-up deleting 93 temporary data sets
clean-up deleting 146 temporary data sets
clean-up deleting 216 temporary data sets
clean-up deleting 73 temporary data sets


12                                                         The SAS System                              13:56 Tuesday, March 26, 2019


------------------------------------------------------------------------------------------------

clean-up deleting 93 temporary data sets
clean-up deleting 146 temporary data sets
clean-up deleting 216 temporary data sets
clean-up deleting 73 temporary data sets



------------------------------------------------------------------------------------------------

clean-up deleting 93 temporary data sets
clean-up deleting 146 temporary data sets
clean-up deleting 216 temporary data sets
clean-up deleting 73 temporary data sets



------------------------------------------------------------------------------------------------

clean-up deleting 93 temporary data sets
clean-up deleting 146 temporary data sets
clean-up deleting 216 temporary data sets
clean-up deleting 73 temporary data sets



------------------------------------------------------------------------------------------------

clean-up deleting 93 temporary data sets
WARNING: The negative of the Hessian is not positive definite. The convergence is questionable.
WARNING: The procedure is continuing but the validity of the model fit is questionable.
WARNING: The specified model did not converge.
WARNING: Negative of Hessian not positive definite.
clean-up deleting 146 temporary data sets
clean-up deleting 216 temporary data sets
clean-up deleting 73 temporary data sets



------------------------------------------------------------------------------------------------

clean-up deleting 93 temporary data sets
WARNING: The negative of the Hessian is not positive definite. The convergence is questionable.
WARNING: The procedure is continuing but the validity of the model fit is questionable.
WARNING: The specified model did not converge.
WARNING: Negative of Hessian not positive definite.
clean-up deleting 146 temporary data sets
clean-up deleting 216 temporary data sets
clean-up deleting 73 temporary data sets



------------------------------------------------------------------------------------------------

clean-up deleting 93 temporary data sets
WARNING: The negative of the Hessian is not positive definite. The convergence is questionable.
13                                                         The SAS System                              13:56 Tuesday, March 26, 2019

WARNING: The procedure is continuing but the validity of the model fit is questionable.
WARNING: The specified model did not converge.
WARNING: Negative of Hessian not positive definite.
clean-up deleting 146 temporary data sets
clean-up deleting 216 temporary data sets
clean-up deleting 73 temporary data sets



------------------------------------------------------------------------------------------------

clean-up deleting 93 temporary data sets
clean-up deleting 146 temporary data sets
clean-up deleting 216 temporary data sets
clean-up deleting 73 temporary data sets



------------------------------------------------------------------------------------------------

clean-up deleting 93 temporary data sets
clean-up deleting 146 temporary data sets
clean-up deleting 216 temporary data sets
clean-up deleting 73 temporary data sets



------------------------------------------------------------------------------------------------

clean-up deleting 93 temporary data sets
clean-up deleting 146 temporary data sets
clean-up deleting 216 temporary data sets
clean-up deleting 73 temporary data sets



------------------------------------------------------------------------------------------------

clean-up deleting 93 temporary data sets
clean-up deleting 146 temporary data sets
clean-up deleting 216 temporary data sets
clean-up deleting 73 temporary data sets



------------------------------------------------------------------------------------------------

clean-up deleting 93 temporary data sets
clean-up deleting 146 temporary data sets
clean-up deleting 216 temporary data sets
clean-up deleting 73 temporary data sets



------------------------------------------------------------------------------------------------

clean-up deleting 93 temporary data sets
WARNING: The negative of the Hessian is not positive definite. The convergence is questionable.
14                                                         The SAS System                              13:56 Tuesday, March 26, 2019

WARNING: The procedure is continuing but the validity of the model fit is questionable.
WARNING: The specified model did not converge.
WARNING: Negative of Hessian not positive definite.
clean-up deleting 146 temporary data sets
clean-up deleting 216 temporary data sets
clean-up deleting 73 temporary data sets



------------------------------------------------------------------------------------------------

clean-up deleting 93 temporary data sets
clean-up deleting 146 temporary data sets
clean-up deleting 216 temporary data sets
clean-up deleting 73 temporary data sets



------------------------------------------------------------------------------------------------

clean-up deleting 93 temporary data sets
clean-up deleting 146 temporary data sets
clean-up deleting 216 temporary data sets
clean-up deleting 73 temporary data sets



------------------------------------------------------------------------------------------------

clean-up deleting 93 temporary data sets
clean-up deleting 146 temporary data sets
clean-up deleting 216 temporary data sets
clean-up deleting 73 temporary data sets



------------------------------------------------------------------------------------------------

clean-up deleting 93 temporary data sets
clean-up deleting 146 temporary data sets
clean-up deleting 216 temporary data sets
clean-up deleting 73 temporary data sets



------------------------------------------------------------------------------------------------

clean-up deleting 93 temporary data sets
clean-up deleting 146 temporary data sets
clean-up deleting 216 temporary data sets
clean-up deleting 73 temporary data sets



------------------------------------------------------------------------------------------------

clean-up deleting 93 temporary data sets
WARNING: The negative of the Hessian is not positive definite. The convergence is questionable.
15                                                         The SAS System                              13:56 Tuesday, March 26, 2019

WARNING: The procedure is continuing but the validity of the model fit is questionable.
WARNING: The specified model did not converge.
WARNING: Negative of Hessian not positive definite.
clean-up deleting 146 temporary data sets
clean-up deleting 216 temporary data sets
clean-up deleting 73 temporary data sets



------------------------------------------------------------------------------------------------

clean-up deleting 93 temporary data sets
clean-up deleting 146 temporary data sets
clean-up deleting 216 temporary data sets
clean-up deleting 73 temporary data sets



------------------------------------------------------------------------------------------------

clean-up deleting 93 temporary data sets
clean-up deleting 146 temporary data sets
clean-up deleting 216 temporary data sets
clean-up deleting 73 temporary data sets



------------------------------------------------------------------------------------------------

clean-up deleting 93 temporary data sets
clean-up deleting 146 temporary data sets
clean-up deleting 216 temporary data sets
clean-up deleting 73 temporary data sets



------------------------------------------------------------------------------------------------

clean-up deleting 93 temporary data sets
WARNING: The negative of the Hessian is not positive definite. The convergence is questionable.
WARNING: The procedure is continuing but the validity of the model fit is questionable.
WARNING: The specified model did not converge.
WARNING: Negative of Hessian not positive definite.
clean-up deleting 146 temporary data sets
clean-up deleting 216 temporary data sets
clean-up deleting 73 temporary data sets



------------------------------------------------------------------------------------------------

clean-up deleting 93 temporary data sets
clean-up deleting 146 temporary data sets
clean-up deleting 216 temporary data sets
clean-up deleting 73 temporary data sets



16                                                         The SAS System                              13:56 Tuesday, March 26, 2019

------------------------------------------------------------------------------------------------

clean-up deleting 93 temporary data sets
clean-up deleting 146 temporary data sets
clean-up deleting 216 temporary data sets
clean-up deleting 73 temporary data sets



------------------------------------------------------------------------------------------------

clean-up deleting 93 temporary data sets
clean-up deleting 146 temporary data sets
clean-up deleting 216 temporary data sets
clean-up deleting 73 temporary data sets



------------------------------------------------------------------------------------------------

clean-up deleting 93 temporary data sets
WARNING: The negative of the Hessian is not positive definite. The convergence is questionable.
WARNING: The procedure is continuing but the validity of the model fit is questionable.
WARNING: The specified model did not converge.
WARNING: Negative of Hessian not positive definite.
clean-up deleting 146 temporary data sets
clean-up deleting 216 temporary data sets
clean-up deleting 73 temporary data sets



------------------------------------------------------------------------------------------------

clean-up deleting 93 temporary data sets
clean-up deleting 146 temporary data sets
clean-up deleting 216 temporary data sets
clean-up deleting 73 temporary data sets



------------------------------------------------------------------------------------------------

clean-up deleting 93 temporary data sets
clean-up deleting 146 temporary data sets
clean-up deleting 216 temporary data sets
clean-up deleting 73 temporary data sets



------------------------------------------------------------------------------------------------

clean-up deleting 93 temporary data sets
clean-up deleting 146 temporary data sets
clean-up deleting 216 temporary data sets
clean-up deleting 73 temporary data sets



17                                                         The SAS System                              13:56 Tuesday, March 26, 2019

------------------------------------------------------------------------------------------------

clean-up deleting 93 temporary data sets
clean-up deleting 146 temporary data sets
clean-up deleting 216 temporary data sets
clean-up deleting 73 temporary data sets



------------------------------------------------------------------------------------------------

clean-up deleting 93 temporary data sets
clean-up deleting 146 temporary data sets
clean-up deleting 216 temporary data sets
clean-up deleting 73 temporary data sets



------------------------------------------------------------------------------------------------

clean-up deleting 93 temporary data sets
clean-up deleting 146 temporary data sets
clean-up deleting 216 temporary data sets
clean-up deleting 73 temporary data sets



------------------------------------------------------------------------------------------------

clean-up deleting 93 temporary data sets
clean-up deleting 146 temporary data sets
clean-up deleting 216 temporary data sets
clean-up deleting 73 temporary data sets



------------------------------------------------------------------------------------------------

clean-up deleting 93 temporary data sets
clean-up deleting 146 temporary data sets
clean-up deleting 216 temporary data sets
clean-up deleting 73 temporary data sets



------------------------------------------------------------------------------------------------

clean-up deleting 93 temporary data sets
WARNING: The negative of the Hessian is not positive definite. The convergence is questionable.
WARNING: The procedure is continuing but the validity of the model fit is questionable.
WARNING: The specified model did not converge.
WARNING: Negative of Hessian not positive definite.
clean-up deleting 146 temporary data sets
clean-up deleting 216 temporary data sets
clean-up deleting 73 temporary data sets



18                                                         The SAS System                              13:56 Tuesday, March 26, 2019

------------------------------------------------------------------------------------------------

clean-up deleting 93 temporary data sets
clean-up deleting 146 temporary data sets
clean-up deleting 216 temporary data sets
clean-up deleting 73 temporary data sets



------------------------------------------------------------------------------------------------

clean-up deleting 93 temporary data sets
clean-up deleting 146 temporary data sets
clean-up deleting 216 temporary data sets
clean-up deleting 73 temporary data sets



------------------------------------------------------------------------------------------------

clean-up deleting 93 temporary data sets
clean-up deleting 146 temporary data sets
clean-up deleting 216 temporary data sets
clean-up deleting 73 temporary data sets



------------------------------------------------------------------------------------------------

clean-up deleting 93 temporary data sets
clean-up deleting 146 temporary data sets
clean-up deleting 216 temporary data sets
clean-up deleting 73 temporary data sets



------------------------------------------------------------------------------------------------

clean-up deleting 93 temporary data sets
clean-up deleting 146 temporary data sets
clean-up deleting 216 temporary data sets
clean-up deleting 73 temporary data sets



------------------------------------------------------------------------------------------------

clean-up deleting 93 temporary data sets
WARNING: The negative of the Hessian is not positive definite. The convergence is questionable.
WARNING: The procedure is continuing but the validity of the model fit is questionable.
WARNING: The specified model did not converge.
WARNING: Negative of Hessian not positive definite.
clean-up deleting 146 temporary data sets
clean-up deleting 216 temporary data sets
clean-up deleting 73 temporary data sets



19                                                         The SAS System                              13:56 Tuesday, March 26, 2019

------------------------------------------------------------------------------------------------

clean-up deleting 93 temporary data sets
clean-up deleting 146 temporary data sets
clean-up deleting 216 temporary data sets
clean-up deleting 73 temporary data sets



------------------------------------------------------------------------------------------------

clean-up deleting 93 temporary data sets
clean-up deleting 146 temporary data sets
clean-up deleting 216 temporary data sets
clean-up deleting 73 temporary data sets
3536       %simu(samplesize=400, numberofitems=&nitems., from=&from., to=&to.);



------------------------------------------------------------------------------------------------

clean-up deleting 93 temporary data sets
WARNING: The negative of the Hessian is not positive definite. The convergence is questionable.
WARNING: The procedure is continuing but the validity of the model fit is questionable.
WARNING: The specified model did not converge.
WARNING: Negative of Hessian not positive definite.
clean-up deleting 146 temporary data sets
clean-up deleting 216 temporary data sets
clean-up deleting 73 temporary data sets



------------------------------------------------------------------------------------------------

clean-up deleting 93 temporary data sets
clean-up deleting 146 temporary data sets
clean-up deleting 216 temporary data sets
clean-up deleting 73 temporary data sets



------------------------------------------------------------------------------------------------

clean-up deleting 93 temporary data sets
clean-up deleting 146 temporary data sets
clean-up deleting 216 temporary data sets
clean-up deleting 73 temporary data sets



------------------------------------------------------------------------------------------------

clean-up deleting 93 temporary data sets
clean-up deleting 146 temporary data sets
clean-up deleting 216 temporary data sets
clean-up deleting 73 temporary data sets


20                                                         The SAS System                              13:56 Tuesday, March 26, 2019


------------------------------------------------------------------------------------------------

clean-up deleting 93 temporary data sets
clean-up deleting 146 temporary data sets
clean-up deleting 216 temporary data sets
clean-up deleting 73 temporary data sets



------------------------------------------------------------------------------------------------

clean-up deleting 93 temporary data sets
clean-up deleting 146 temporary data sets
clean-up deleting 216 temporary data sets
clean-up deleting 73 temporary data sets



------------------------------------------------------------------------------------------------

clean-up deleting 93 temporary data sets
clean-up deleting 146 temporary data sets
clean-up deleting 216 temporary data sets
clean-up deleting 73 temporary data sets



------------------------------------------------------------------------------------------------

clean-up deleting 93 temporary data sets
clean-up deleting 146 temporary data sets
clean-up deleting 216 temporary data sets
clean-up deleting 73 temporary data sets



------------------------------------------------------------------------------------------------

clean-up deleting 93 temporary data sets
clean-up deleting 146 temporary data sets
clean-up deleting 216 temporary data sets
clean-up deleting 73 temporary data sets



------------------------------------------------------------------------------------------------

clean-up deleting 93 temporary data sets
clean-up deleting 146 temporary data sets
clean-up deleting 216 temporary data sets
clean-up deleting 73 temporary data sets



------------------------------------------------------------------------------------------------

clean-up deleting 93 temporary data sets
21                                                         The SAS System                              13:56 Tuesday, March 26, 2019

clean-up deleting 146 temporary data sets
clean-up deleting 216 temporary data sets
clean-up deleting 73 temporary data sets



------------------------------------------------------------------------------------------------

clean-up deleting 93 temporary data sets
clean-up deleting 146 temporary data sets
clean-up deleting 216 temporary data sets
clean-up deleting 73 temporary data sets



------------------------------------------------------------------------------------------------

clean-up deleting 93 temporary data sets
clean-up deleting 146 temporary data sets
clean-up deleting 216 temporary data sets
clean-up deleting 73 temporary data sets



------------------------------------------------------------------------------------------------

clean-up deleting 93 temporary data sets
WARNING: The negative of the Hessian is not positive definite. The convergence is questionable.
WARNING: The procedure is continuing but the validity of the model fit is questionable.
WARNING: The specified model did not converge.
WARNING: Negative of Hessian not positive definite.
clean-up deleting 146 temporary data sets
clean-up deleting 216 temporary data sets
clean-up deleting 73 temporary data sets



------------------------------------------------------------------------------------------------

clean-up deleting 93 temporary data sets
clean-up deleting 146 temporary data sets
clean-up deleting 216 temporary data sets
clean-up deleting 73 temporary data sets



------------------------------------------------------------------------------------------------

clean-up deleting 93 temporary data sets
clean-up deleting 146 temporary data sets
clean-up deleting 216 temporary data sets
clean-up deleting 73 temporary data sets



------------------------------------------------------------------------------------------------

clean-up deleting 93 temporary data sets
22                                                         The SAS System                              13:56 Tuesday, March 26, 2019

WARNING: The negative of the Hessian is not positive definite. The convergence is questionable.
WARNING: The procedure is continuing but the validity of the model fit is questionable.
WARNING: The specified model did not converge.
WARNING: Negative of Hessian not positive definite.
clean-up deleting 146 temporary data sets
clean-up deleting 216 temporary data sets
clean-up deleting 73 temporary data sets



------------------------------------------------------------------------------------------------

clean-up deleting 93 temporary data sets
clean-up deleting 146 temporary data sets
clean-up deleting 216 temporary data sets
clean-up deleting 73 temporary data sets



------------------------------------------------------------------------------------------------

clean-up deleting 93 temporary data sets
clean-up deleting 146 temporary data sets
clean-up deleting 216 temporary data sets
clean-up deleting 73 temporary data sets



------------------------------------------------------------------------------------------------

clean-up deleting 93 temporary data sets
clean-up deleting 146 temporary data sets
clean-up deleting 216 temporary data sets
clean-up deleting 73 temporary data sets



------------------------------------------------------------------------------------------------

clean-up deleting 93 temporary data sets
clean-up deleting 146 temporary data sets
clean-up deleting 216 temporary data sets
clean-up deleting 73 temporary data sets



------------------------------------------------------------------------------------------------

clean-up deleting 93 temporary data sets
clean-up deleting 146 temporary data sets
clean-up deleting 216 temporary data sets
clean-up deleting 73 temporary data sets



------------------------------------------------------------------------------------------------

clean-up deleting 93 temporary data sets
23                                                         The SAS System                              13:56 Tuesday, March 26, 2019

clean-up deleting 146 temporary data sets
clean-up deleting 216 temporary data sets
clean-up deleting 73 temporary data sets



------------------------------------------------------------------------------------------------

clean-up deleting 93 temporary data sets
WARNING: The negative of the Hessian is not positive definite. The convergence is questionable.
WARNING: The procedure is continuing but the validity of the model fit is questionable.
WARNING: The specified model did not converge.
WARNING: Negative of Hessian not positive definite.
clean-up deleting 146 temporary data sets
clean-up deleting 216 temporary data sets
clean-up deleting 73 temporary data sets



------------------------------------------------------------------------------------------------

clean-up deleting 93 temporary data sets
clean-up deleting 146 temporary data sets
clean-up deleting 216 temporary data sets
clean-up deleting 73 temporary data sets



------------------------------------------------------------------------------------------------

clean-up deleting 93 temporary data sets
clean-up deleting 146 temporary data sets
clean-up deleting 216 temporary data sets
clean-up deleting 73 temporary data sets



------------------------------------------------------------------------------------------------

clean-up deleting 93 temporary data sets
clean-up deleting 146 temporary data sets
clean-up deleting 216 temporary data sets
clean-up deleting 73 temporary data sets



------------------------------------------------------------------------------------------------

clean-up deleting 93 temporary data sets
clean-up deleting 146 temporary data sets
clean-up deleting 216 temporary data sets
clean-up deleting 73 temporary data sets



------------------------------------------------------------------------------------------------

clean-up deleting 93 temporary data sets
24                                                         The SAS System                              13:56 Tuesday, March 26, 2019

clean-up deleting 146 temporary data sets
clean-up deleting 216 temporary data sets
clean-up deleting 73 temporary data sets



------------------------------------------------------------------------------------------------

clean-up deleting 93 temporary data sets
clean-up deleting 146 temporary data sets
clean-up deleting 216 temporary data sets
clean-up deleting 73 temporary data sets



------------------------------------------------------------------------------------------------

clean-up deleting 93 temporary data sets
clean-up deleting 146 temporary data sets
clean-up deleting 216 temporary data sets
clean-up deleting 73 temporary data sets



------------------------------------------------------------------------------------------------

clean-up deleting 93 temporary data sets
clean-up deleting 146 temporary data sets
clean-up deleting 216 temporary data sets
clean-up deleting 73 temporary data sets



------------------------------------------------------------------------------------------------

clean-up deleting 93 temporary data sets
clean-up deleting 146 temporary data sets
clean-up deleting 216 temporary data sets
clean-up deleting 73 temporary data sets



------------------------------------------------------------------------------------------------

clean-up deleting 93 temporary data sets
clean-up deleting 146 temporary data sets
clean-up deleting 216 temporary data sets
clean-up deleting 73 temporary data sets



------------------------------------------------------------------------------------------------

clean-up deleting 93 temporary data sets
clean-up deleting 146 temporary data sets
clean-up deleting 216 temporary data sets
clean-up deleting 73 temporary data sets

25                                                         The SAS System                              13:56 Tuesday, March 26, 2019



------------------------------------------------------------------------------------------------

clean-up deleting 93 temporary data sets
clean-up deleting 146 temporary data sets
clean-up deleting 216 temporary data sets
clean-up deleting 73 temporary data sets



------------------------------------------------------------------------------------------------

clean-up deleting 93 temporary data sets
clean-up deleting 146 temporary data sets
clean-up deleting 216 temporary data sets
clean-up deleting 73 temporary data sets



------------------------------------------------------------------------------------------------

clean-up deleting 93 temporary data sets
clean-up deleting 146 temporary data sets
clean-up deleting 216 temporary data sets
clean-up deleting 73 temporary data sets



------------------------------------------------------------------------------------------------

clean-up deleting 93 temporary data sets
WARNING: The negative of the Hessian is not positive definite. The convergence is questionable.
WARNING: The procedure is continuing but the validity of the model fit is questionable.
WARNING: The specified model did not converge.
WARNING: Negative of Hessian not positive definite.
clean-up deleting 146 temporary data sets
clean-up deleting 216 temporary data sets
clean-up deleting 73 temporary data sets



------------------------------------------------------------------------------------------------

clean-up deleting 93 temporary data sets
clean-up deleting 146 temporary data sets
clean-up deleting 216 temporary data sets
clean-up deleting 73 temporary data sets



------------------------------------------------------------------------------------------------

clean-up deleting 93 temporary data sets
clean-up deleting 146 temporary data sets
clean-up deleting 216 temporary data sets
clean-up deleting 73 temporary data sets

26                                                         The SAS System                              13:56 Tuesday, March 26, 2019



------------------------------------------------------------------------------------------------

clean-up deleting 93 temporary data sets
clean-up deleting 146 temporary data sets
clean-up deleting 216 temporary data sets
clean-up deleting 73 temporary data sets



------------------------------------------------------------------------------------------------

clean-up deleting 93 temporary data sets
clean-up deleting 146 temporary data sets
clean-up deleting 216 temporary data sets
clean-up deleting 73 temporary data sets



------------------------------------------------------------------------------------------------

clean-up deleting 93 temporary data sets
clean-up deleting 146 temporary data sets
clean-up deleting 216 temporary data sets
clean-up deleting 73 temporary data sets



------------------------------------------------------------------------------------------------

clean-up deleting 93 temporary data sets
clean-up deleting 146 temporary data sets
clean-up deleting 216 temporary data sets
clean-up deleting 73 temporary data sets



------------------------------------------------------------------------------------------------

clean-up deleting 93 temporary data sets
clean-up deleting 146 temporary data sets
clean-up deleting 216 temporary data sets
clean-up deleting 73 temporary data sets



------------------------------------------------------------------------------------------------

clean-up deleting 93 temporary data sets
WARNING: The negative of the Hessian is not positive definite. The convergence is questionable.
WARNING: The procedure is continuing but the validity of the model fit is questionable.
WARNING: The specified model did not converge.
WARNING: Negative of Hessian not positive definite.
clean-up deleting 146 temporary data sets
clean-up deleting 216 temporary data sets
clean-up deleting 73 temporary data sets

27                                                         The SAS System                              13:56 Tuesday, March 26, 2019



------------------------------------------------------------------------------------------------

clean-up deleting 93 temporary data sets
clean-up deleting 146 temporary data sets
clean-up deleting 216 temporary data sets
clean-up deleting 73 temporary data sets



------------------------------------------------------------------------------------------------

clean-up deleting 93 temporary data sets
clean-up deleting 146 temporary data sets
clean-up deleting 216 temporary data sets
clean-up deleting 73 temporary data sets



------------------------------------------------------------------------------------------------

clean-up deleting 93 temporary data sets
clean-up deleting 146 temporary data sets
clean-up deleting 216 temporary data sets
clean-up deleting 73 temporary data sets
3537       %simu(samplesize=450, numberofitems=&nitems., from=&from., to=&to.);



------------------------------------------------------------------------------------------------

clean-up deleting 93 temporary data sets
clean-up deleting 146 temporary data sets
clean-up deleting 216 temporary data sets
clean-up deleting 73 temporary data sets



------------------------------------------------------------------------------------------------

clean-up deleting 93 temporary data sets
clean-up deleting 146 temporary data sets
clean-up deleting 216 temporary data sets
clean-up deleting 73 temporary data sets



------------------------------------------------------------------------------------------------

clean-up deleting 93 temporary data sets
WARNING: The negative of the Hessian is not positive definite. The convergence is questionable.
WARNING: The procedure is continuing but the validity of the model fit is questionable.
WARNING: The specified model did not converge.
WARNING: Negative of Hessian not positive definite.
clean-up deleting 146 temporary data sets
clean-up deleting 216 temporary data sets
clean-up deleting 73 temporary data sets
28                                                         The SAS System                              13:56 Tuesday, March 26, 2019




------------------------------------------------------------------------------------------------

clean-up deleting 93 temporary data sets
clean-up deleting 146 temporary data sets
clean-up deleting 216 temporary data sets
clean-up deleting 73 temporary data sets



------------------------------------------------------------------------------------------------

clean-up deleting 93 temporary data sets
WARNING: The negative of the Hessian is not positive definite. The convergence is questionable.
WARNING: The procedure is continuing but the validity of the model fit is questionable.
WARNING: The specified model did not converge.
WARNING: Negative of Hessian not positive definite.
clean-up deleting 146 temporary data sets
clean-up deleting 216 temporary data sets
clean-up deleting 73 temporary data sets



------------------------------------------------------------------------------------------------

clean-up deleting 93 temporary data sets
clean-up deleting 146 temporary data sets
clean-up deleting 216 temporary data sets
clean-up deleting 73 temporary data sets



------------------------------------------------------------------------------------------------

clean-up deleting 93 temporary data sets
clean-up deleting 146 temporary data sets
clean-up deleting 216 temporary data sets
clean-up deleting 73 temporary data sets



------------------------------------------------------------------------------------------------

clean-up deleting 93 temporary data sets
clean-up deleting 146 temporary data sets
clean-up deleting 216 temporary data sets
clean-up deleting 73 temporary data sets



------------------------------------------------------------------------------------------------

clean-up deleting 93 temporary data sets
clean-up deleting 146 temporary data sets
clean-up deleting 216 temporary data sets
clean-up deleting 73 temporary data sets
29                                                         The SAS System                              13:56 Tuesday, March 26, 2019




------------------------------------------------------------------------------------------------

clean-up deleting 93 temporary data sets
WARNING: The negative of the Hessian is not positive definite. The convergence is questionable.
WARNING: The procedure is continuing but the validity of the model fit is questionable.
WARNING: The specified model did not converge.
WARNING: Negative of Hessian not positive definite.
clean-up deleting 146 temporary data sets
clean-up deleting 216 temporary data sets
clean-up deleting 73 temporary data sets



------------------------------------------------------------------------------------------------

clean-up deleting 93 temporary data sets
clean-up deleting 146 temporary data sets
clean-up deleting 216 temporary data sets
clean-up deleting 73 temporary data sets



------------------------------------------------------------------------------------------------

clean-up deleting 93 temporary data sets
clean-up deleting 146 temporary data sets
clean-up deleting 216 temporary data sets
clean-up deleting 73 temporary data sets



------------------------------------------------------------------------------------------------

clean-up deleting 93 temporary data sets
clean-up deleting 146 temporary data sets
clean-up deleting 216 temporary data sets
clean-up deleting 73 temporary data sets



------------------------------------------------------------------------------------------------

clean-up deleting 93 temporary data sets
clean-up deleting 146 temporary data sets
clean-up deleting 216 temporary data sets
clean-up deleting 73 temporary data sets



------------------------------------------------------------------------------------------------

clean-up deleting 93 temporary data sets
clean-up deleting 146 temporary data sets
clean-up deleting 216 temporary data sets
clean-up deleting 73 temporary data sets
30                                                         The SAS System                              13:56 Tuesday, March 26, 2019




------------------------------------------------------------------------------------------------

clean-up deleting 93 temporary data sets
clean-up deleting 146 temporary data sets
clean-up deleting 216 temporary data sets
clean-up deleting 73 temporary data sets



------------------------------------------------------------------------------------------------

clean-up deleting 93 temporary data sets
clean-up deleting 146 temporary data sets
clean-up deleting 216 temporary data sets
clean-up deleting 73 temporary data sets



------------------------------------------------------------------------------------------------

clean-up deleting 93 temporary data sets
clean-up deleting 146 temporary data sets
clean-up deleting 216 temporary data sets
clean-up deleting 73 temporary data sets



------------------------------------------------------------------------------------------------

clean-up deleting 93 temporary data sets
clean-up deleting 146 temporary data sets
clean-up deleting 216 temporary data sets
clean-up deleting 73 temporary data sets



------------------------------------------------------------------------------------------------

clean-up deleting 93 temporary data sets
clean-up deleting 146 temporary data sets
clean-up deleting 216 temporary data sets
clean-up deleting 73 temporary data sets



------------------------------------------------------------------------------------------------

clean-up deleting 93 temporary data sets
clean-up deleting 146 temporary data sets
clean-up deleting 216 temporary data sets
clean-up deleting 73 temporary data sets



------------------------------------------------------------------------------------------------
31                                                         The SAS System                              13:56 Tuesday, March 26, 2019


clean-up deleting 93 temporary data sets
clean-up deleting 146 temporary data sets
clean-up deleting 216 temporary data sets
clean-up deleting 73 temporary data sets



------------------------------------------------------------------------------------------------

clean-up deleting 93 temporary data sets
clean-up deleting 146 temporary data sets
clean-up deleting 216 temporary data sets
clean-up deleting 73 temporary data sets



------------------------------------------------------------------------------------------------

clean-up deleting 93 temporary data sets
clean-up deleting 146 temporary data sets
clean-up deleting 216 temporary data sets
clean-up deleting 73 temporary data sets



------------------------------------------------------------------------------------------------

clean-up deleting 93 temporary data sets
clean-up deleting 146 temporary data sets
clean-up deleting 216 temporary data sets
clean-up deleting 73 temporary data sets



------------------------------------------------------------------------------------------------

clean-up deleting 93 temporary data sets
clean-up deleting 146 temporary data sets
clean-up deleting 216 temporary data sets
clean-up deleting 73 temporary data sets



------------------------------------------------------------------------------------------------

clean-up deleting 93 temporary data sets
clean-up deleting 146 temporary data sets
clean-up deleting 216 temporary data sets
clean-up deleting 73 temporary data sets



------------------------------------------------------------------------------------------------

clean-up deleting 93 temporary data sets
clean-up deleting 146 temporary data sets
clean-up deleting 216 temporary data sets
32                                                         The SAS System                              13:56 Tuesday, March 26, 2019

clean-up deleting 73 temporary data sets



------------------------------------------------------------------------------------------------

clean-up deleting 93 temporary data sets
clean-up deleting 146 temporary data sets
clean-up deleting 216 temporary data sets
clean-up deleting 73 temporary data sets



------------------------------------------------------------------------------------------------

clean-up deleting 93 temporary data sets
clean-up deleting 146 temporary data sets
clean-up deleting 216 temporary data sets
clean-up deleting 73 temporary data sets



------------------------------------------------------------------------------------------------

clean-up deleting 93 temporary data sets
clean-up deleting 146 temporary data sets
clean-up deleting 216 temporary data sets
clean-up deleting 73 temporary data sets



------------------------------------------------------------------------------------------------

clean-up deleting 93 temporary data sets
clean-up deleting 146 temporary data sets
clean-up deleting 216 temporary data sets
clean-up deleting 73 temporary data sets



------------------------------------------------------------------------------------------------

clean-up deleting 93 temporary data sets
clean-up deleting 146 temporary data sets
clean-up deleting 216 temporary data sets
clean-up deleting 73 temporary data sets



------------------------------------------------------------------------------------------------

clean-up deleting 93 temporary data sets
clean-up deleting 146 temporary data sets
clean-up deleting 216 temporary data sets
clean-up deleting 73 temporary data sets



33                                                         The SAS System                              13:56 Tuesday, March 26, 2019

------------------------------------------------------------------------------------------------

clean-up deleting 93 temporary data sets
clean-up deleting 146 temporary data sets
clean-up deleting 216 temporary data sets
clean-up deleting 73 temporary data sets



------------------------------------------------------------------------------------------------

clean-up deleting 93 temporary data sets
clean-up deleting 146 temporary data sets
clean-up deleting 216 temporary data sets
clean-up deleting 73 temporary data sets



------------------------------------------------------------------------------------------------

clean-up deleting 93 temporary data sets
clean-up deleting 146 temporary data sets
clean-up deleting 216 temporary data sets
clean-up deleting 73 temporary data sets



------------------------------------------------------------------------------------------------

clean-up deleting 93 temporary data sets
clean-up deleting 146 temporary data sets
clean-up deleting 216 temporary data sets
clean-up deleting 73 temporary data sets



------------------------------------------------------------------------------------------------

clean-up deleting 93 temporary data sets
clean-up deleting 146 temporary data sets
clean-up deleting 216 temporary data sets
clean-up deleting 73 temporary data sets



------------------------------------------------------------------------------------------------

clean-up deleting 93 temporary data sets
clean-up deleting 146 temporary data sets
clean-up deleting 216 temporary data sets
clean-up deleting 73 temporary data sets



------------------------------------------------------------------------------------------------

clean-up deleting 93 temporary data sets
clean-up deleting 146 temporary data sets
34                                                         The SAS System                              13:56 Tuesday, March 26, 2019

clean-up deleting 216 temporary data sets
clean-up deleting 73 temporary data sets



------------------------------------------------------------------------------------------------

clean-up deleting 93 temporary data sets
clean-up deleting 146 temporary data sets
clean-up deleting 216 temporary data sets
clean-up deleting 73 temporary data sets



------------------------------------------------------------------------------------------------

clean-up deleting 93 temporary data sets
WARNING: The negative of the Hessian is not positive definite. The convergence is questionable.
WARNING: The procedure is continuing but the validity of the model fit is questionable.
WARNING: The specified model did not converge.
WARNING: Negative of Hessian not positive definite.
clean-up deleting 146 temporary data sets
clean-up deleting 216 temporary data sets
clean-up deleting 73 temporary data sets



------------------------------------------------------------------------------------------------

clean-up deleting 93 temporary data sets
clean-up deleting 146 temporary data sets
clean-up deleting 216 temporary data sets
clean-up deleting 73 temporary data sets



------------------------------------------------------------------------------------------------

clean-up deleting 93 temporary data sets
clean-up deleting 146 temporary data sets
clean-up deleting 216 temporary data sets
clean-up deleting 73 temporary data sets



------------------------------------------------------------------------------------------------

clean-up deleting 93 temporary data sets
clean-up deleting 146 temporary data sets
clean-up deleting 216 temporary data sets
clean-up deleting 73 temporary data sets



------------------------------------------------------------------------------------------------

clean-up deleting 93 temporary data sets
clean-up deleting 146 temporary data sets
35                                                         The SAS System                              13:56 Tuesday, March 26, 2019

clean-up deleting 216 temporary data sets
clean-up deleting 73 temporary data sets



------------------------------------------------------------------------------------------------

clean-up deleting 93 temporary data sets
clean-up deleting 146 temporary data sets
clean-up deleting 216 temporary data sets
clean-up deleting 73 temporary data sets



------------------------------------------------------------------------------------------------

clean-up deleting 93 temporary data sets
clean-up deleting 146 temporary data sets
clean-up deleting 216 temporary data sets
clean-up deleting 73 temporary data sets



------------------------------------------------------------------------------------------------

clean-up deleting 93 temporary data sets
clean-up deleting 146 temporary data sets
clean-up deleting 216 temporary data sets
clean-up deleting 73 temporary data sets
3538       %simu(samplesize=500, numberofitems=&nitems., from=&from., to=&to.);



------------------------------------------------------------------------------------------------

clean-up deleting 93 temporary data sets
clean-up deleting 146 temporary data sets
clean-up deleting 216 temporary data sets
clean-up deleting 73 temporary data sets



------------------------------------------------------------------------------------------------

clean-up deleting 93 temporary data sets
clean-up deleting 146 temporary data sets
clean-up deleting 216 temporary data sets
clean-up deleting 73 temporary data sets



------------------------------------------------------------------------------------------------

clean-up deleting 93 temporary data sets
clean-up deleting 146 temporary data sets
clean-up deleting 216 temporary data sets
clean-up deleting 73 temporary data sets

36                                                         The SAS System                              13:56 Tuesday, March 26, 2019



------------------------------------------------------------------------------------------------

clean-up deleting 93 temporary data sets
clean-up deleting 146 temporary data sets
clean-up deleting 216 temporary data sets
clean-up deleting 73 temporary data sets



------------------------------------------------------------------------------------------------

clean-up deleting 93 temporary data sets
clean-up deleting 146 temporary data sets
clean-up deleting 216 temporary data sets
clean-up deleting 73 temporary data sets



------------------------------------------------------------------------------------------------

clean-up deleting 93 temporary data sets
clean-up deleting 146 temporary data sets
clean-up deleting 216 temporary data sets
clean-up deleting 73 temporary data sets



------------------------------------------------------------------------------------------------

clean-up deleting 93 temporary data sets
clean-up deleting 146 temporary data sets
clean-up deleting 216 temporary data sets
clean-up deleting 73 temporary data sets



------------------------------------------------------------------------------------------------

clean-up deleting 93 temporary data sets
clean-up deleting 146 temporary data sets
clean-up deleting 216 temporary data sets
clean-up deleting 73 temporary data sets



------------------------------------------------------------------------------------------------

clean-up deleting 93 temporary data sets
clean-up deleting 146 temporary data sets
clean-up deleting 216 temporary data sets
clean-up deleting 73 temporary data sets



------------------------------------------------------------------------------------------------

37                                                         The SAS System                              13:56 Tuesday, March 26, 2019

clean-up deleting 93 temporary data sets
clean-up deleting 146 temporary data sets
clean-up deleting 216 temporary data sets
clean-up deleting 73 temporary data sets



------------------------------------------------------------------------------------------------

clean-up deleting 93 temporary data sets
clean-up deleting 146 temporary data sets
clean-up deleting 216 temporary data sets
clean-up deleting 73 temporary data sets



------------------------------------------------------------------------------------------------

clean-up deleting 93 temporary data sets
clean-up deleting 146 temporary data sets
clean-up deleting 216 temporary data sets
clean-up deleting 73 temporary data sets



------------------------------------------------------------------------------------------------

clean-up deleting 93 temporary data sets
clean-up deleting 146 temporary data sets
clean-up deleting 216 temporary data sets
clean-up deleting 73 temporary data sets



------------------------------------------------------------------------------------------------

clean-up deleting 93 temporary data sets
clean-up deleting 146 temporary data sets
clean-up deleting 216 temporary data sets
clean-up deleting 73 temporary data sets



------------------------------------------------------------------------------------------------

clean-up deleting 93 temporary data sets
clean-up deleting 146 temporary data sets
clean-up deleting 216 temporary data sets
clean-up deleting 73 temporary data sets



------------------------------------------------------------------------------------------------

clean-up deleting 93 temporary data sets
clean-up deleting 146 temporary data sets
clean-up deleting 216 temporary data sets
clean-up deleting 73 temporary data sets
38                                                         The SAS System                              13:56 Tuesday, March 26, 2019




------------------------------------------------------------------------------------------------

clean-up deleting 93 temporary data sets
clean-up deleting 146 temporary data sets
clean-up deleting 216 temporary data sets
clean-up deleting 73 temporary data sets



------------------------------------------------------------------------------------------------

clean-up deleting 93 temporary data sets
clean-up deleting 146 temporary data sets
clean-up deleting 216 temporary data sets
clean-up deleting 73 temporary data sets



------------------------------------------------------------------------------------------------

clean-up deleting 93 temporary data sets
clean-up deleting 146 temporary data sets
clean-up deleting 216 temporary data sets
clean-up deleting 73 temporary data sets



------------------------------------------------------------------------------------------------

clean-up deleting 93 temporary data sets
clean-up deleting 146 temporary data sets
clean-up deleting 216 temporary data sets
clean-up deleting 73 temporary data sets



------------------------------------------------------------------------------------------------

clean-up deleting 93 temporary data sets
clean-up deleting 146 temporary data sets
clean-up deleting 216 temporary data sets
clean-up deleting 73 temporary data sets



------------------------------------------------------------------------------------------------

clean-up deleting 93 temporary data sets
clean-up deleting 146 temporary data sets
clean-up deleting 216 temporary data sets
clean-up deleting 73 temporary data sets



------------------------------------------------------------------------------------------------
39                                                         The SAS System                              13:56 Tuesday, March 26, 2019


clean-up deleting 93 temporary data sets
WARNING: The negative of the Hessian is not positive definite. The convergence is questionable.
WARNING: The procedure is continuing but the validity of the model fit is questionable.
WARNING: The specified model did not converge.
WARNING: Negative of Hessian not positive definite.
clean-up deleting 146 temporary data sets
clean-up deleting 216 temporary data sets
clean-up deleting 73 temporary data sets



------------------------------------------------------------------------------------------------

clean-up deleting 93 temporary data sets
WARNING: The negative of the Hessian is not positive definite. The convergence is questionable.
WARNING: The procedure is continuing but the validity of the model fit is questionable.
WARNING: The specified model did not converge.
WARNING: Negative of Hessian not positive definite.
clean-up deleting 146 temporary data sets
clean-up deleting 216 temporary data sets
clean-up deleting 73 temporary data sets



------------------------------------------------------------------------------------------------

clean-up deleting 93 temporary data sets
clean-up deleting 146 temporary data sets
clean-up deleting 216 temporary data sets
clean-up deleting 73 temporary data sets



------------------------------------------------------------------------------------------------

clean-up deleting 93 temporary data sets
clean-up deleting 146 temporary data sets
clean-up deleting 216 temporary data sets
clean-up deleting 73 temporary data sets



------------------------------------------------------------------------------------------------

clean-up deleting 93 temporary data sets
clean-up deleting 146 temporary data sets
clean-up deleting 216 temporary data sets
clean-up deleting 73 temporary data sets



------------------------------------------------------------------------------------------------

clean-up deleting 93 temporary data sets
clean-up deleting 146 temporary data sets
clean-up deleting 216 temporary data sets
clean-up deleting 73 temporary data sets
40                                                         The SAS System                              13:56 Tuesday, March 26, 2019




------------------------------------------------------------------------------------------------

clean-up deleting 93 temporary data sets
WARNING: The negative of the Hessian is not positive definite. The convergence is questionable.
WARNING: The procedure is continuing but the validity of the model fit is questionable.
WARNING: The specified model did not converge.
WARNING: Negative of Hessian not positive definite.
clean-up deleting 146 temporary data sets
clean-up deleting 216 temporary data sets
clean-up deleting 73 temporary data sets



------------------------------------------------------------------------------------------------

clean-up deleting 93 temporary data sets
clean-up deleting 146 temporary data sets
clean-up deleting 216 temporary data sets
clean-up deleting 73 temporary data sets



------------------------------------------------------------------------------------------------

clean-up deleting 93 temporary data sets
clean-up deleting 146 temporary data sets
clean-up deleting 216 temporary data sets
clean-up deleting 73 temporary data sets



------------------------------------------------------------------------------------------------

clean-up deleting 93 temporary data sets
WARNING: The negative of the Hessian is not positive definite. The convergence is questionable.
WARNING: The procedure is continuing but the validity of the model fit is questionable.
WARNING: The specified model did not converge.
WARNING: Negative of Hessian not positive definite.
clean-up deleting 146 temporary data sets
clean-up deleting 216 temporary data sets
clean-up deleting 73 temporary data sets



------------------------------------------------------------------------------------------------

clean-up deleting 93 temporary data sets
clean-up deleting 146 temporary data sets
clean-up deleting 216 temporary data sets
clean-up deleting 73 temporary data sets



------------------------------------------------------------------------------------------------

41                                                         The SAS System                              13:56 Tuesday, March 26, 2019

clean-up deleting 93 temporary data sets
clean-up deleting 146 temporary data sets
clean-up deleting 216 temporary data sets
clean-up deleting 73 temporary data sets



------------------------------------------------------------------------------------------------

clean-up deleting 93 temporary data sets
clean-up deleting 146 temporary data sets
clean-up deleting 216 temporary data sets
clean-up deleting 73 temporary data sets



------------------------------------------------------------------------------------------------

clean-up deleting 93 temporary data sets
clean-up deleting 146 temporary data sets
clean-up deleting 216 temporary data sets
clean-up deleting 73 temporary data sets



------------------------------------------------------------------------------------------------

clean-up deleting 93 temporary data sets
clean-up deleting 146 temporary data sets
clean-up deleting 216 temporary data sets
clean-up deleting 73 temporary data sets



------------------------------------------------------------------------------------------------

clean-up deleting 93 temporary data sets
WARNING: The negative of the Hessian is not positive definite. The convergence is questionable.
WARNING: The procedure is continuing but the validity of the model fit is questionable.
WARNING: The specified model did not converge.
WARNING: Negative of Hessian not positive definite.
clean-up deleting 146 temporary data sets
clean-up deleting 216 temporary data sets
clean-up deleting 73 temporary data sets



------------------------------------------------------------------------------------------------

clean-up deleting 93 temporary data sets
clean-up deleting 146 temporary data sets
clean-up deleting 216 temporary data sets
clean-up deleting 73 temporary data sets



------------------------------------------------------------------------------------------------

42                                                         The SAS System                              13:56 Tuesday, March 26, 2019

clean-up deleting 93 temporary data sets
clean-up deleting 146 temporary data sets
clean-up deleting 216 temporary data sets
clean-up deleting 73 temporary data sets



------------------------------------------------------------------------------------------------

clean-up deleting 93 temporary data sets
clean-up deleting 146 temporary data sets
clean-up deleting 216 temporary data sets
clean-up deleting 73 temporary data sets



------------------------------------------------------------------------------------------------

clean-up deleting 93 temporary data sets
clean-up deleting 146 temporary data sets
clean-up deleting 216 temporary data sets
clean-up deleting 73 temporary data sets



------------------------------------------------------------------------------------------------

clean-up deleting 93 temporary data sets
clean-up deleting 146 temporary data sets
clean-up deleting 216 temporary data sets
clean-up deleting 73 temporary data sets



------------------------------------------------------------------------------------------------

clean-up deleting 93 temporary data sets
clean-up deleting 146 temporary data sets
clean-up deleting 216 temporary data sets
clean-up deleting 73 temporary data sets



------------------------------------------------------------------------------------------------

clean-up deleting 93 temporary data sets
clean-up deleting 146 temporary data sets
clean-up deleting 216 temporary data sets
clean-up deleting 73 temporary data sets



------------------------------------------------------------------------------------------------

clean-up deleting 93 temporary data sets
clean-up deleting 146 temporary data sets
clean-up deleting 216 temporary data sets
clean-up deleting 73 temporary data sets
43                                                         The SAS System                              13:56 Tuesday, March 26, 2019




------------------------------------------------------------------------------------------------

clean-up deleting 93 temporary data sets
clean-up deleting 146 temporary data sets
clean-up deleting 216 temporary data sets
clean-up deleting 73 temporary data sets



------------------------------------------------------------------------------------------------

clean-up deleting 93 temporary data sets
clean-up deleting 146 temporary data sets
clean-up deleting 216 temporary data sets
clean-up deleting 73 temporary data sets



------------------------------------------------------------------------------------------------

clean-up deleting 93 temporary data sets
clean-up deleting 146 temporary data sets
clean-up deleting 216 temporary data sets
clean-up deleting 73 temporary data sets



------------------------------------------------------------------------------------------------

clean-up deleting 93 temporary data sets
clean-up deleting 146 temporary data sets
clean-up deleting 216 temporary data sets
clean-up deleting 73 temporary data sets
3539       %simu(samplesize=550, numberofitems=&nitems., from=&from., to=&to.);



------------------------------------------------------------------------------------------------

clean-up deleting 93 temporary data sets
clean-up deleting 146 temporary data sets
clean-up deleting 216 temporary data sets
clean-up deleting 73 temporary data sets



------------------------------------------------------------------------------------------------

clean-up deleting 93 temporary data sets
clean-up deleting 146 temporary data sets
clean-up deleting 216 temporary data sets
clean-up deleting 73 temporary data sets



44                                                         The SAS System                              13:56 Tuesday, March 26, 2019

------------------------------------------------------------------------------------------------

clean-up deleting 93 temporary data sets
clean-up deleting 146 temporary data sets
clean-up deleting 216 temporary data sets
clean-up deleting 73 temporary data sets



------------------------------------------------------------------------------------------------

clean-up deleting 93 temporary data sets
clean-up deleting 146 temporary data sets
clean-up deleting 216 temporary data sets
clean-up deleting 73 temporary data sets



------------------------------------------------------------------------------------------------

clean-up deleting 93 temporary data sets
clean-up deleting 146 temporary data sets
clean-up deleting 216 temporary data sets
clean-up deleting 73 temporary data sets



------------------------------------------------------------------------------------------------

clean-up deleting 93 temporary data sets
clean-up deleting 146 temporary data sets
clean-up deleting 216 temporary data sets
clean-up deleting 73 temporary data sets



------------------------------------------------------------------------------------------------

clean-up deleting 93 temporary data sets
clean-up deleting 146 temporary data sets
clean-up deleting 216 temporary data sets
clean-up deleting 73 temporary data sets



------------------------------------------------------------------------------------------------

clean-up deleting 93 temporary data sets
clean-up deleting 146 temporary data sets
clean-up deleting 216 temporary data sets
clean-up deleting 73 temporary data sets



------------------------------------------------------------------------------------------------

clean-up deleting 93 temporary data sets
clean-up deleting 146 temporary data sets
45                                                         The SAS System                              13:56 Tuesday, March 26, 2019

clean-up deleting 216 temporary data sets
clean-up deleting 73 temporary data sets



------------------------------------------------------------------------------------------------

clean-up deleting 93 temporary data sets
WARNING: The negative of the Hessian is not positive definite. The convergence is questionable.
WARNING: The procedure is continuing but the validity of the model fit is questionable.
WARNING: The specified model did not converge.
WARNING: Negative of Hessian not positive definite.
clean-up deleting 146 temporary data sets
clean-up deleting 216 temporary data sets
clean-up deleting 73 temporary data sets



------------------------------------------------------------------------------------------------

clean-up deleting 93 temporary data sets
clean-up deleting 146 temporary data sets
clean-up deleting 216 temporary data sets
clean-up deleting 73 temporary data sets



------------------------------------------------------------------------------------------------

clean-up deleting 93 temporary data sets
clean-up deleting 146 temporary data sets
clean-up deleting 216 temporary data sets
clean-up deleting 73 temporary data sets



------------------------------------------------------------------------------------------------

clean-up deleting 93 temporary data sets
clean-up deleting 146 temporary data sets
clean-up deleting 216 temporary data sets
clean-up deleting 73 temporary data sets



------------------------------------------------------------------------------------------------

clean-up deleting 93 temporary data sets
clean-up deleting 146 temporary data sets
clean-up deleting 216 temporary data sets
clean-up deleting 73 temporary data sets



------------------------------------------------------------------------------------------------

clean-up deleting 93 temporary data sets
clean-up deleting 146 temporary data sets
46                                                         The SAS System                              13:56 Tuesday, March 26, 2019

clean-up deleting 216 temporary data sets
clean-up deleting 73 temporary data sets



------------------------------------------------------------------------------------------------

clean-up deleting 93 temporary data sets
clean-up deleting 146 temporary data sets
clean-up deleting 216 temporary data sets
clean-up deleting 73 temporary data sets



------------------------------------------------------------------------------------------------

clean-up deleting 93 temporary data sets
clean-up deleting 146 temporary data sets
clean-up deleting 216 temporary data sets
clean-up deleting 73 temporary data sets



------------------------------------------------------------------------------------------------

clean-up deleting 93 temporary data sets
clean-up deleting 146 temporary data sets
clean-up deleting 216 temporary data sets
clean-up deleting 73 temporary data sets



------------------------------------------------------------------------------------------------

clean-up deleting 93 temporary data sets
clean-up deleting 146 temporary data sets
clean-up deleting 216 temporary data sets
clean-up deleting 73 temporary data sets



------------------------------------------------------------------------------------------------

clean-up deleting 93 temporary data sets
clean-up deleting 146 temporary data sets
clean-up deleting 216 temporary data sets
clean-up deleting 73 temporary data sets



------------------------------------------------------------------------------------------------

clean-up deleting 93 temporary data sets
clean-up deleting 146 temporary data sets
clean-up deleting 216 temporary data sets
clean-up deleting 73 temporary data sets


47                                                         The SAS System                              13:56 Tuesday, March 26, 2019


------------------------------------------------------------------------------------------------

clean-up deleting 93 temporary data sets
clean-up deleting 146 temporary data sets
clean-up deleting 216 temporary data sets
clean-up deleting 73 temporary data sets



------------------------------------------------------------------------------------------------

clean-up deleting 93 temporary data sets
clean-up deleting 146 temporary data sets
clean-up deleting 216 temporary data sets
clean-up deleting 73 temporary data sets



------------------------------------------------------------------------------------------------

clean-up deleting 93 temporary data sets
clean-up deleting 146 temporary data sets
clean-up deleting 216 temporary data sets
clean-up deleting 73 temporary data sets



------------------------------------------------------------------------------------------------

clean-up deleting 93 temporary data sets
clean-up deleting 146 temporary data sets
clean-up deleting 216 temporary data sets
clean-up deleting 73 temporary data sets



------------------------------------------------------------------------------------------------

clean-up deleting 93 temporary data sets
clean-up deleting 146 temporary data sets
clean-up deleting 216 temporary data sets
clean-up deleting 73 temporary data sets



------------------------------------------------------------------------------------------------

clean-up deleting 93 temporary data sets
WARNING: The negative of the Hessian is not positive definite. The convergence is questionable.
WARNING: The procedure is continuing but the validity of the model fit is questionable.
WARNING: The specified model did not converge.
WARNING: Negative of Hessian not positive definite.
clean-up deleting 146 temporary data sets
clean-up deleting 216 temporary data sets
clean-up deleting 73 temporary data sets


48                                                         The SAS System                              13:56 Tuesday, March 26, 2019


------------------------------------------------------------------------------------------------

clean-up deleting 93 temporary data sets
clean-up deleting 146 temporary data sets
clean-up deleting 216 temporary data sets
clean-up deleting 73 temporary data sets



------------------------------------------------------------------------------------------------

clean-up deleting 93 temporary data sets
clean-up deleting 146 temporary data sets
clean-up deleting 216 temporary data sets
clean-up deleting 73 temporary data sets



------------------------------------------------------------------------------------------------

clean-up deleting 93 temporary data sets
clean-up deleting 146 temporary data sets
clean-up deleting 216 temporary data sets
clean-up deleting 73 temporary data sets



------------------------------------------------------------------------------------------------

clean-up deleting 93 temporary data sets
clean-up deleting 146 temporary data sets
clean-up deleting 216 temporary data sets
clean-up deleting 73 temporary data sets



------------------------------------------------------------------------------------------------

clean-up deleting 93 temporary data sets
clean-up deleting 146 temporary data sets
clean-up deleting 216 temporary data sets
clean-up deleting 73 temporary data sets



------------------------------------------------------------------------------------------------

clean-up deleting 93 temporary data sets
clean-up deleting 146 temporary data sets
clean-up deleting 216 temporary data sets
clean-up deleting 73 temporary data sets



------------------------------------------------------------------------------------------------

clean-up deleting 93 temporary data sets
49                                                         The SAS System                              13:56 Tuesday, March 26, 2019

clean-up deleting 146 temporary data sets
clean-up deleting 216 temporary data sets
clean-up deleting 73 temporary data sets



------------------------------------------------------------------------------------------------

clean-up deleting 93 temporary data sets
clean-up deleting 146 temporary data sets
clean-up deleting 216 temporary data sets
clean-up deleting 73 temporary data sets



------------------------------------------------------------------------------------------------

clean-up deleting 93 temporary data sets
clean-up deleting 146 temporary data sets
clean-up deleting 216 temporary data sets
clean-up deleting 73 temporary data sets



------------------------------------------------------------------------------------------------

clean-up deleting 93 temporary data sets
clean-up deleting 146 temporary data sets
clean-up deleting 216 temporary data sets
clean-up deleting 73 temporary data sets



------------------------------------------------------------------------------------------------

clean-up deleting 93 temporary data sets
clean-up deleting 146 temporary data sets
clean-up deleting 216 temporary data sets
clean-up deleting 73 temporary data sets



------------------------------------------------------------------------------------------------

clean-up deleting 93 temporary data sets
clean-up deleting 146 temporary data sets
clean-up deleting 216 temporary data sets
clean-up deleting 73 temporary data sets



------------------------------------------------------------------------------------------------

clean-up deleting 93 temporary data sets
clean-up deleting 146 temporary data sets
clean-up deleting 216 temporary data sets
clean-up deleting 73 temporary data sets

50                                                         The SAS System                              13:56 Tuesday, March 26, 2019



------------------------------------------------------------------------------------------------

clean-up deleting 93 temporary data sets
clean-up deleting 146 temporary data sets
clean-up deleting 216 temporary data sets
clean-up deleting 73 temporary data sets



------------------------------------------------------------------------------------------------

clean-up deleting 93 temporary data sets
clean-up deleting 146 temporary data sets
clean-up deleting 216 temporary data sets
clean-up deleting 73 temporary data sets



------------------------------------------------------------------------------------------------

clean-up deleting 93 temporary data sets
clean-up deleting 146 temporary data sets
clean-up deleting 216 temporary data sets
clean-up deleting 73 temporary data sets



------------------------------------------------------------------------------------------------

clean-up deleting 93 temporary data sets
clean-up deleting 146 temporary data sets
clean-up deleting 216 temporary data sets
clean-up deleting 73 temporary data sets



------------------------------------------------------------------------------------------------

clean-up deleting 93 temporary data sets
clean-up deleting 146 temporary data sets
clean-up deleting 216 temporary data sets
clean-up deleting 73 temporary data sets



------------------------------------------------------------------------------------------------

clean-up deleting 93 temporary data sets
clean-up deleting 146 temporary data sets
clean-up deleting 216 temporary data sets
clean-up deleting 73 temporary data sets



------------------------------------------------------------------------------------------------

51                                                         The SAS System                              13:56 Tuesday, March 26, 2019

clean-up deleting 93 temporary data sets
clean-up deleting 146 temporary data sets
clean-up deleting 216 temporary data sets
clean-up deleting 73 temporary data sets



------------------------------------------------------------------------------------------------

clean-up deleting 93 temporary data sets
clean-up deleting 146 temporary data sets
clean-up deleting 216 temporary data sets
clean-up deleting 73 temporary data sets



------------------------------------------------------------------------------------------------

clean-up deleting 93 temporary data sets
clean-up deleting 146 temporary data sets
clean-up deleting 216 temporary data sets
clean-up deleting 73 temporary data sets



------------------------------------------------------------------------------------------------

clean-up deleting 93 temporary data sets
clean-up deleting 146 temporary data sets
clean-up deleting 216 temporary data sets
clean-up deleting 73 temporary data sets
3540       %simu(samplesize=600, numberofitems=&nitems., from=&from., to=&to.);



------------------------------------------------------------------------------------------------

clean-up deleting 93 temporary data sets
clean-up deleting 146 temporary data sets
clean-up deleting 216 temporary data sets
clean-up deleting 73 temporary data sets



------------------------------------------------------------------------------------------------

clean-up deleting 93 temporary data sets
clean-up deleting 146 temporary data sets
clean-up deleting 216 temporary data sets
clean-up deleting 73 temporary data sets



------------------------------------------------------------------------------------------------

clean-up deleting 93 temporary data sets
clean-up deleting 146 temporary data sets
clean-up deleting 216 temporary data sets
52                                                         The SAS System                              13:56 Tuesday, March 26, 2019

clean-up deleting 73 temporary data sets



------------------------------------------------------------------------------------------------

clean-up deleting 93 temporary data sets
clean-up deleting 146 temporary data sets
clean-up deleting 216 temporary data sets
clean-up deleting 73 temporary data sets



------------------------------------------------------------------------------------------------

clean-up deleting 93 temporary data sets
clean-up deleting 146 temporary data sets
clean-up deleting 216 temporary data sets
clean-up deleting 73 temporary data sets



------------------------------------------------------------------------------------------------

clean-up deleting 93 temporary data sets
clean-up deleting 146 temporary data sets
clean-up deleting 216 temporary data sets
clean-up deleting 73 temporary data sets



------------------------------------------------------------------------------------------------

clean-up deleting 93 temporary data sets
clean-up deleting 146 temporary data sets
clean-up deleting 216 temporary data sets
clean-up deleting 73 temporary data sets



------------------------------------------------------------------------------------------------

clean-up deleting 93 temporary data sets
clean-up deleting 146 temporary data sets
clean-up deleting 216 temporary data sets
clean-up deleting 73 temporary data sets



------------------------------------------------------------------------------------------------

clean-up deleting 93 temporary data sets
clean-up deleting 146 temporary data sets
clean-up deleting 216 temporary data sets
clean-up deleting 73 temporary data sets



53                                                         The SAS System                              13:56 Tuesday, March 26, 2019

------------------------------------------------------------------------------------------------

clean-up deleting 93 temporary data sets
clean-up deleting 146 temporary data sets
clean-up deleting 216 temporary data sets
clean-up deleting 73 temporary data sets



------------------------------------------------------------------------------------------------

clean-up deleting 93 temporary data sets
clean-up deleting 146 temporary data sets
clean-up deleting 216 temporary data sets
clean-up deleting 73 temporary data sets



------------------------------------------------------------------------------------------------

clean-up deleting 93 temporary data sets
clean-up deleting 146 temporary data sets
clean-up deleting 216 temporary data sets
clean-up deleting 73 temporary data sets



------------------------------------------------------------------------------------------------

clean-up deleting 93 temporary data sets
clean-up deleting 146 temporary data sets
clean-up deleting 216 temporary data sets
clean-up deleting 73 temporary data sets



------------------------------------------------------------------------------------------------

clean-up deleting 93 temporary data sets
clean-up deleting 146 temporary data sets
clean-up deleting 216 temporary data sets
clean-up deleting 73 temporary data sets



------------------------------------------------------------------------------------------------

clean-up deleting 93 temporary data sets
clean-up deleting 146 temporary data sets
clean-up deleting 216 temporary data sets
clean-up deleting 73 temporary data sets



------------------------------------------------------------------------------------------------

clean-up deleting 93 temporary data sets
clean-up deleting 146 temporary data sets
54                                                         The SAS System                              13:56 Tuesday, March 26, 2019

clean-up deleting 216 temporary data sets
clean-up deleting 73 temporary data sets



------------------------------------------------------------------------------------------------

clean-up deleting 93 temporary data sets
clean-up deleting 146 temporary data sets
clean-up deleting 216 temporary data sets
clean-up deleting 73 temporary data sets



------------------------------------------------------------------------------------------------

clean-up deleting 93 temporary data sets
clean-up deleting 146 temporary data sets
clean-up deleting 216 temporary data sets
clean-up deleting 73 temporary data sets



------------------------------------------------------------------------------------------------

clean-up deleting 93 temporary data sets
clean-up deleting 146 temporary data sets
clean-up deleting 216 temporary data sets
clean-up deleting 73 temporary data sets



------------------------------------------------------------------------------------------------

clean-up deleting 93 temporary data sets
clean-up deleting 146 temporary data sets
clean-up deleting 216 temporary data sets
clean-up deleting 73 temporary data sets



------------------------------------------------------------------------------------------------

clean-up deleting 93 temporary data sets
clean-up deleting 146 temporary data sets
clean-up deleting 216 temporary data sets
clean-up deleting 73 temporary data sets



------------------------------------------------------------------------------------------------

clean-up deleting 93 temporary data sets
clean-up deleting 146 temporary data sets
clean-up deleting 216 temporary data sets
clean-up deleting 73 temporary data sets


55                                                         The SAS System                              13:56 Tuesday, March 26, 2019


------------------------------------------------------------------------------------------------

clean-up deleting 93 temporary data sets
clean-up deleting 146 temporary data sets
clean-up deleting 216 temporary data sets
clean-up deleting 73 temporary data sets



------------------------------------------------------------------------------------------------

clean-up deleting 93 temporary data sets
clean-up deleting 146 temporary data sets
clean-up deleting 216 temporary data sets
clean-up deleting 73 temporary data sets



------------------------------------------------------------------------------------------------

clean-up deleting 93 temporary data sets
clean-up deleting 146 temporary data sets
clean-up deleting 216 temporary data sets
clean-up deleting 73 temporary data sets



------------------------------------------------------------------------------------------------

clean-up deleting 93 temporary data sets
clean-up deleting 146 temporary data sets
clean-up deleting 216 temporary data sets
clean-up deleting 73 temporary data sets



------------------------------------------------------------------------------------------------

clean-up deleting 93 temporary data sets
clean-up deleting 146 temporary data sets
clean-up deleting 216 temporary data sets
clean-up deleting 73 temporary data sets



------------------------------------------------------------------------------------------------

clean-up deleting 93 temporary data sets
clean-up deleting 146 temporary data sets
clean-up deleting 216 temporary data sets
clean-up deleting 73 temporary data sets



------------------------------------------------------------------------------------------------

clean-up deleting 93 temporary data sets
56                                                         The SAS System                              13:56 Tuesday, March 26, 2019

clean-up deleting 146 temporary data sets
clean-up deleting 216 temporary data sets
clean-up deleting 73 temporary data sets



------------------------------------------------------------------------------------------------

clean-up deleting 93 temporary data sets
clean-up deleting 146 temporary data sets
clean-up deleting 216 temporary data sets
clean-up deleting 73 temporary data sets



------------------------------------------------------------------------------------------------

clean-up deleting 93 temporary data sets
clean-up deleting 146 temporary data sets
clean-up deleting 216 temporary data sets
clean-up deleting 73 temporary data sets



------------------------------------------------------------------------------------------------

clean-up deleting 93 temporary data sets
clean-up deleting 146 temporary data sets
clean-up deleting 216 temporary data sets
clean-up deleting 73 temporary data sets



------------------------------------------------------------------------------------------------

clean-up deleting 93 temporary data sets
clean-up deleting 146 temporary data sets
clean-up deleting 216 temporary data sets
clean-up deleting 73 temporary data sets



------------------------------------------------------------------------------------------------

clean-up deleting 93 temporary data sets
clean-up deleting 146 temporary data sets
clean-up deleting 216 temporary data sets
clean-up deleting 73 temporary data sets



------------------------------------------------------------------------------------------------

clean-up deleting 93 temporary data sets
clean-up deleting 146 temporary data sets
clean-up deleting 216 temporary data sets
clean-up deleting 73 temporary data sets

57                                                         The SAS System                              13:56 Tuesday, March 26, 2019



------------------------------------------------------------------------------------------------

clean-up deleting 93 temporary data sets
clean-up deleting 146 temporary data sets
clean-up deleting 216 temporary data sets
clean-up deleting 73 temporary data sets



------------------------------------------------------------------------------------------------

clean-up deleting 93 temporary data sets
clean-up deleting 146 temporary data sets
clean-up deleting 216 temporary data sets
clean-up deleting 73 temporary data sets



------------------------------------------------------------------------------------------------

clean-up deleting 93 temporary data sets
clean-up deleting 146 temporary data sets
clean-up deleting 216 temporary data sets
clean-up deleting 73 temporary data sets



------------------------------------------------------------------------------------------------

clean-up deleting 93 temporary data sets
clean-up deleting 146 temporary data sets
clean-up deleting 216 temporary data sets
clean-up deleting 73 temporary data sets



------------------------------------------------------------------------------------------------

clean-up deleting 93 temporary data sets
clean-up deleting 146 temporary data sets
clean-up deleting 216 temporary data sets
clean-up deleting 73 temporary data sets



------------------------------------------------------------------------------------------------

clean-up deleting 93 temporary data sets
clean-up deleting 146 temporary data sets
clean-up deleting 216 temporary data sets
clean-up deleting 73 temporary data sets



------------------------------------------------------------------------------------------------

58                                                         The SAS System                              13:56 Tuesday, March 26, 2019

clean-up deleting 93 temporary data sets
clean-up deleting 146 temporary data sets
clean-up deleting 216 temporary data sets
clean-up deleting 73 temporary data sets



------------------------------------------------------------------------------------------------

clean-up deleting 93 temporary data sets
clean-up deleting 146 temporary data sets
clean-up deleting 216 temporary data sets
clean-up deleting 73 temporary data sets



------------------------------------------------------------------------------------------------

clean-up deleting 93 temporary data sets
clean-up deleting 146 temporary data sets
clean-up deleting 216 temporary data sets
clean-up deleting 73 temporary data sets



------------------------------------------------------------------------------------------------

clean-up deleting 93 temporary data sets
clean-up deleting 146 temporary data sets
clean-up deleting 216 temporary data sets
clean-up deleting 73 temporary data sets



------------------------------------------------------------------------------------------------

clean-up deleting 93 temporary data sets
clean-up deleting 146 temporary data sets
clean-up deleting 216 temporary data sets
clean-up deleting 73 temporary data sets



------------------------------------------------------------------------------------------------

clean-up deleting 93 temporary data sets
clean-up deleting 146 temporary data sets
clean-up deleting 216 temporary data sets
clean-up deleting 73 temporary data sets



------------------------------------------------------------------------------------------------

clean-up deleting 93 temporary data sets
clean-up deleting 146 temporary data sets
clean-up deleting 216 temporary data sets
clean-up deleting 73 temporary data sets
59                                                         The SAS System                              13:56 Tuesday, March 26, 2019




------------------------------------------------------------------------------------------------

clean-up deleting 93 temporary data sets
clean-up deleting 146 temporary data sets
clean-up deleting 216 temporary data sets
clean-up deleting 73 temporary data sets



------------------------------------------------------------------------------------------------

clean-up deleting 93 temporary data sets
clean-up deleting 146 temporary data sets
clean-up deleting 216 temporary data sets
clean-up deleting 73 temporary data sets
3541       	
3542       data FIT.out_PW_I&nitems._&from._&to.;
3543       	set
3544       	FIT.out_PW_I&nitems._N300_&from._&to.
3545       	FIT.out_PW_I&nitems._N350_&from._&to.
3546       	FIT.out_PW_I&nitems._N400_&from._&to.
3547       	FIT.out_PW_I&nitems._N450_&from._&to.
3548       	FIT.out_PW_I&nitems._N500_&from._&to.
3549       	FIT.out_PW_I&nitems._N550_&from._&to.
3550       	FIT.out_PW_I&nitems._N600_&from._&to.
3551       	;
3552       run;

NOTE: There were 500 observations read from the data set FIT.OUT_PW_I10_N300_1801_1850.
NOTE: There were 500 observations read from the data set FIT.OUT_PW_I10_N350_1801_1850.
NOTE: There were 500 observations read from the data set FIT.OUT_PW_I10_N400_1801_1850.
NOTE: There were 500 observations read from the data set FIT.OUT_PW_I10_N450_1801_1850.
NOTE: There were 500 observations read from the data set FIT.OUT_PW_I10_N500_1801_1850.
NOTE: There were 500 observations read from the data set FIT.OUT_PW_I10_N550_1801_1850.
NOTE: There were 500 observations read from the data set FIT.OUT_PW_I10_N600_1801_1850.
NOTE: The data set FIT.OUT_PW_I10_1801_1850 has 3500 observations and 16 variables.
NOTE: DATA statement used (Total process time):
      real time           0.34 seconds
      cpu time            0.01 seconds
      

3553       proc datasets library=FIT;
                                                             Directory

                                              Libref             FIT                  
                                              Engine             V9                   
                                              Physical Name      /home/ifsv/pzs913/FIT
                                              Filename           /home/ifsv/pzs913/FIT
                                              Inode Number       923176592            
                                              Access Permission  rwx------            
                                              Owner Name         pzs913               
                                              File Size          24KB                 
                                              File Size (bytes)  24576                


60                                                         The SAS System                              13:56 Tuesday, March 26, 2019

                                                         Member
                           #  Name                       Type       File Size  Last Modified

                           1  ALL                        DATA            57MB  01/14/2019 14:35:43        
                           2  AMTS                       DATA           128KB  01/18/2019 14:13:39        
                           3  AMTS_FOR                   DATA           128KB  01/18/2019 14:13:34        
                           4  AMTS_IN                    DATA           128KB  03/22/2019 15:56:21        
                           5  CML_AMTS_ETA               DATA           128KB  03/22/2019 15:56:31        
                           6  CML_AMTS_IPAR              DATA           128KB  03/22/2019 15:56:24        
                           7  CML_AMTS_LOGL              DATA           128KB  03/22/2019 15:56:31        
                           8  CML_IPAR                   DATA           128KB  01/18/2019 13:31:09        
                           9  KNOX                       DATA           128KB  01/18/2019 13:31:04        
                          10  KNOX_IN                    DATA           128KB  01/18/2019 13:31:04        
                          11  MAX35                      DATA           384KB  08/30/2018 14:02:22        
                          12  OUT_PW_I10_1201_1250       DATA           640KB  03/26/2019 20:50:00        
                          13  OUT_PW_I10_1301_1350       DATA           640KB  03/26/2019 20:49:43        
                          14  OUT_PW_I10_1401_1450       DATA           640KB  03/26/2019 20:50:18        
                          15  OUT_PW_I10_1501_1550       DATA           640KB  03/26/2019 20:50:03        
                          16  OUT_PW_I10_1601_1650       DATA           640KB  03/26/2019 20:50:18        
                          17  OUT_PW_I10_1701_1750       DATA           640KB  03/26/2019 20:50:08        
                          18  OUT_PW_I10_1801_1850       DATA           640KB  03/26/2019 20:50:19        
                          19  OUT_PW_I10_1901_1950       DATA           640KB  03/26/2019 20:50:07        
                          20  OUT_PW_I10_1_50            DATA           640KB  03/26/2019 20:47:23        
                          21  OUT_PW_I10_N300_1001_1050  DATA           192KB  03/26/2019 14:54:46        
                          22  OUT_PW_I10_N300_101_150    DATA           192KB  03/26/2019 14:51:38        
                          23  OUT_PW_I10_N300_1101_1150  DATA           192KB  03/26/2019 14:55:03        
                          24  OUT_PW_I10_N300_1801_1850  DATA           192KB  03/26/2019 14:55:10        
                          25  OUT_PW_I10_N300_201_250    DATA           192KB  03/26/2019 14:52:33        
                          26  OUT_PW_I10_N300_301_350    DATA           192KB  03/26/2019 14:53:05        
                          27  OUT_PW_I10_N300_401_450    DATA           192KB  03/26/2019 14:53:25        
                          28  OUT_PW_I10_N300_501_550    DATA           192KB  03/26/2019 14:53:46        
                          29  OUT_PW_I10_N300_601_650    DATA           192KB  03/26/2019 14:53:59        
                          30  OUT_PW_I10_N300_701_750    DATA           192KB  03/26/2019 14:54:12        
                          31  OUT_PW_I10_N300_801_850    DATA           192KB  03/26/2019 14:54:23        
                          32  OUT_PW_I10_N300_901_950    DATA           192KB  03/26/2019 14:54:30        
                          33  OUT_PW_I10_N350_1001_1050  DATA           192KB  03/26/2019 15:53:43        
                          34  OUT_PW_I10_N350_101_150    DATA           192KB  03/26/2019 15:50:42        
                          35  OUT_PW_I10_N350_1101_1150  DATA           192KB  03/26/2019 15:54:10        
                          36  OUT_PW_I10_N350_1801_1850  DATA           192KB  03/26/2019 15:53:33        
                          37  OUT_PW_I10_N350_201_250    DATA           192KB  03/26/2019 15:51:35        
                          38  OUT_PW_I10_N350_301_350    DATA           192KB  03/26/2019 15:52:12        
                          39  OUT_PW_I10_N350_401_450    DATA           192KB  03/26/2019 15:52:25        
                          40  OUT_PW_I10_N350_501_550    DATA           192KB  03/26/2019 15:52:53        
                          41  OUT_PW_I10_N350_601_650    DATA           192KB  03/26/2019 15:52:50        
                          42  OUT_PW_I10_N350_701_750    DATA           192KB  03/26/2019 15:53:12        
                          43  OUT_PW_I10_N350_801_850    DATA           192KB  03/26/2019 15:53:24        
                          44  OUT_PW_I10_N350_901_950    DATA           192KB  03/26/2019 15:53:37        
                          45  OUT_PW_I10_N400_1001_1050  DATA           192KB  03/26/2019 16:53:39        
                          46  OUT_PW_I10_N400_101_150    DATA           192KB  03/26/2019 16:50:52        
                          47  OUT_PW_I10_N400_1101_1150  DATA           192KB  03/26/2019 16:54:22        
                          48  OUT_PW_I10_N400_1801_1850  DATA           192KB  03/26/2019 16:52:53        
                          49  OUT_PW_I10_N400_201_250    DATA           192KB  03/26/2019 16:51:34        
                          50  OUT_PW_I10_N400_301_350    DATA           192KB  03/26/2019 16:52:25        
                          51  OUT_PW_I10_N400_401_450    DATA           192KB  03/26/2019 16:52:25        
                          52  OUT_PW_I10_N400_501_550    DATA           192KB  03/26/2019 16:53:03        
                          53  OUT_PW_I10_N400_601_650    DATA           192KB  03/26/2019 16:52:48        
                          54  OUT_PW_I10_N400_701_750    DATA           192KB  03/26/2019 16:53:20        
                          55  OUT_PW_I10_N400_801_850    DATA           192KB  03/26/2019 16:53:24        
61                                                         The SAS System                              13:56 Tuesday, March 26, 2019

                                                         Member
                           #  Name                       Type       File Size  Last Modified

                          56  OUT_PW_I10_N400_901_950    DATA           192KB  03/26/2019 16:53:47        
                          57  OUT_PW_I10_N450_1001_1050  DATA           192KB  03/26/2019 17:52:58        
                          58  OUT_PW_I10_N450_101_150    DATA           192KB  03/26/2019 17:50:25        
                          59  OUT_PW_I10_N450_1101_1150  DATA           192KB  03/26/2019 17:53:45        
                          60  OUT_PW_I10_N450_1801_1850  DATA           192KB  03/26/2019 17:51:40        
                          61  OUT_PW_I10_N450_201_250    DATA           192KB  03/26/2019 17:50:59        
                          62  OUT_PW_I10_N450_301_350    DATA           192KB  03/26/2019 17:51:54        
                          63  OUT_PW_I10_N450_401_450    DATA           192KB  03/26/2019 17:51:48        
                          64  OUT_PW_I10_N450_501_550    DATA           192KB  03/26/2019 17:52:29        
                          65  OUT_PW_I10_N450_601_650    DATA           192KB  03/26/2019 17:52:04        
                          66  OUT_PW_I10_N450_701_750    DATA           192KB  03/26/2019 17:52:48        
                          67  OUT_PW_I10_N450_801_850    DATA           192KB  03/26/2019 17:52:45        
                          68  OUT_PW_I10_N450_901_950    DATA           192KB  03/26/2019 17:53:16        
                          69  OUT_PW_I10_N500_1001_1050  DATA           192KB  03/26/2019 18:51:52        
                          70  OUT_PW_I10_N500_101_150    DATA           192KB  03/26/2019 18:49:34        
                          71  OUT_PW_I10_N500_1101_1150  DATA           192KB  03/26/2019 18:52:50        
                          72  OUT_PW_I10_N500_1801_1850  DATA           192KB  03/26/2019 18:50:07        
                          73  OUT_PW_I10_N500_201_250    DATA           192KB  03/26/2019 18:50:03        
                          74  OUT_PW_I10_N500_301_350    DATA           192KB  03/26/2019 18:51:00        
                          75  OUT_PW_I10_N500_401_450    DATA           192KB  03/26/2019 18:50:45        
                          76  OUT_PW_I10_N500_501_550    DATA           192KB  03/26/2019 18:51:32        
                          77  OUT_PW_I10_N500_601_650    DATA           192KB  03/26/2019 18:51:05        
                          78  OUT_PW_I10_N500_701_750    DATA           192KB  03/26/2019 18:51:52        
                          79  OUT_PW_I10_N500_801_850    DATA           192KB  03/26/2019 18:51:42        
                          80  OUT_PW_I10_N500_901_950    DATA           192KB  03/26/2019 18:52:20        
                          81  OUT_PW_I10_N550_1001_1050  DATA           192KB  03/26/2019 19:52:00        
                          82  OUT_PW_I10_N550_101_150    DATA           192KB  03/26/2019 19:49:48        
                          83  OUT_PW_I10_N550_1101_1150  DATA           192KB  03/26/2019 19:53:16        
                          84  OUT_PW_I10_N550_1801_1850  DATA           192KB  03/26/2019 19:49:41        
                          85  OUT_PW_I10_N550_201_250    DATA           192KB  03/26/2019 19:50:06        
                          86  OUT_PW_I10_N550_301_350    DATA           192KB  03/26/2019 19:51:21        
                          87  OUT_PW_I10_N550_401_450    DATA           192KB  03/26/2019 19:50:51        
                          88  OUT_PW_I10_N550_501_550    DATA           192KB  03/26/2019 19:51:51        
                          89  OUT_PW_I10_N550_601_650    DATA           192KB  03/26/2019 19:51:14        
                          90  OUT_PW_I10_N550_701_750    DATA           192KB  03/26/2019 19:52:11        
                          91  OUT_PW_I10_N550_801_850    DATA           192KB  03/26/2019 19:51:56        
                          92  OUT_PW_I10_N550_901_950    DATA           192KB  03/26/2019 19:52:45        
                          93  OUT_PW_I10_N600_1801_1850  DATA           192KB  03/26/2019 20:50:19        
                          94  PP_AMTS_CML_LATENT         DATA           128KB  03/22/2019 11:03:56        
                          95  PP_AMTS_CML_OUTDATA        DATA           128KB  03/22/2019 11:03:56        
                          96  PP_AMTS_OUTDATA            DATA           128KB  03/22/2019 11:11:52        
                          97  PP_AMTS_PW_LATENT          DATA           128KB  03/22/2019 15:58:01        
                          98  PP_AMTS_PW_OUTDATA         DATA           128KB  03/22/2019 15:58:05        
                          99  PP_CML_LATENT              DATA           128KB  01/18/2019 13:31:52        
                         100  PP_CML_OUTDATA             DATA           128KB  01/18/2019 13:31:52        
                         101  PW_AMTS_IPAR               DATA           128KB  03/22/2019 15:56:33        
                         102  TABLE_CHISQ                DATA           128KB  01/31/2019 10:13:46        
                         103  TABLE_CHISQ_197            DATA           128KB  01/31/2019 10:13:06        
                         104  TABLE_CHISQ_300            DATA           128KB  01/31/2019 10:13:12        
                         105  TABLE_CHISQ_400            DATA           128KB  01/31/2019 10:13:17        
                         106  TABLE_CHISQ_500            DATA           128KB  01/31/2019 10:13:23        
                         107  TABLE_CHISQ_600            DATA           128KB  01/31/2019 10:13:29        
                         108  TABLE_CHISQ_700            DATA           128KB  01/31/2019 10:13:35        
                         109  TABLE_CHISQ_800            DATA           128KB  01/31/2019 10:13:40        
                         110  TABLE_CHISQ_900            DATA           128KB  01/31/2019 10:13:46        
62                                                         The SAS System                              13:56 Tuesday, March 26, 2019

                                                         Member
                           #  Name                       Type       File Size  Last Modified

                         111  TABLE_FITRESID             DATA           128KB  01/31/2019 10:09:53        
                         112  TABLE_FITRESID_197         DATA           128KB  01/31/2019 10:09:13        
                         113  TABLE_FITRESID_300         DATA           128KB  01/31/2019 10:09:18        
                         114  TABLE_FITRESID_400         DATA           128KB  01/31/2019 10:09:24        
                         115  TABLE_FITRESID_500         DATA           128KB  01/31/2019 10:09:29        
                         116  TABLE_FITRESID_600         DATA           128KB  01/31/2019 10:09:35        
                         117  TABLE_FITRESID_700         DATA           128KB  01/31/2019 10:09:41        
                         118  TABLE_FITRESID_800         DATA           128KB  01/31/2019 10:09:47        
                         119  TABLE_FITRESID_900         DATA           128KB  01/31/2019 10:09:53        
                         120  TABLE_INFIT                DATA           128KB  01/31/2019 10:10:43        
                         121  TABLE_INFIT_197            DATA           128KB  01/31/2019 10:10:00        
                         122  TABLE_INFIT_300            DATA           128KB  01/31/2019 10:10:06        
                         123  TABLE_INFIT_400            DATA           128KB  01/31/2019 10:10:13        
                         124  TABLE_INFIT_500            DATA           128KB  01/31/2019 10:10:18        
                         125  TABLE_INFIT_600            DATA           128KB  01/31/2019 10:10:25        
                         126  TABLE_INFIT_700            DATA           128KB  01/31/2019 10:10:30        
                         127  TABLE_INFIT_800            DATA           128KB  01/31/2019 10:10:37        
                         128  TABLE_INFIT_900            DATA           128KB  01/31/2019 10:10:43        
                         129  TABLE_INFIT_T_197          DATA           128KB  01/31/2019 10:10:48        
                         130  TABLE_INFIT_T_300          DATA           128KB  01/31/2019 10:10:54        
                         131  TABLE_INFIT_T_400          DATA           128KB  01/31/2019 10:11:00        
                         132  TABLE_INFIT_T_500          DATA           128KB  01/31/2019 10:11:06        
                         133  TABLE_INFIT_T_600          DATA           128KB  01/31/2019 10:11:12        
3554       	delete
3555       	out_PW_I&nitems._N300_&from._&to.
3556       	out_PW_I&nitems._N350_&from._&to.
3557       	out_PW_I&nitems._N400_&from._&to.
3558       	out_PW_I&nitems._N450_&from._&to.
3559       	out_PW_I&nitems._N500_&from._&to.
3560       	out_PW_I&nitems._N550_&from._&to.
3561       	out_PW_I&nitems._N600_&from._&to.
3562       	;
3563       quit;

NOTE: Deleting FIT.OUT_PW_I10_N300_1801_1850 (memtype=DATA).
NOTE: Deleting FIT.OUT_PW_I10_N350_1801_1850 (memtype=DATA).
NOTE: Deleting FIT.OUT_PW_I10_N400_1801_1850 (memtype=DATA).
NOTE: Deleting FIT.OUT_PW_I10_N450_1801_1850 (memtype=DATA).
NOTE: Deleting FIT.OUT_PW_I10_N500_1801_1850 (memtype=DATA).
NOTE: Deleting FIT.OUT_PW_I10_N550_1801_1850 (memtype=DATA).
NOTE: Deleting FIT.OUT_PW_I10_N600_1801_1850 (memtype=DATA).
NOTE: PROCEDURE DATASETS used (Total process time):
      real time           0.41 seconds
      cpu time            0.02 seconds
      

NOTE: SAS Institute Inc., SAS Campus Drive, Cary, NC USA 27513-2414
NOTE: The SAS System used:
      real time           6:53:56.16
      cpu time            41:01.28
      
