1                                                          The SAS System                            11:47 Wednesday, March 27, 2019

NOTE: Unable to open SASUSER.REGSTRY. WORK.REGSTRY will be opened instead.
NOTE: All registry changes will be lost at the end of the session.

WARNING: Unable to copy SASUSER registry to WORK registry. Because of this, you will not see registry customizations during this 
         session.
NOTE: Unable to open SASUSER.PROFILE. WORK.PROFILE will be opened instead.
NOTE: All profile changes will be lost at the end of the session.
NOTE: Copyright (c) 2002-2012 by SAS Institute Inc., Cary, NC, USA. 
NOTE: SAS (r) Proprietary Software 9.4 (TS1M3) 
      Licensed to CAMPUS - KBH. UNI. - LINUX, Site 50803698.
NOTE: This session is executing on the Linux 3.10.0-957.5.1.el7.x86_64 (LIN X64) platform.



NOTE: Updated analytical products:
      
      SAS/STAT 14.1
      SAS/ETS 14.1
      SAS/OR 14.1
      SAS/IML 14.1
      SAS/QC 14.1

NOTE: Additional host information:

 Linux LIN X64 3.10.0-957.5.1.el7.x86_64 #1 SMP Wed Dec 19 10:46:58 EST 2018 x86_64 Red Hat Enterprise Linux Server release 7.6 
      (Maipo) 

You are running SAS 9. Some SAS 8 files will be automatically converted 
by the V9 engine; others are incompatible.  Please see 
http://support.sas.com/rnd/migration/planning/platform/64bit.html

PROC MIGRATE will preserve current SAS file attributes and is 
recommended for converting all your SAS libraries from any 
SAS 8 release to SAS 9.  For details and examples, please see
http://support.sas.com/rnd/migration/index.html


This message is contained in the SAS news file, and is presented upon
initialization.  Edit the file "news" in the "misc/base" directory to
display site-specific news and information in the program log.
The command line option "-nonews" will prevent this display.




NOTE: SAS initialization used:
      real time           0.47 seconds
      cpu time            0.02 seconds
      
1          %include '/home/ifsv/pzs913/FIT/simu.sas';
NOTE: Libref FIT was successfully assigned as follows: 
      Engine:        V9 
      Physical Name: /home/ifsv/pzs913/FIT
3530       
3531       %let nitems=10;
3532       %let from=1551;
3533       %let to=1600;
3534       %simu(samplesize=300, numberofitems=&nitems., from=&from., to=&to.);
2                                                          The SAS System                            11:47 Wednesday, March 27, 2019




------------------------------------------------------------------------------------------------

clean-up deleting 21 temporary data sets
WARNING: The negative of the Hessian is not positive definite. The convergence is questionable.
WARNING: The procedure is continuing but the validity of the model fit is questionable.
WARNING: The specified model did not converge.
WARNING: Negative of Hessian not positive definite.
clean-up deleting 76 temporary data sets
clean-up deleting 216 temporary data sets
clean-up deleting 73 temporary data sets



------------------------------------------------------------------------------------------------

clean-up deleting 93 temporary data sets
clean-up deleting 146 temporary data sets
clean-up deleting 216 temporary data sets
clean-up deleting 73 temporary data sets



------------------------------------------------------------------------------------------------

clean-up deleting 93 temporary data sets
clean-up deleting 146 temporary data sets
clean-up deleting 216 temporary data sets
clean-up deleting 73 temporary data sets



------------------------------------------------------------------------------------------------

clean-up deleting 93 temporary data sets
WARNING: The negative of the Hessian is not positive definite. The convergence is questionable.
WARNING: The procedure is continuing but the validity of the model fit is questionable.
WARNING: The specified model did not converge.
WARNING: Negative of Hessian not positive definite.
clean-up deleting 146 temporary data sets
clean-up deleting 216 temporary data sets
clean-up deleting 73 temporary data sets



------------------------------------------------------------------------------------------------

clean-up deleting 93 temporary data sets
clean-up deleting 146 temporary data sets
clean-up deleting 216 temporary data sets
clean-up deleting 73 temporary data sets



------------------------------------------------------------------------------------------------

3                                                          The SAS System                            11:47 Wednesday, March 27, 2019

clean-up deleting 93 temporary data sets
WARNING: The negative of the Hessian is not positive definite. The convergence is questionable.
WARNING: The procedure is continuing but the validity of the model fit is questionable.
WARNING: The specified model did not converge.
WARNING: Negative of Hessian not positive definite.
clean-up deleting 146 temporary data sets
clean-up deleting 216 temporary data sets
clean-up deleting 73 temporary data sets



------------------------------------------------------------------------------------------------

clean-up deleting 93 temporary data sets
clean-up deleting 146 temporary data sets
clean-up deleting 216 temporary data sets
clean-up deleting 73 temporary data sets



------------------------------------------------------------------------------------------------

clean-up deleting 93 temporary data sets
clean-up deleting 146 temporary data sets
clean-up deleting 216 temporary data sets
clean-up deleting 73 temporary data sets



------------------------------------------------------------------------------------------------

clean-up deleting 93 temporary data sets
clean-up deleting 146 temporary data sets
clean-up deleting 216 temporary data sets
clean-up deleting 73 temporary data sets



------------------------------------------------------------------------------------------------

clean-up deleting 93 temporary data sets
clean-up deleting 146 temporary data sets
clean-up deleting 216 temporary data sets
clean-up deleting 73 temporary data sets



------------------------------------------------------------------------------------------------

clean-up deleting 93 temporary data sets
clean-up deleting 146 temporary data sets
clean-up deleting 216 temporary data sets
clean-up deleting 73 temporary data sets



------------------------------------------------------------------------------------------------

4                                                          The SAS System                            11:47 Wednesday, March 27, 2019

clean-up deleting 93 temporary data sets
clean-up deleting 146 temporary data sets
clean-up deleting 216 temporary data sets
clean-up deleting 73 temporary data sets



------------------------------------------------------------------------------------------------

clean-up deleting 93 temporary data sets
WARNING: The negative of the Hessian is not positive definite. The convergence is questionable.
WARNING: The procedure is continuing but the validity of the model fit is questionable.
WARNING: The specified model did not converge.
WARNING: Negative of Hessian not positive definite.
clean-up deleting 146 temporary data sets
clean-up deleting 216 temporary data sets
clean-up deleting 73 temporary data sets



------------------------------------------------------------------------------------------------

clean-up deleting 93 temporary data sets
clean-up deleting 146 temporary data sets
clean-up deleting 216 temporary data sets
clean-up deleting 73 temporary data sets



------------------------------------------------------------------------------------------------

clean-up deleting 93 temporary data sets
clean-up deleting 146 temporary data sets
clean-up deleting 216 temporary data sets
clean-up deleting 73 temporary data sets



------------------------------------------------------------------------------------------------

clean-up deleting 93 temporary data sets
WARNING: The negative of the Hessian is not positive definite. The convergence is questionable.
WARNING: The procedure is continuing but the validity of the model fit is questionable.
WARNING: The specified model did not converge.
WARNING: Negative of Hessian not positive definite.
clean-up deleting 146 temporary data sets
clean-up deleting 216 temporary data sets
clean-up deleting 73 temporary data sets



------------------------------------------------------------------------------------------------

clean-up deleting 93 temporary data sets
WARNING: The negative of the Hessian is not positive definite. The convergence is questionable.
WARNING: The procedure is continuing but the validity of the model fit is questionable.
WARNING: The specified model did not converge.
WARNING: Negative of Hessian not positive definite.
5                                                          The SAS System                            11:47 Wednesday, March 27, 2019

clean-up deleting 146 temporary data sets
clean-up deleting 216 temporary data sets
clean-up deleting 73 temporary data sets



------------------------------------------------------------------------------------------------

clean-up deleting 93 temporary data sets
WARNING: The negative of the Hessian is not positive definite. The convergence is questionable.
WARNING: The procedure is continuing but the validity of the model fit is questionable.
WARNING: The specified model did not converge.
WARNING: Negative of Hessian not positive definite.
clean-up deleting 146 temporary data sets
clean-up deleting 216 temporary data sets
clean-up deleting 73 temporary data sets



------------------------------------------------------------------------------------------------

clean-up deleting 93 temporary data sets
clean-up deleting 146 temporary data sets
clean-up deleting 216 temporary data sets
clean-up deleting 73 temporary data sets



------------------------------------------------------------------------------------------------

clean-up deleting 93 temporary data sets
clean-up deleting 146 temporary data sets
clean-up deleting 216 temporary data sets
clean-up deleting 73 temporary data sets



------------------------------------------------------------------------------------------------

clean-up deleting 93 temporary data sets
WARNING: The negative of the Hessian is not positive definite. The convergence is questionable.
WARNING: The procedure is continuing but the validity of the model fit is questionable.
WARNING: The specified model did not converge.
WARNING: Negative of Hessian not positive definite.
clean-up deleting 146 temporary data sets
clean-up deleting 216 temporary data sets
clean-up deleting 73 temporary data sets



------------------------------------------------------------------------------------------------

clean-up deleting 93 temporary data sets
clean-up deleting 146 temporary data sets
clean-up deleting 216 temporary data sets
clean-up deleting 73 temporary data sets


6                                                          The SAS System                            11:47 Wednesday, March 27, 2019


------------------------------------------------------------------------------------------------

clean-up deleting 93 temporary data sets
clean-up deleting 146 temporary data sets
clean-up deleting 216 temporary data sets
clean-up deleting 73 temporary data sets



------------------------------------------------------------------------------------------------

clean-up deleting 93 temporary data sets
WARNING: The negative of the Hessian is not positive definite. The convergence is questionable.
WARNING: The procedure is continuing but the validity of the model fit is questionable.
WARNING: The specified model did not converge.
WARNING: Negative of Hessian not positive definite.
clean-up deleting 146 temporary data sets
clean-up deleting 216 temporary data sets
clean-up deleting 73 temporary data sets



------------------------------------------------------------------------------------------------

clean-up deleting 93 temporary data sets
WARNING: The negative of the Hessian is not positive definite. The convergence is questionable.
WARNING: The procedure is continuing but the validity of the model fit is questionable.
WARNING: The specified model did not converge.
WARNING: Negative of Hessian not positive definite.
clean-up deleting 146 temporary data sets
clean-up deleting 216 temporary data sets
clean-up deleting 73 temporary data sets



------------------------------------------------------------------------------------------------

clean-up deleting 93 temporary data sets
clean-up deleting 146 temporary data sets
clean-up deleting 216 temporary data sets
clean-up deleting 73 temporary data sets



------------------------------------------------------------------------------------------------

clean-up deleting 93 temporary data sets
clean-up deleting 146 temporary data sets
clean-up deleting 216 temporary data sets
clean-up deleting 73 temporary data sets



------------------------------------------------------------------------------------------------

clean-up deleting 93 temporary data sets
clean-up deleting 146 temporary data sets
7                                                          The SAS System                            11:47 Wednesday, March 27, 2019

clean-up deleting 216 temporary data sets
clean-up deleting 73 temporary data sets



------------------------------------------------------------------------------------------------

clean-up deleting 93 temporary data sets
clean-up deleting 146 temporary data sets
clean-up deleting 216 temporary data sets
clean-up deleting 73 temporary data sets



------------------------------------------------------------------------------------------------

clean-up deleting 93 temporary data sets
clean-up deleting 146 temporary data sets
clean-up deleting 216 temporary data sets
clean-up deleting 73 temporary data sets



------------------------------------------------------------------------------------------------

clean-up deleting 93 temporary data sets
WARNING: The negative of the Hessian is not positive definite. The convergence is questionable.
WARNING: The procedure is continuing but the validity of the model fit is questionable.
WARNING: The specified model did not converge.
WARNING: Negative of Hessian not positive definite.
clean-up deleting 146 temporary data sets
clean-up deleting 216 temporary data sets
clean-up deleting 73 temporary data sets



------------------------------------------------------------------------------------------------

clean-up deleting 93 temporary data sets
clean-up deleting 146 temporary data sets
clean-up deleting 216 temporary data sets
clean-up deleting 73 temporary data sets



------------------------------------------------------------------------------------------------

clean-up deleting 93 temporary data sets
clean-up deleting 146 temporary data sets
clean-up deleting 216 temporary data sets
clean-up deleting 73 temporary data sets



------------------------------------------------------------------------------------------------

clean-up deleting 93 temporary data sets
clean-up deleting 146 temporary data sets
8                                                          The SAS System                            11:47 Wednesday, March 27, 2019

clean-up deleting 216 temporary data sets
clean-up deleting 73 temporary data sets



------------------------------------------------------------------------------------------------

clean-up deleting 93 temporary data sets
clean-up deleting 146 temporary data sets
clean-up deleting 216 temporary data sets
clean-up deleting 73 temporary data sets



------------------------------------------------------------------------------------------------

clean-up deleting 93 temporary data sets
clean-up deleting 146 temporary data sets
clean-up deleting 216 temporary data sets
clean-up deleting 73 temporary data sets



------------------------------------------------------------------------------------------------

clean-up deleting 93 temporary data sets
WARNING: The negative of the Hessian is not positive definite. The convergence is questionable.
WARNING: The procedure is continuing but the validity of the model fit is questionable.
WARNING: The specified model did not converge.
WARNING: Negative of Hessian not positive definite.
clean-up deleting 146 temporary data sets
clean-up deleting 216 temporary data sets
clean-up deleting 73 temporary data sets



------------------------------------------------------------------------------------------------

clean-up deleting 93 temporary data sets
clean-up deleting 146 temporary data sets
clean-up deleting 216 temporary data sets
clean-up deleting 73 temporary data sets



------------------------------------------------------------------------------------------------

clean-up deleting 93 temporary data sets
clean-up deleting 146 temporary data sets
clean-up deleting 216 temporary data sets
clean-up deleting 73 temporary data sets



------------------------------------------------------------------------------------------------

clean-up deleting 93 temporary data sets
clean-up deleting 146 temporary data sets
9                                                          The SAS System                            11:47 Wednesday, March 27, 2019

clean-up deleting 216 temporary data sets
clean-up deleting 73 temporary data sets



------------------------------------------------------------------------------------------------

clean-up deleting 93 temporary data sets
WARNING: The negative of the Hessian is not positive definite. The convergence is questionable.
WARNING: The procedure is continuing but the validity of the model fit is questionable.
WARNING: The specified model did not converge.
WARNING: Negative of Hessian not positive definite.
clean-up deleting 146 temporary data sets
clean-up deleting 216 temporary data sets
clean-up deleting 73 temporary data sets



------------------------------------------------------------------------------------------------

clean-up deleting 93 temporary data sets
clean-up deleting 146 temporary data sets
clean-up deleting 216 temporary data sets
clean-up deleting 73 temporary data sets



------------------------------------------------------------------------------------------------

clean-up deleting 93 temporary data sets
clean-up deleting 146 temporary data sets
clean-up deleting 216 temporary data sets
clean-up deleting 73 temporary data sets



------------------------------------------------------------------------------------------------

clean-up deleting 93 temporary data sets
clean-up deleting 146 temporary data sets
clean-up deleting 216 temporary data sets
clean-up deleting 73 temporary data sets



------------------------------------------------------------------------------------------------

clean-up deleting 93 temporary data sets
clean-up deleting 146 temporary data sets
clean-up deleting 216 temporary data sets
clean-up deleting 73 temporary data sets



------------------------------------------------------------------------------------------------

clean-up deleting 93 temporary data sets
clean-up deleting 146 temporary data sets
10                                                         The SAS System                            11:47 Wednesday, March 27, 2019

clean-up deleting 216 temporary data sets
clean-up deleting 73 temporary data sets



------------------------------------------------------------------------------------------------

clean-up deleting 93 temporary data sets
clean-up deleting 146 temporary data sets
clean-up deleting 216 temporary data sets
clean-up deleting 73 temporary data sets



------------------------------------------------------------------------------------------------

clean-up deleting 93 temporary data sets
clean-up deleting 146 temporary data sets
clean-up deleting 216 temporary data sets
clean-up deleting 73 temporary data sets



------------------------------------------------------------------------------------------------

clean-up deleting 93 temporary data sets
clean-up deleting 146 temporary data sets
clean-up deleting 216 temporary data sets
clean-up deleting 73 temporary data sets



------------------------------------------------------------------------------------------------

clean-up deleting 93 temporary data sets
clean-up deleting 146 temporary data sets
clean-up deleting 216 temporary data sets
clean-up deleting 73 temporary data sets
3535       %simu(samplesize=350, numberofitems=&nitems., from=&from., to=&to.);



------------------------------------------------------------------------------------------------

clean-up deleting 93 temporary data sets
clean-up deleting 146 temporary data sets
clean-up deleting 216 temporary data sets
clean-up deleting 73 temporary data sets



------------------------------------------------------------------------------------------------

clean-up deleting 93 temporary data sets
WARNING: The negative of the Hessian is not positive definite. The convergence is questionable.
WARNING: The procedure is continuing but the validity of the model fit is questionable.
WARNING: The specified model did not converge.
WARNING: Negative of Hessian not positive definite.
11                                                         The SAS System                            11:47 Wednesday, March 27, 2019

clean-up deleting 146 temporary data sets
clean-up deleting 216 temporary data sets
clean-up deleting 73 temporary data sets



------------------------------------------------------------------------------------------------

clean-up deleting 93 temporary data sets
WARNING: The negative of the Hessian is not positive definite. The convergence is questionable.
WARNING: The procedure is continuing but the validity of the model fit is questionable.
WARNING: The specified model did not converge.
WARNING: Negative of Hessian not positive definite.
clean-up deleting 146 temporary data sets
clean-up deleting 216 temporary data sets
clean-up deleting 73 temporary data sets



------------------------------------------------------------------------------------------------

clean-up deleting 93 temporary data sets
clean-up deleting 146 temporary data sets
clean-up deleting 216 temporary data sets
clean-up deleting 73 temporary data sets



------------------------------------------------------------------------------------------------

clean-up deleting 93 temporary data sets
clean-up deleting 146 temporary data sets
clean-up deleting 216 temporary data sets
clean-up deleting 73 temporary data sets



------------------------------------------------------------------------------------------------

clean-up deleting 93 temporary data sets
clean-up deleting 146 temporary data sets
clean-up deleting 216 temporary data sets
clean-up deleting 73 temporary data sets



------------------------------------------------------------------------------------------------

clean-up deleting 93 temporary data sets
clean-up deleting 146 temporary data sets
clean-up deleting 216 temporary data sets
clean-up deleting 73 temporary data sets



------------------------------------------------------------------------------------------------

clean-up deleting 93 temporary data sets
12                                                         The SAS System                            11:47 Wednesday, March 27, 2019

clean-up deleting 146 temporary data sets
clean-up deleting 216 temporary data sets
clean-up deleting 73 temporary data sets



------------------------------------------------------------------------------------------------

clean-up deleting 93 temporary data sets
clean-up deleting 146 temporary data sets
clean-up deleting 216 temporary data sets
clean-up deleting 73 temporary data sets



------------------------------------------------------------------------------------------------

clean-up deleting 93 temporary data sets
WARNING: The negative of the Hessian is not positive definite. The convergence is questionable.
WARNING: The procedure is continuing but the validity of the model fit is questionable.
WARNING: The specified model did not converge.
WARNING: Negative of Hessian not positive definite.
clean-up deleting 146 temporary data sets
clean-up deleting 216 temporary data sets
clean-up deleting 73 temporary data sets



------------------------------------------------------------------------------------------------

clean-up deleting 93 temporary data sets
clean-up deleting 146 temporary data sets
clean-up deleting 216 temporary data sets
clean-up deleting 73 temporary data sets



------------------------------------------------------------------------------------------------

clean-up deleting 93 temporary data sets
clean-up deleting 146 temporary data sets
clean-up deleting 216 temporary data sets
clean-up deleting 73 temporary data sets



------------------------------------------------------------------------------------------------

clean-up deleting 93 temporary data sets
clean-up deleting 146 temporary data sets
clean-up deleting 216 temporary data sets
clean-up deleting 73 temporary data sets



------------------------------------------------------------------------------------------------

clean-up deleting 93 temporary data sets
13                                                         The SAS System                            11:47 Wednesday, March 27, 2019

clean-up deleting 146 temporary data sets
clean-up deleting 216 temporary data sets
clean-up deleting 73 temporary data sets



------------------------------------------------------------------------------------------------

clean-up deleting 93 temporary data sets
clean-up deleting 146 temporary data sets
clean-up deleting 216 temporary data sets
clean-up deleting 73 temporary data sets



------------------------------------------------------------------------------------------------

clean-up deleting 93 temporary data sets
clean-up deleting 146 temporary data sets
clean-up deleting 216 temporary data sets
clean-up deleting 73 temporary data sets



------------------------------------------------------------------------------------------------

clean-up deleting 93 temporary data sets
WARNING: The negative of the Hessian is not positive definite. The convergence is questionable.
WARNING: The procedure is continuing but the validity of the model fit is questionable.
WARNING: The specified model did not converge.
WARNING: Negative of Hessian not positive definite.
clean-up deleting 146 temporary data sets
clean-up deleting 216 temporary data sets
clean-up deleting 73 temporary data sets



------------------------------------------------------------------------------------------------

clean-up deleting 93 temporary data sets
clean-up deleting 146 temporary data sets
clean-up deleting 216 temporary data sets
clean-up deleting 73 temporary data sets



------------------------------------------------------------------------------------------------

clean-up deleting 93 temporary data sets
clean-up deleting 146 temporary data sets
clean-up deleting 216 temporary data sets
clean-up deleting 73 temporary data sets



------------------------------------------------------------------------------------------------

clean-up deleting 93 temporary data sets
14                                                         The SAS System                            11:47 Wednesday, March 27, 2019

clean-up deleting 146 temporary data sets
clean-up deleting 216 temporary data sets
clean-up deleting 73 temporary data sets



------------------------------------------------------------------------------------------------

clean-up deleting 93 temporary data sets
clean-up deleting 146 temporary data sets
clean-up deleting 216 temporary data sets
clean-up deleting 73 temporary data sets



------------------------------------------------------------------------------------------------

clean-up deleting 93 temporary data sets
clean-up deleting 146 temporary data sets
clean-up deleting 216 temporary data sets
clean-up deleting 73 temporary data sets



------------------------------------------------------------------------------------------------

clean-up deleting 93 temporary data sets
WARNING: The negative of the Hessian is not positive definite. The convergence is questionable.
WARNING: The procedure is continuing but the validity of the model fit is questionable.
WARNING: The specified model did not converge.
WARNING: Negative of Hessian not positive definite.
clean-up deleting 146 temporary data sets
clean-up deleting 216 temporary data sets
clean-up deleting 73 temporary data sets



------------------------------------------------------------------------------------------------

clean-up deleting 93 temporary data sets
clean-up deleting 146 temporary data sets
clean-up deleting 216 temporary data sets
clean-up deleting 73 temporary data sets



------------------------------------------------------------------------------------------------

clean-up deleting 93 temporary data sets
clean-up deleting 146 temporary data sets
clean-up deleting 216 temporary data sets
clean-up deleting 73 temporary data sets



------------------------------------------------------------------------------------------------

clean-up deleting 93 temporary data sets
15                                                         The SAS System                            11:47 Wednesday, March 27, 2019

clean-up deleting 146 temporary data sets
clean-up deleting 216 temporary data sets
clean-up deleting 73 temporary data sets



------------------------------------------------------------------------------------------------

clean-up deleting 93 temporary data sets
WARNING: The negative of the Hessian is not positive definite. The convergence is questionable.
WARNING: The procedure is continuing but the validity of the model fit is questionable.
WARNING: The specified model did not converge.
WARNING: Negative of Hessian not positive definite.
clean-up deleting 146 temporary data sets
clean-up deleting 216 temporary data sets
clean-up deleting 73 temporary data sets



------------------------------------------------------------------------------------------------

clean-up deleting 93 temporary data sets
clean-up deleting 146 temporary data sets
clean-up deleting 216 temporary data sets
clean-up deleting 73 temporary data sets



------------------------------------------------------------------------------------------------

clean-up deleting 93 temporary data sets
clean-up deleting 146 temporary data sets
clean-up deleting 216 temporary data sets
clean-up deleting 73 temporary data sets



------------------------------------------------------------------------------------------------

clean-up deleting 93 temporary data sets
WARNING: The negative of the Hessian is not positive definite. The convergence is questionable.
WARNING: The procedure is continuing but the validity of the model fit is questionable.
WARNING: The specified model did not converge.
WARNING: Negative of Hessian not positive definite.
clean-up deleting 146 temporary data sets
clean-up deleting 216 temporary data sets
clean-up deleting 73 temporary data sets



------------------------------------------------------------------------------------------------

clean-up deleting 93 temporary data sets
clean-up deleting 146 temporary data sets
clean-up deleting 216 temporary data sets
clean-up deleting 73 temporary data sets


16                                                         The SAS System                            11:47 Wednesday, March 27, 2019


------------------------------------------------------------------------------------------------

clean-up deleting 93 temporary data sets
clean-up deleting 146 temporary data sets
clean-up deleting 216 temporary data sets
clean-up deleting 73 temporary data sets



------------------------------------------------------------------------------------------------

clean-up deleting 93 temporary data sets
clean-up deleting 146 temporary data sets
clean-up deleting 216 temporary data sets
clean-up deleting 73 temporary data sets



------------------------------------------------------------------------------------------------

clean-up deleting 93 temporary data sets
clean-up deleting 146 temporary data sets
clean-up deleting 216 temporary data sets
clean-up deleting 73 temporary data sets



------------------------------------------------------------------------------------------------

clean-up deleting 93 temporary data sets
clean-up deleting 146 temporary data sets
clean-up deleting 216 temporary data sets
clean-up deleting 73 temporary data sets



------------------------------------------------------------------------------------------------

clean-up deleting 93 temporary data sets
WARNING: The negative of the Hessian is not positive definite. The convergence is questionable.
WARNING: The procedure is continuing but the validity of the model fit is questionable.
WARNING: The specified model did not converge.
WARNING: Negative of Hessian not positive definite.
clean-up deleting 146 temporary data sets
clean-up deleting 216 temporary data sets
clean-up deleting 73 temporary data sets



------------------------------------------------------------------------------------------------

clean-up deleting 93 temporary data sets
clean-up deleting 146 temporary data sets
clean-up deleting 216 temporary data sets
clean-up deleting 73 temporary data sets


17                                                         The SAS System                            11:47 Wednesday, March 27, 2019


------------------------------------------------------------------------------------------------

clean-up deleting 93 temporary data sets
clean-up deleting 146 temporary data sets
clean-up deleting 216 temporary data sets
clean-up deleting 73 temporary data sets



------------------------------------------------------------------------------------------------

clean-up deleting 93 temporary data sets
clean-up deleting 146 temporary data sets
clean-up deleting 216 temporary data sets
clean-up deleting 73 temporary data sets



------------------------------------------------------------------------------------------------

clean-up deleting 93 temporary data sets
clean-up deleting 146 temporary data sets
clean-up deleting 216 temporary data sets
clean-up deleting 73 temporary data sets



------------------------------------------------------------------------------------------------

clean-up deleting 93 temporary data sets
clean-up deleting 146 temporary data sets
clean-up deleting 216 temporary data sets
clean-up deleting 73 temporary data sets



------------------------------------------------------------------------------------------------

clean-up deleting 93 temporary data sets
clean-up deleting 146 temporary data sets
clean-up deleting 216 temporary data sets
clean-up deleting 73 temporary data sets



------------------------------------------------------------------------------------------------

clean-up deleting 93 temporary data sets
clean-up deleting 146 temporary data sets
clean-up deleting 216 temporary data sets
clean-up deleting 73 temporary data sets



------------------------------------------------------------------------------------------------

clean-up deleting 93 temporary data sets
18                                                         The SAS System                            11:47 Wednesday, March 27, 2019

WARNING: The negative of the Hessian is not positive definite. The convergence is questionable.
WARNING: The procedure is continuing but the validity of the model fit is questionable.
WARNING: The specified model did not converge.
WARNING: Negative of Hessian not positive definite.
clean-up deleting 146 temporary data sets
clean-up deleting 216 temporary data sets
clean-up deleting 73 temporary data sets



------------------------------------------------------------------------------------------------

clean-up deleting 93 temporary data sets
clean-up deleting 146 temporary data sets
clean-up deleting 216 temporary data sets
clean-up deleting 73 temporary data sets



------------------------------------------------------------------------------------------------

clean-up deleting 93 temporary data sets
clean-up deleting 146 temporary data sets
clean-up deleting 216 temporary data sets
clean-up deleting 73 temporary data sets



------------------------------------------------------------------------------------------------

clean-up deleting 93 temporary data sets
WARNING: The negative of the Hessian is not positive definite. The convergence is questionable.
WARNING: The procedure is continuing but the validity of the model fit is questionable.
WARNING: The specified model did not converge.
WARNING: Negative of Hessian not positive definite.
clean-up deleting 146 temporary data sets
clean-up deleting 216 temporary data sets
clean-up deleting 73 temporary data sets



------------------------------------------------------------------------------------------------

clean-up deleting 93 temporary data sets
clean-up deleting 146 temporary data sets
clean-up deleting 216 temporary data sets
clean-up deleting 73 temporary data sets



------------------------------------------------------------------------------------------------

clean-up deleting 93 temporary data sets
clean-up deleting 146 temporary data sets
clean-up deleting 216 temporary data sets
clean-up deleting 73 temporary data sets


19                                                         The SAS System                            11:47 Wednesday, March 27, 2019


------------------------------------------------------------------------------------------------

clean-up deleting 93 temporary data sets
clean-up deleting 146 temporary data sets
clean-up deleting 216 temporary data sets
clean-up deleting 73 temporary data sets
3536       %simu(samplesize=400, numberofitems=&nitems., from=&from., to=&to.);



------------------------------------------------------------------------------------------------

clean-up deleting 93 temporary data sets
clean-up deleting 146 temporary data sets
clean-up deleting 216 temporary data sets
clean-up deleting 73 temporary data sets



------------------------------------------------------------------------------------------------

clean-up deleting 93 temporary data sets
clean-up deleting 146 temporary data sets
clean-up deleting 216 temporary data sets
clean-up deleting 73 temporary data sets



------------------------------------------------------------------------------------------------

clean-up deleting 93 temporary data sets
clean-up deleting 146 temporary data sets
clean-up deleting 216 temporary data sets
clean-up deleting 73 temporary data sets



------------------------------------------------------------------------------------------------

clean-up deleting 93 temporary data sets
clean-up deleting 146 temporary data sets
clean-up deleting 216 temporary data sets
clean-up deleting 73 temporary data sets



------------------------------------------------------------------------------------------------

clean-up deleting 93 temporary data sets
clean-up deleting 146 temporary data sets
clean-up deleting 216 temporary data sets
clean-up deleting 73 temporary data sets



------------------------------------------------------------------------------------------------

20                                                         The SAS System                            11:47 Wednesday, March 27, 2019

clean-up deleting 93 temporary data sets
WARNING: The negative of the Hessian is not positive definite. The convergence is questionable.
WARNING: The procedure is continuing but the validity of the model fit is questionable.
WARNING: The specified model did not converge.
WARNING: Negative of Hessian not positive definite.
clean-up deleting 146 temporary data sets
clean-up deleting 216 temporary data sets
clean-up deleting 73 temporary data sets



------------------------------------------------------------------------------------------------

clean-up deleting 93 temporary data sets
clean-up deleting 146 temporary data sets
clean-up deleting 216 temporary data sets
clean-up deleting 73 temporary data sets



------------------------------------------------------------------------------------------------

clean-up deleting 93 temporary data sets
clean-up deleting 146 temporary data sets
clean-up deleting 216 temporary data sets
clean-up deleting 73 temporary data sets



------------------------------------------------------------------------------------------------

clean-up deleting 93 temporary data sets
clean-up deleting 146 temporary data sets
clean-up deleting 216 temporary data sets
clean-up deleting 73 temporary data sets



------------------------------------------------------------------------------------------------

clean-up deleting 93 temporary data sets
clean-up deleting 146 temporary data sets
clean-up deleting 216 temporary data sets
clean-up deleting 73 temporary data sets



------------------------------------------------------------------------------------------------

clean-up deleting 93 temporary data sets
clean-up deleting 146 temporary data sets
clean-up deleting 216 temporary data sets
clean-up deleting 73 temporary data sets



------------------------------------------------------------------------------------------------

21                                                         The SAS System                            11:47 Wednesday, March 27, 2019

clean-up deleting 93 temporary data sets
clean-up deleting 146 temporary data sets
clean-up deleting 216 temporary data sets
clean-up deleting 73 temporary data sets



------------------------------------------------------------------------------------------------

clean-up deleting 93 temporary data sets
clean-up deleting 146 temporary data sets
clean-up deleting 216 temporary data sets
clean-up deleting 73 temporary data sets



------------------------------------------------------------------------------------------------

clean-up deleting 93 temporary data sets
clean-up deleting 146 temporary data sets
clean-up deleting 216 temporary data sets
clean-up deleting 73 temporary data sets



------------------------------------------------------------------------------------------------

clean-up deleting 93 temporary data sets
clean-up deleting 146 temporary data sets
clean-up deleting 216 temporary data sets
clean-up deleting 73 temporary data sets



------------------------------------------------------------------------------------------------

clean-up deleting 93 temporary data sets
clean-up deleting 146 temporary data sets
clean-up deleting 216 temporary data sets
clean-up deleting 73 temporary data sets



------------------------------------------------------------------------------------------------

clean-up deleting 93 temporary data sets
WARNING: The negative of the Hessian is not positive definite. The convergence is questionable.
WARNING: The procedure is continuing but the validity of the model fit is questionable.
WARNING: The specified model did not converge.
WARNING: Negative of Hessian not positive definite.
clean-up deleting 146 temporary data sets
clean-up deleting 216 temporary data sets
clean-up deleting 73 temporary data sets



------------------------------------------------------------------------------------------------

22                                                         The SAS System                            11:47 Wednesday, March 27, 2019

clean-up deleting 93 temporary data sets
clean-up deleting 146 temporary data sets
clean-up deleting 216 temporary data sets
clean-up deleting 73 temporary data sets



------------------------------------------------------------------------------------------------

clean-up deleting 93 temporary data sets
clean-up deleting 146 temporary data sets
clean-up deleting 216 temporary data sets
clean-up deleting 73 temporary data sets



------------------------------------------------------------------------------------------------

clean-up deleting 93 temporary data sets
clean-up deleting 146 temporary data sets
clean-up deleting 216 temporary data sets
clean-up deleting 73 temporary data sets



------------------------------------------------------------------------------------------------

clean-up deleting 93 temporary data sets
clean-up deleting 146 temporary data sets
clean-up deleting 216 temporary data sets
clean-up deleting 73 temporary data sets



------------------------------------------------------------------------------------------------

clean-up deleting 93 temporary data sets
WARNING: The negative of the Hessian is not positive definite. The convergence is questionable.
WARNING: The procedure is continuing but the validity of the model fit is questionable.
WARNING: The specified model did not converge.
WARNING: Negative of Hessian not positive definite.
clean-up deleting 146 temporary data sets
clean-up deleting 216 temporary data sets
clean-up deleting 73 temporary data sets



------------------------------------------------------------------------------------------------

clean-up deleting 93 temporary data sets
WARNING: The negative of the Hessian is not positive definite. The convergence is questionable.
WARNING: The procedure is continuing but the validity of the model fit is questionable.
WARNING: The specified model did not converge.
WARNING: Negative of Hessian not positive definite.
clean-up deleting 146 temporary data sets
clean-up deleting 216 temporary data sets
clean-up deleting 73 temporary data sets

23                                                         The SAS System                            11:47 Wednesday, March 27, 2019



------------------------------------------------------------------------------------------------

clean-up deleting 93 temporary data sets
clean-up deleting 146 temporary data sets
clean-up deleting 216 temporary data sets
clean-up deleting 73 temporary data sets



------------------------------------------------------------------------------------------------

clean-up deleting 93 temporary data sets
clean-up deleting 146 temporary data sets
clean-up deleting 216 temporary data sets
clean-up deleting 73 temporary data sets



------------------------------------------------------------------------------------------------

clean-up deleting 93 temporary data sets
clean-up deleting 146 temporary data sets
clean-up deleting 216 temporary data sets
clean-up deleting 73 temporary data sets



------------------------------------------------------------------------------------------------

clean-up deleting 93 temporary data sets
clean-up deleting 146 temporary data sets
clean-up deleting 216 temporary data sets
clean-up deleting 73 temporary data sets



------------------------------------------------------------------------------------------------

clean-up deleting 93 temporary data sets
clean-up deleting 146 temporary data sets
clean-up deleting 216 temporary data sets
clean-up deleting 73 temporary data sets



------------------------------------------------------------------------------------------------

clean-up deleting 93 temporary data sets
clean-up deleting 146 temporary data sets
clean-up deleting 216 temporary data sets
clean-up deleting 73 temporary data sets



------------------------------------------------------------------------------------------------

24                                                         The SAS System                            11:47 Wednesday, March 27, 2019

clean-up deleting 93 temporary data sets
clean-up deleting 146 temporary data sets
clean-up deleting 216 temporary data sets
clean-up deleting 73 temporary data sets



------------------------------------------------------------------------------------------------

clean-up deleting 93 temporary data sets
clean-up deleting 146 temporary data sets
clean-up deleting 216 temporary data sets
clean-up deleting 73 temporary data sets



------------------------------------------------------------------------------------------------

clean-up deleting 93 temporary data sets
clean-up deleting 146 temporary data sets
clean-up deleting 216 temporary data sets
clean-up deleting 73 temporary data sets



------------------------------------------------------------------------------------------------

clean-up deleting 93 temporary data sets
clean-up deleting 146 temporary data sets
clean-up deleting 216 temporary data sets
clean-up deleting 73 temporary data sets



------------------------------------------------------------------------------------------------

clean-up deleting 93 temporary data sets
clean-up deleting 146 temporary data sets
clean-up deleting 216 temporary data sets
clean-up deleting 73 temporary data sets



------------------------------------------------------------------------------------------------

clean-up deleting 93 temporary data sets
clean-up deleting 146 temporary data sets
clean-up deleting 216 temporary data sets
clean-up deleting 73 temporary data sets



------------------------------------------------------------------------------------------------

clean-up deleting 93 temporary data sets
clean-up deleting 146 temporary data sets
clean-up deleting 216 temporary data sets
clean-up deleting 73 temporary data sets
25                                                         The SAS System                            11:47 Wednesday, March 27, 2019




------------------------------------------------------------------------------------------------

clean-up deleting 93 temporary data sets
clean-up deleting 146 temporary data sets
clean-up deleting 216 temporary data sets
clean-up deleting 73 temporary data sets



------------------------------------------------------------------------------------------------

clean-up deleting 93 temporary data sets
clean-up deleting 146 temporary data sets
clean-up deleting 216 temporary data sets
clean-up deleting 73 temporary data sets



------------------------------------------------------------------------------------------------

clean-up deleting 93 temporary data sets
clean-up deleting 146 temporary data sets
clean-up deleting 216 temporary data sets
clean-up deleting 73 temporary data sets



------------------------------------------------------------------------------------------------

clean-up deleting 93 temporary data sets
clean-up deleting 146 temporary data sets
clean-up deleting 216 temporary data sets
clean-up deleting 73 temporary data sets



------------------------------------------------------------------------------------------------

clean-up deleting 93 temporary data sets
clean-up deleting 146 temporary data sets
clean-up deleting 216 temporary data sets
clean-up deleting 73 temporary data sets



------------------------------------------------------------------------------------------------

clean-up deleting 93 temporary data sets
clean-up deleting 146 temporary data sets
clean-up deleting 216 temporary data sets
clean-up deleting 73 temporary data sets



------------------------------------------------------------------------------------------------
26                                                         The SAS System                            11:47 Wednesday, March 27, 2019


clean-up deleting 93 temporary data sets
clean-up deleting 146 temporary data sets
clean-up deleting 216 temporary data sets
clean-up deleting 73 temporary data sets



------------------------------------------------------------------------------------------------

clean-up deleting 93 temporary data sets
clean-up deleting 146 temporary data sets
clean-up deleting 216 temporary data sets
clean-up deleting 73 temporary data sets



------------------------------------------------------------------------------------------------

clean-up deleting 93 temporary data sets
WARNING: The negative of the Hessian is not positive definite. The convergence is questionable.
WARNING: The procedure is continuing but the validity of the model fit is questionable.
WARNING: The specified model did not converge.
WARNING: Negative of Hessian not positive definite.
clean-up deleting 146 temporary data sets
clean-up deleting 216 temporary data sets
clean-up deleting 73 temporary data sets



------------------------------------------------------------------------------------------------

clean-up deleting 93 temporary data sets
clean-up deleting 146 temporary data sets
clean-up deleting 216 temporary data sets
clean-up deleting 73 temporary data sets



------------------------------------------------------------------------------------------------

clean-up deleting 93 temporary data sets
clean-up deleting 146 temporary data sets
clean-up deleting 216 temporary data sets
clean-up deleting 73 temporary data sets



------------------------------------------------------------------------------------------------

clean-up deleting 93 temporary data sets
clean-up deleting 146 temporary data sets
clean-up deleting 216 temporary data sets
clean-up deleting 73 temporary data sets



------------------------------------------------------------------------------------------------
27                                                         The SAS System                            11:47 Wednesday, March 27, 2019


clean-up deleting 93 temporary data sets
clean-up deleting 146 temporary data sets
clean-up deleting 216 temporary data sets
clean-up deleting 73 temporary data sets



------------------------------------------------------------------------------------------------

clean-up deleting 93 temporary data sets
clean-up deleting 146 temporary data sets
clean-up deleting 216 temporary data sets
clean-up deleting 73 temporary data sets
3537       %simu(samplesize=450, numberofitems=&nitems., from=&from., to=&to.);



------------------------------------------------------------------------------------------------

clean-up deleting 93 temporary data sets
clean-up deleting 146 temporary data sets
clean-up deleting 216 temporary data sets
clean-up deleting 73 temporary data sets



------------------------------------------------------------------------------------------------

clean-up deleting 93 temporary data sets
clean-up deleting 146 temporary data sets
clean-up deleting 216 temporary data sets
clean-up deleting 73 temporary data sets



------------------------------------------------------------------------------------------------

clean-up deleting 93 temporary data sets
clean-up deleting 146 temporary data sets
clean-up deleting 216 temporary data sets
clean-up deleting 73 temporary data sets



------------------------------------------------------------------------------------------------

clean-up deleting 93 temporary data sets
clean-up deleting 146 temporary data sets
clean-up deleting 216 temporary data sets
clean-up deleting 73 temporary data sets



------------------------------------------------------------------------------------------------

clean-up deleting 93 temporary data sets
clean-up deleting 146 temporary data sets
28                                                         The SAS System                            11:47 Wednesday, March 27, 2019

clean-up deleting 216 temporary data sets
clean-up deleting 73 temporary data sets



------------------------------------------------------------------------------------------------

clean-up deleting 93 temporary data sets
clean-up deleting 146 temporary data sets
clean-up deleting 216 temporary data sets
clean-up deleting 73 temporary data sets



------------------------------------------------------------------------------------------------

clean-up deleting 93 temporary data sets
WARNING: The negative of the Hessian is not positive definite. The convergence is questionable.
WARNING: The procedure is continuing but the validity of the model fit is questionable.
WARNING: The specified model did not converge.
WARNING: Negative of Hessian not positive definite.
clean-up deleting 146 temporary data sets
clean-up deleting 216 temporary data sets
clean-up deleting 73 temporary data sets



------------------------------------------------------------------------------------------------

clean-up deleting 93 temporary data sets
WARNING: The negative of the Hessian is not positive definite. The convergence is questionable.
WARNING: The procedure is continuing but the validity of the model fit is questionable.
WARNING: The specified model did not converge.
WARNING: Negative of Hessian not positive definite.
clean-up deleting 146 temporary data sets
clean-up deleting 216 temporary data sets
clean-up deleting 73 temporary data sets



------------------------------------------------------------------------------------------------

clean-up deleting 93 temporary data sets
clean-up deleting 146 temporary data sets
clean-up deleting 216 temporary data sets
clean-up deleting 73 temporary data sets



------------------------------------------------------------------------------------------------

clean-up deleting 93 temporary data sets
clean-up deleting 146 temporary data sets
clean-up deleting 216 temporary data sets
clean-up deleting 73 temporary data sets



29                                                         The SAS System                            11:47 Wednesday, March 27, 2019

------------------------------------------------------------------------------------------------

clean-up deleting 93 temporary data sets
clean-up deleting 146 temporary data sets
clean-up deleting 216 temporary data sets
clean-up deleting 73 temporary data sets



------------------------------------------------------------------------------------------------

clean-up deleting 93 temporary data sets
clean-up deleting 146 temporary data sets
clean-up deleting 216 temporary data sets
clean-up deleting 73 temporary data sets



------------------------------------------------------------------------------------------------

clean-up deleting 93 temporary data sets
WARNING: The negative of the Hessian is not positive definite. The convergence is questionable.
WARNING: The procedure is continuing but the validity of the model fit is questionable.
WARNING: The specified model did not converge.
WARNING: Negative of Hessian not positive definite.
clean-up deleting 146 temporary data sets
clean-up deleting 216 temporary data sets
clean-up deleting 73 temporary data sets



------------------------------------------------------------------------------------------------

clean-up deleting 93 temporary data sets
clean-up deleting 146 temporary data sets
clean-up deleting 216 temporary data sets
clean-up deleting 73 temporary data sets



------------------------------------------------------------------------------------------------

clean-up deleting 93 temporary data sets
clean-up deleting 146 temporary data sets
clean-up deleting 216 temporary data sets
clean-up deleting 73 temporary data sets



------------------------------------------------------------------------------------------------

clean-up deleting 93 temporary data sets
clean-up deleting 146 temporary data sets
clean-up deleting 216 temporary data sets
clean-up deleting 73 temporary data sets



30                                                         The SAS System                            11:47 Wednesday, March 27, 2019

------------------------------------------------------------------------------------------------

clean-up deleting 93 temporary data sets
clean-up deleting 146 temporary data sets
clean-up deleting 216 temporary data sets
clean-up deleting 73 temporary data sets



------------------------------------------------------------------------------------------------

clean-up deleting 93 temporary data sets
clean-up deleting 146 temporary data sets
clean-up deleting 216 temporary data sets
clean-up deleting 73 temporary data sets



------------------------------------------------------------------------------------------------

clean-up deleting 93 temporary data sets
clean-up deleting 146 temporary data sets
clean-up deleting 216 temporary data sets
clean-up deleting 73 temporary data sets



------------------------------------------------------------------------------------------------

clean-up deleting 93 temporary data sets
clean-up deleting 146 temporary data sets
clean-up deleting 216 temporary data sets
clean-up deleting 73 temporary data sets



------------------------------------------------------------------------------------------------

clean-up deleting 93 temporary data sets
clean-up deleting 146 temporary data sets
clean-up deleting 216 temporary data sets
clean-up deleting 73 temporary data sets



------------------------------------------------------------------------------------------------

clean-up deleting 93 temporary data sets
clean-up deleting 146 temporary data sets
clean-up deleting 216 temporary data sets
clean-up deleting 73 temporary data sets



------------------------------------------------------------------------------------------------

clean-up deleting 93 temporary data sets
clean-up deleting 146 temporary data sets
31                                                         The SAS System                            11:47 Wednesday, March 27, 2019

clean-up deleting 216 temporary data sets
clean-up deleting 73 temporary data sets



------------------------------------------------------------------------------------------------

clean-up deleting 93 temporary data sets
WARNING: The negative of the Hessian is not positive definite. The convergence is questionable.
WARNING: The procedure is continuing but the validity of the model fit is questionable.
WARNING: The specified model did not converge.
WARNING: Negative of Hessian not positive definite.
clean-up deleting 146 temporary data sets
clean-up deleting 216 temporary data sets
clean-up deleting 73 temporary data sets



------------------------------------------------------------------------------------------------

clean-up deleting 93 temporary data sets
clean-up deleting 146 temporary data sets
clean-up deleting 216 temporary data sets
clean-up deleting 73 temporary data sets



------------------------------------------------------------------------------------------------

clean-up deleting 93 temporary data sets
WARNING: The negative of the Hessian is not positive definite. The convergence is questionable.
WARNING: The procedure is continuing but the validity of the model fit is questionable.
WARNING: The specified model did not converge.
WARNING: Negative of Hessian not positive definite.
clean-up deleting 146 temporary data sets
clean-up deleting 216 temporary data sets
clean-up deleting 73 temporary data sets



------------------------------------------------------------------------------------------------

clean-up deleting 93 temporary data sets
clean-up deleting 146 temporary data sets
clean-up deleting 216 temporary data sets
clean-up deleting 73 temporary data sets



------------------------------------------------------------------------------------------------

clean-up deleting 93 temporary data sets
clean-up deleting 146 temporary data sets
clean-up deleting 216 temporary data sets
clean-up deleting 73 temporary data sets



32                                                         The SAS System                            11:47 Wednesday, March 27, 2019

------------------------------------------------------------------------------------------------

clean-up deleting 93 temporary data sets
clean-up deleting 146 temporary data sets
clean-up deleting 216 temporary data sets
clean-up deleting 73 temporary data sets



------------------------------------------------------------------------------------------------

clean-up deleting 93 temporary data sets
clean-up deleting 146 temporary data sets
clean-up deleting 216 temporary data sets
clean-up deleting 73 temporary data sets



------------------------------------------------------------------------------------------------

clean-up deleting 93 temporary data sets
clean-up deleting 146 temporary data sets
clean-up deleting 216 temporary data sets
clean-up deleting 73 temporary data sets



------------------------------------------------------------------------------------------------

clean-up deleting 93 temporary data sets
clean-up deleting 146 temporary data sets
clean-up deleting 216 temporary data sets
clean-up deleting 73 temporary data sets



------------------------------------------------------------------------------------------------

clean-up deleting 93 temporary data sets
clean-up deleting 146 temporary data sets
clean-up deleting 216 temporary data sets
clean-up deleting 73 temporary data sets



------------------------------------------------------------------------------------------------

clean-up deleting 93 temporary data sets
WARNING: The negative of the Hessian is not positive definite. The convergence is questionable.
WARNING: The procedure is continuing but the validity of the model fit is questionable.
WARNING: The specified model did not converge.
WARNING: Negative of Hessian not positive definite.
clean-up deleting 146 temporary data sets
clean-up deleting 216 temporary data sets
clean-up deleting 73 temporary data sets



33                                                         The SAS System                            11:47 Wednesday, March 27, 2019

------------------------------------------------------------------------------------------------

clean-up deleting 93 temporary data sets
clean-up deleting 146 temporary data sets
clean-up deleting 216 temporary data sets
clean-up deleting 73 temporary data sets



------------------------------------------------------------------------------------------------

clean-up deleting 93 temporary data sets
clean-up deleting 146 temporary data sets
clean-up deleting 216 temporary data sets
clean-up deleting 73 temporary data sets



------------------------------------------------------------------------------------------------

clean-up deleting 93 temporary data sets
clean-up deleting 146 temporary data sets
clean-up deleting 216 temporary data sets
clean-up deleting 73 temporary data sets



------------------------------------------------------------------------------------------------

clean-up deleting 93 temporary data sets
clean-up deleting 146 temporary data sets
clean-up deleting 216 temporary data sets
clean-up deleting 73 temporary data sets



------------------------------------------------------------------------------------------------

clean-up deleting 93 temporary data sets
clean-up deleting 146 temporary data sets
clean-up deleting 216 temporary data sets
clean-up deleting 73 temporary data sets



------------------------------------------------------------------------------------------------

clean-up deleting 93 temporary data sets
clean-up deleting 146 temporary data sets
clean-up deleting 216 temporary data sets
clean-up deleting 73 temporary data sets



------------------------------------------------------------------------------------------------

clean-up deleting 93 temporary data sets
clean-up deleting 146 temporary data sets
34                                                         The SAS System                            11:47 Wednesday, March 27, 2019

clean-up deleting 216 temporary data sets
clean-up deleting 73 temporary data sets



------------------------------------------------------------------------------------------------

clean-up deleting 93 temporary data sets
clean-up deleting 146 temporary data sets
clean-up deleting 216 temporary data sets
clean-up deleting 73 temporary data sets



------------------------------------------------------------------------------------------------

clean-up deleting 93 temporary data sets
clean-up deleting 146 temporary data sets
clean-up deleting 216 temporary data sets
clean-up deleting 73 temporary data sets



------------------------------------------------------------------------------------------------

clean-up deleting 93 temporary data sets
clean-up deleting 146 temporary data sets
clean-up deleting 216 temporary data sets
clean-up deleting 73 temporary data sets



------------------------------------------------------------------------------------------------

clean-up deleting 93 temporary data sets
clean-up deleting 146 temporary data sets
clean-up deleting 216 temporary data sets
clean-up deleting 73 temporary data sets



------------------------------------------------------------------------------------------------

clean-up deleting 93 temporary data sets
clean-up deleting 146 temporary data sets
clean-up deleting 216 temporary data sets
clean-up deleting 73 temporary data sets



------------------------------------------------------------------------------------------------

clean-up deleting 93 temporary data sets
clean-up deleting 146 temporary data sets
clean-up deleting 216 temporary data sets
clean-up deleting 73 temporary data sets


35                                                         The SAS System                            11:47 Wednesday, March 27, 2019


------------------------------------------------------------------------------------------------

clean-up deleting 93 temporary data sets
clean-up deleting 146 temporary data sets
clean-up deleting 216 temporary data sets
clean-up deleting 73 temporary data sets



------------------------------------------------------------------------------------------------

clean-up deleting 93 temporary data sets
clean-up deleting 146 temporary data sets
clean-up deleting 216 temporary data sets
clean-up deleting 73 temporary data sets



------------------------------------------------------------------------------------------------

clean-up deleting 93 temporary data sets
clean-up deleting 146 temporary data sets
clean-up deleting 216 temporary data sets
clean-up deleting 73 temporary data sets
3538       %simu(samplesize=500, numberofitems=&nitems., from=&from., to=&to.);



------------------------------------------------------------------------------------------------

clean-up deleting 93 temporary data sets
clean-up deleting 146 temporary data sets
clean-up deleting 216 temporary data sets
clean-up deleting 73 temporary data sets



------------------------------------------------------------------------------------------------

clean-up deleting 93 temporary data sets
WARNING: The negative of the Hessian is not positive definite. The convergence is questionable.
WARNING: The procedure is continuing but the validity of the model fit is questionable.
WARNING: The specified model did not converge.
WARNING: Negative of Hessian not positive definite.
clean-up deleting 146 temporary data sets
clean-up deleting 216 temporary data sets
clean-up deleting 73 temporary data sets



------------------------------------------------------------------------------------------------

clean-up deleting 93 temporary data sets
clean-up deleting 146 temporary data sets
clean-up deleting 216 temporary data sets
clean-up deleting 73 temporary data sets

36                                                         The SAS System                            11:47 Wednesday, March 27, 2019



------------------------------------------------------------------------------------------------

clean-up deleting 93 temporary data sets
clean-up deleting 146 temporary data sets
clean-up deleting 216 temporary data sets
clean-up deleting 73 temporary data sets



------------------------------------------------------------------------------------------------

clean-up deleting 93 temporary data sets
clean-up deleting 146 temporary data sets
clean-up deleting 216 temporary data sets
clean-up deleting 73 temporary data sets



------------------------------------------------------------------------------------------------

clean-up deleting 93 temporary data sets
clean-up deleting 146 temporary data sets
clean-up deleting 216 temporary data sets
clean-up deleting 73 temporary data sets



------------------------------------------------------------------------------------------------

clean-up deleting 93 temporary data sets
clean-up deleting 146 temporary data sets
clean-up deleting 216 temporary data sets
clean-up deleting 73 temporary data sets



------------------------------------------------------------------------------------------------

clean-up deleting 93 temporary data sets
clean-up deleting 146 temporary data sets
clean-up deleting 216 temporary data sets
clean-up deleting 73 temporary data sets



------------------------------------------------------------------------------------------------

clean-up deleting 93 temporary data sets
clean-up deleting 146 temporary data sets
clean-up deleting 216 temporary data sets
clean-up deleting 73 temporary data sets



------------------------------------------------------------------------------------------------

37                                                         The SAS System                            11:47 Wednesday, March 27, 2019

clean-up deleting 93 temporary data sets
clean-up deleting 146 temporary data sets
clean-up deleting 216 temporary data sets
clean-up deleting 73 temporary data sets



------------------------------------------------------------------------------------------------

clean-up deleting 93 temporary data sets
clean-up deleting 146 temporary data sets
clean-up deleting 216 temporary data sets
clean-up deleting 73 temporary data sets



------------------------------------------------------------------------------------------------

clean-up deleting 93 temporary data sets
clean-up deleting 146 temporary data sets
clean-up deleting 216 temporary data sets
clean-up deleting 73 temporary data sets



------------------------------------------------------------------------------------------------

clean-up deleting 93 temporary data sets
clean-up deleting 146 temporary data sets
clean-up deleting 216 temporary data sets
clean-up deleting 73 temporary data sets



------------------------------------------------------------------------------------------------

clean-up deleting 93 temporary data sets
clean-up deleting 146 temporary data sets
clean-up deleting 216 temporary data sets
clean-up deleting 73 temporary data sets



------------------------------------------------------------------------------------------------

clean-up deleting 93 temporary data sets
clean-up deleting 146 temporary data sets
clean-up deleting 216 temporary data sets
clean-up deleting 73 temporary data sets



------------------------------------------------------------------------------------------------

clean-up deleting 93 temporary data sets
clean-up deleting 146 temporary data sets
clean-up deleting 216 temporary data sets
clean-up deleting 73 temporary data sets
38                                                         The SAS System                            11:47 Wednesday, March 27, 2019




------------------------------------------------------------------------------------------------

clean-up deleting 93 temporary data sets
clean-up deleting 146 temporary data sets
clean-up deleting 216 temporary data sets
clean-up deleting 73 temporary data sets



------------------------------------------------------------------------------------------------

clean-up deleting 93 temporary data sets
clean-up deleting 146 temporary data sets
clean-up deleting 216 temporary data sets
clean-up deleting 73 temporary data sets



------------------------------------------------------------------------------------------------

clean-up deleting 93 temporary data sets
clean-up deleting 146 temporary data sets
clean-up deleting 216 temporary data sets
clean-up deleting 73 temporary data sets



------------------------------------------------------------------------------------------------

clean-up deleting 93 temporary data sets
clean-up deleting 146 temporary data sets
clean-up deleting 216 temporary data sets
clean-up deleting 73 temporary data sets



------------------------------------------------------------------------------------------------

clean-up deleting 93 temporary data sets
WARNING: The negative of the Hessian is not positive definite. The convergence is questionable.
WARNING: The procedure is continuing but the validity of the model fit is questionable.
WARNING: The specified model did not converge.
WARNING: Negative of Hessian not positive definite.
clean-up deleting 146 temporary data sets
clean-up deleting 216 temporary data sets
clean-up deleting 73 temporary data sets



------------------------------------------------------------------------------------------------

clean-up deleting 93 temporary data sets
clean-up deleting 146 temporary data sets
clean-up deleting 216 temporary data sets
clean-up deleting 73 temporary data sets
39                                                         The SAS System                            11:47 Wednesday, March 27, 2019




------------------------------------------------------------------------------------------------

clean-up deleting 93 temporary data sets
clean-up deleting 146 temporary data sets
clean-up deleting 216 temporary data sets
clean-up deleting 73 temporary data sets



------------------------------------------------------------------------------------------------

clean-up deleting 93 temporary data sets
clean-up deleting 146 temporary data sets
clean-up deleting 216 temporary data sets
clean-up deleting 73 temporary data sets



------------------------------------------------------------------------------------------------

clean-up deleting 93 temporary data sets
clean-up deleting 146 temporary data sets
clean-up deleting 216 temporary data sets
clean-up deleting 73 temporary data sets



------------------------------------------------------------------------------------------------

clean-up deleting 93 temporary data sets
clean-up deleting 146 temporary data sets
clean-up deleting 216 temporary data sets
clean-up deleting 73 temporary data sets



------------------------------------------------------------------------------------------------

clean-up deleting 93 temporary data sets
clean-up deleting 146 temporary data sets
clean-up deleting 216 temporary data sets
clean-up deleting 73 temporary data sets



------------------------------------------------------------------------------------------------

clean-up deleting 93 temporary data sets
clean-up deleting 146 temporary data sets
clean-up deleting 216 temporary data sets
clean-up deleting 73 temporary data sets



------------------------------------------------------------------------------------------------
40                                                         The SAS System                            11:47 Wednesday, March 27, 2019


clean-up deleting 93 temporary data sets
clean-up deleting 146 temporary data sets
clean-up deleting 216 temporary data sets
clean-up deleting 73 temporary data sets



------------------------------------------------------------------------------------------------

clean-up deleting 93 temporary data sets
clean-up deleting 146 temporary data sets
clean-up deleting 216 temporary data sets
clean-up deleting 73 temporary data sets



------------------------------------------------------------------------------------------------

clean-up deleting 93 temporary data sets
clean-up deleting 146 temporary data sets
clean-up deleting 216 temporary data sets
clean-up deleting 73 temporary data sets



------------------------------------------------------------------------------------------------

clean-up deleting 93 temporary data sets
clean-up deleting 146 temporary data sets
clean-up deleting 216 temporary data sets
clean-up deleting 73 temporary data sets



------------------------------------------------------------------------------------------------

clean-up deleting 93 temporary data sets
clean-up deleting 146 temporary data sets
clean-up deleting 216 temporary data sets
clean-up deleting 73 temporary data sets



------------------------------------------------------------------------------------------------

clean-up deleting 93 temporary data sets
clean-up deleting 146 temporary data sets
clean-up deleting 216 temporary data sets
clean-up deleting 73 temporary data sets



------------------------------------------------------------------------------------------------

clean-up deleting 93 temporary data sets
clean-up deleting 146 temporary data sets
clean-up deleting 216 temporary data sets
41                                                         The SAS System                            11:47 Wednesday, March 27, 2019

clean-up deleting 73 temporary data sets



------------------------------------------------------------------------------------------------

clean-up deleting 93 temporary data sets
clean-up deleting 146 temporary data sets
clean-up deleting 216 temporary data sets
clean-up deleting 73 temporary data sets



------------------------------------------------------------------------------------------------

clean-up deleting 93 temporary data sets
clean-up deleting 146 temporary data sets
clean-up deleting 216 temporary data sets
clean-up deleting 73 temporary data sets



------------------------------------------------------------------------------------------------

clean-up deleting 93 temporary data sets
clean-up deleting 146 temporary data sets
clean-up deleting 216 temporary data sets
clean-up deleting 73 temporary data sets



------------------------------------------------------------------------------------------------

clean-up deleting 93 temporary data sets
clean-up deleting 146 temporary data sets
clean-up deleting 216 temporary data sets
clean-up deleting 73 temporary data sets



------------------------------------------------------------------------------------------------

clean-up deleting 93 temporary data sets
clean-up deleting 146 temporary data sets
clean-up deleting 216 temporary data sets
clean-up deleting 73 temporary data sets



------------------------------------------------------------------------------------------------

clean-up deleting 93 temporary data sets
clean-up deleting 146 temporary data sets
clean-up deleting 216 temporary data sets
clean-up deleting 73 temporary data sets



42                                                         The SAS System                            11:47 Wednesday, March 27, 2019

------------------------------------------------------------------------------------------------

clean-up deleting 93 temporary data sets
clean-up deleting 146 temporary data sets
clean-up deleting 216 temporary data sets
clean-up deleting 73 temporary data sets



------------------------------------------------------------------------------------------------

clean-up deleting 93 temporary data sets
clean-up deleting 146 temporary data sets
clean-up deleting 216 temporary data sets
clean-up deleting 73 temporary data sets



------------------------------------------------------------------------------------------------

clean-up deleting 93 temporary data sets
clean-up deleting 146 temporary data sets
clean-up deleting 216 temporary data sets
clean-up deleting 73 temporary data sets



------------------------------------------------------------------------------------------------

clean-up deleting 93 temporary data sets
clean-up deleting 146 temporary data sets
clean-up deleting 216 temporary data sets
clean-up deleting 73 temporary data sets



------------------------------------------------------------------------------------------------

clean-up deleting 93 temporary data sets
clean-up deleting 146 temporary data sets
clean-up deleting 216 temporary data sets
clean-up deleting 73 temporary data sets



------------------------------------------------------------------------------------------------

clean-up deleting 93 temporary data sets
clean-up deleting 146 temporary data sets
clean-up deleting 216 temporary data sets
clean-up deleting 73 temporary data sets



------------------------------------------------------------------------------------------------

clean-up deleting 93 temporary data sets
clean-up deleting 146 temporary data sets
43                                                         The SAS System                            11:47 Wednesday, March 27, 2019

clean-up deleting 216 temporary data sets
clean-up deleting 73 temporary data sets



------------------------------------------------------------------------------------------------

clean-up deleting 93 temporary data sets
clean-up deleting 146 temporary data sets
clean-up deleting 216 temporary data sets
clean-up deleting 73 temporary data sets



------------------------------------------------------------------------------------------------

clean-up deleting 93 temporary data sets
clean-up deleting 146 temporary data sets
clean-up deleting 216 temporary data sets
clean-up deleting 73 temporary data sets
3539       %simu(samplesize=550, numberofitems=&nitems., from=&from., to=&to.);



------------------------------------------------------------------------------------------------

clean-up deleting 93 temporary data sets
clean-up deleting 146 temporary data sets
clean-up deleting 216 temporary data sets
clean-up deleting 73 temporary data sets



------------------------------------------------------------------------------------------------

clean-up deleting 93 temporary data sets
clean-up deleting 146 temporary data sets
clean-up deleting 216 temporary data sets
clean-up deleting 73 temporary data sets



------------------------------------------------------------------------------------------------

clean-up deleting 93 temporary data sets
clean-up deleting 146 temporary data sets
clean-up deleting 216 temporary data sets
clean-up deleting 73 temporary data sets



------------------------------------------------------------------------------------------------

clean-up deleting 93 temporary data sets
WARNING: The negative of the Hessian is not positive definite. The convergence is questionable.
WARNING: The procedure is continuing but the validity of the model fit is questionable.
WARNING: The specified model did not converge.
WARNING: Negative of Hessian not positive definite.
44                                                         The SAS System                            11:47 Wednesday, March 27, 2019

clean-up deleting 146 temporary data sets
clean-up deleting 216 temporary data sets
clean-up deleting 73 temporary data sets



------------------------------------------------------------------------------------------------

clean-up deleting 93 temporary data sets
clean-up deleting 146 temporary data sets
clean-up deleting 216 temporary data sets
clean-up deleting 73 temporary data sets



------------------------------------------------------------------------------------------------

clean-up deleting 93 temporary data sets
clean-up deleting 146 temporary data sets
clean-up deleting 216 temporary data sets
clean-up deleting 73 temporary data sets



------------------------------------------------------------------------------------------------

clean-up deleting 93 temporary data sets
clean-up deleting 146 temporary data sets
clean-up deleting 216 temporary data sets
clean-up deleting 73 temporary data sets



------------------------------------------------------------------------------------------------

clean-up deleting 93 temporary data sets
clean-up deleting 146 temporary data sets
clean-up deleting 216 temporary data sets
clean-up deleting 73 temporary data sets



------------------------------------------------------------------------------------------------

clean-up deleting 93 temporary data sets
clean-up deleting 146 temporary data sets
clean-up deleting 216 temporary data sets
clean-up deleting 73 temporary data sets



------------------------------------------------------------------------------------------------

clean-up deleting 93 temporary data sets
clean-up deleting 146 temporary data sets
clean-up deleting 216 temporary data sets
clean-up deleting 73 temporary data sets

45                                                         The SAS System                            11:47 Wednesday, March 27, 2019



------------------------------------------------------------------------------------------------

clean-up deleting 93 temporary data sets
clean-up deleting 146 temporary data sets
clean-up deleting 216 temporary data sets
clean-up deleting 73 temporary data sets



------------------------------------------------------------------------------------------------

clean-up deleting 93 temporary data sets
clean-up deleting 146 temporary data sets
clean-up deleting 216 temporary data sets
clean-up deleting 73 temporary data sets



------------------------------------------------------------------------------------------------

clean-up deleting 93 temporary data sets
clean-up deleting 146 temporary data sets
clean-up deleting 216 temporary data sets
clean-up deleting 73 temporary data sets



------------------------------------------------------------------------------------------------

clean-up deleting 93 temporary data sets
clean-up deleting 146 temporary data sets
clean-up deleting 216 temporary data sets
clean-up deleting 73 temporary data sets



------------------------------------------------------------------------------------------------

clean-up deleting 93 temporary data sets
clean-up deleting 146 temporary data sets
clean-up deleting 216 temporary data sets
clean-up deleting 73 temporary data sets



------------------------------------------------------------------------------------------------

clean-up deleting 93 temporary data sets
clean-up deleting 146 temporary data sets
clean-up deleting 216 temporary data sets
clean-up deleting 73 temporary data sets



------------------------------------------------------------------------------------------------

46                                                         The SAS System                            11:47 Wednesday, March 27, 2019

clean-up deleting 93 temporary data sets
clean-up deleting 146 temporary data sets
clean-up deleting 216 temporary data sets
clean-up deleting 73 temporary data sets



------------------------------------------------------------------------------------------------

clean-up deleting 93 temporary data sets
clean-up deleting 146 temporary data sets
clean-up deleting 216 temporary data sets
clean-up deleting 73 temporary data sets



------------------------------------------------------------------------------------------------

clean-up deleting 93 temporary data sets
clean-up deleting 146 temporary data sets
clean-up deleting 216 temporary data sets
clean-up deleting 73 temporary data sets



------------------------------------------------------------------------------------------------

clean-up deleting 93 temporary data sets
clean-up deleting 146 temporary data sets
clean-up deleting 216 temporary data sets
clean-up deleting 73 temporary data sets



------------------------------------------------------------------------------------------------

clean-up deleting 93 temporary data sets
clean-up deleting 146 temporary data sets
clean-up deleting 216 temporary data sets
clean-up deleting 73 temporary data sets



------------------------------------------------------------------------------------------------

clean-up deleting 93 temporary data sets
clean-up deleting 146 temporary data sets
clean-up deleting 216 temporary data sets
clean-up deleting 73 temporary data sets



------------------------------------------------------------------------------------------------

clean-up deleting 93 temporary data sets
clean-up deleting 146 temporary data sets
clean-up deleting 216 temporary data sets
clean-up deleting 73 temporary data sets
47                                                         The SAS System                            11:47 Wednesday, March 27, 2019




------------------------------------------------------------------------------------------------

clean-up deleting 93 temporary data sets
clean-up deleting 146 temporary data sets
clean-up deleting 216 temporary data sets
clean-up deleting 73 temporary data sets



------------------------------------------------------------------------------------------------

clean-up deleting 93 temporary data sets
clean-up deleting 146 temporary data sets
clean-up deleting 216 temporary data sets
clean-up deleting 73 temporary data sets



------------------------------------------------------------------------------------------------

clean-up deleting 93 temporary data sets
clean-up deleting 146 temporary data sets
clean-up deleting 216 temporary data sets
clean-up deleting 73 temporary data sets



------------------------------------------------------------------------------------------------

clean-up deleting 93 temporary data sets
clean-up deleting 146 temporary data sets
clean-up deleting 216 temporary data sets
clean-up deleting 73 temporary data sets



------------------------------------------------------------------------------------------------

clean-up deleting 93 temporary data sets
clean-up deleting 146 temporary data sets
clean-up deleting 216 temporary data sets
clean-up deleting 73 temporary data sets



------------------------------------------------------------------------------------------------

clean-up deleting 93 temporary data sets
clean-up deleting 146 temporary data sets
clean-up deleting 216 temporary data sets
clean-up deleting 73 temporary data sets



------------------------------------------------------------------------------------------------
48                                                         The SAS System                            11:47 Wednesday, March 27, 2019


clean-up deleting 93 temporary data sets
clean-up deleting 146 temporary data sets
clean-up deleting 216 temporary data sets
clean-up deleting 73 temporary data sets



------------------------------------------------------------------------------------------------

clean-up deleting 93 temporary data sets
clean-up deleting 146 temporary data sets
clean-up deleting 216 temporary data sets
clean-up deleting 73 temporary data sets



------------------------------------------------------------------------------------------------

clean-up deleting 93 temporary data sets
clean-up deleting 146 temporary data sets
clean-up deleting 216 temporary data sets
clean-up deleting 73 temporary data sets



------------------------------------------------------------------------------------------------

clean-up deleting 93 temporary data sets
clean-up deleting 146 temporary data sets
clean-up deleting 216 temporary data sets
clean-up deleting 73 temporary data sets



------------------------------------------------------------------------------------------------

clean-up deleting 93 temporary data sets
clean-up deleting 146 temporary data sets
clean-up deleting 216 temporary data sets
clean-up deleting 73 temporary data sets



------------------------------------------------------------------------------------------------

clean-up deleting 93 temporary data sets
clean-up deleting 146 temporary data sets
clean-up deleting 216 temporary data sets
clean-up deleting 73 temporary data sets



------------------------------------------------------------------------------------------------

clean-up deleting 93 temporary data sets
clean-up deleting 146 temporary data sets
clean-up deleting 216 temporary data sets
49                                                         The SAS System                            11:47 Wednesday, March 27, 2019

clean-up deleting 73 temporary data sets



------------------------------------------------------------------------------------------------

clean-up deleting 93 temporary data sets
clean-up deleting 146 temporary data sets
clean-up deleting 216 temporary data sets
clean-up deleting 73 temporary data sets



------------------------------------------------------------------------------------------------

clean-up deleting 93 temporary data sets
clean-up deleting 146 temporary data sets
clean-up deleting 216 temporary data sets
clean-up deleting 73 temporary data sets



------------------------------------------------------------------------------------------------

clean-up deleting 93 temporary data sets
clean-up deleting 146 temporary data sets
clean-up deleting 216 temporary data sets
clean-up deleting 73 temporary data sets



------------------------------------------------------------------------------------------------

clean-up deleting 93 temporary data sets
clean-up deleting 146 temporary data sets
clean-up deleting 216 temporary data sets
clean-up deleting 73 temporary data sets



------------------------------------------------------------------------------------------------

clean-up deleting 93 temporary data sets
clean-up deleting 146 temporary data sets
clean-up deleting 216 temporary data sets
clean-up deleting 73 temporary data sets



------------------------------------------------------------------------------------------------

clean-up deleting 93 temporary data sets
clean-up deleting 146 temporary data sets
clean-up deleting 216 temporary data sets
clean-up deleting 73 temporary data sets



50                                                         The SAS System                            11:47 Wednesday, March 27, 2019

------------------------------------------------------------------------------------------------

clean-up deleting 93 temporary data sets
clean-up deleting 146 temporary data sets
clean-up deleting 216 temporary data sets
clean-up deleting 73 temporary data sets



------------------------------------------------------------------------------------------------

clean-up deleting 93 temporary data sets
clean-up deleting 146 temporary data sets
clean-up deleting 216 temporary data sets
clean-up deleting 73 temporary data sets



------------------------------------------------------------------------------------------------

clean-up deleting 93 temporary data sets
clean-up deleting 146 temporary data sets
clean-up deleting 216 temporary data sets
clean-up deleting 73 temporary data sets



------------------------------------------------------------------------------------------------

clean-up deleting 93 temporary data sets
clean-up deleting 146 temporary data sets
clean-up deleting 216 temporary data sets
clean-up deleting 73 temporary data sets



------------------------------------------------------------------------------------------------

clean-up deleting 93 temporary data sets
clean-up deleting 146 temporary data sets
clean-up deleting 216 temporary data sets
clean-up deleting 73 temporary data sets



------------------------------------------------------------------------------------------------

clean-up deleting 93 temporary data sets
clean-up deleting 146 temporary data sets
clean-up deleting 216 temporary data sets
clean-up deleting 73 temporary data sets



------------------------------------------------------------------------------------------------

clean-up deleting 93 temporary data sets
clean-up deleting 146 temporary data sets
51                                                         The SAS System                            11:47 Wednesday, March 27, 2019

clean-up deleting 216 temporary data sets
clean-up deleting 73 temporary data sets



------------------------------------------------------------------------------------------------

clean-up deleting 93 temporary data sets
clean-up deleting 146 temporary data sets
clean-up deleting 216 temporary data sets
clean-up deleting 73 temporary data sets
3540       %simu(samplesize=600, numberofitems=&nitems., from=&from., to=&to.);



------------------------------------------------------------------------------------------------

clean-up deleting 93 temporary data sets
clean-up deleting 146 temporary data sets
clean-up deleting 216 temporary data sets
clean-up deleting 73 temporary data sets



------------------------------------------------------------------------------------------------

clean-up deleting 93 temporary data sets
clean-up deleting 146 temporary data sets
clean-up deleting 216 temporary data sets
clean-up deleting 73 temporary data sets



------------------------------------------------------------------------------------------------

clean-up deleting 93 temporary data sets
clean-up deleting 146 temporary data sets
clean-up deleting 216 temporary data sets
clean-up deleting 73 temporary data sets



------------------------------------------------------------------------------------------------

clean-up deleting 93 temporary data sets
clean-up deleting 146 temporary data sets
clean-up deleting 216 temporary data sets
clean-up deleting 73 temporary data sets



------------------------------------------------------------------------------------------------

clean-up deleting 93 temporary data sets
clean-up deleting 146 temporary data sets
clean-up deleting 216 temporary data sets
clean-up deleting 73 temporary data sets

52                                                         The SAS System                            11:47 Wednesday, March 27, 2019



------------------------------------------------------------------------------------------------

clean-up deleting 93 temporary data sets
clean-up deleting 146 temporary data sets
clean-up deleting 216 temporary data sets
clean-up deleting 73 temporary data sets



------------------------------------------------------------------------------------------------

clean-up deleting 93 temporary data sets
clean-up deleting 146 temporary data sets
clean-up deleting 216 temporary data sets
clean-up deleting 73 temporary data sets



------------------------------------------------------------------------------------------------

clean-up deleting 93 temporary data sets
clean-up deleting 146 temporary data sets
clean-up deleting 216 temporary data sets
clean-up deleting 73 temporary data sets



------------------------------------------------------------------------------------------------

clean-up deleting 93 temporary data sets
clean-up deleting 146 temporary data sets
clean-up deleting 216 temporary data sets
clean-up deleting 73 temporary data sets



------------------------------------------------------------------------------------------------

clean-up deleting 93 temporary data sets
clean-up deleting 146 temporary data sets
clean-up deleting 216 temporary data sets
clean-up deleting 73 temporary data sets



------------------------------------------------------------------------------------------------

clean-up deleting 93 temporary data sets
clean-up deleting 146 temporary data sets
clean-up deleting 216 temporary data sets
clean-up deleting 73 temporary data sets



------------------------------------------------------------------------------------------------

53                                                         The SAS System                            11:47 Wednesday, March 27, 2019

clean-up deleting 93 temporary data sets
clean-up deleting 146 temporary data sets
clean-up deleting 216 temporary data sets
clean-up deleting 73 temporary data sets



------------------------------------------------------------------------------------------------

clean-up deleting 93 temporary data sets
clean-up deleting 146 temporary data sets
clean-up deleting 216 temporary data sets
clean-up deleting 73 temporary data sets



------------------------------------------------------------------------------------------------

clean-up deleting 93 temporary data sets
clean-up deleting 146 temporary data sets
clean-up deleting 216 temporary data sets
clean-up deleting 73 temporary data sets



------------------------------------------------------------------------------------------------

clean-up deleting 93 temporary data sets
clean-up deleting 146 temporary data sets
clean-up deleting 216 temporary data sets
clean-up deleting 73 temporary data sets



------------------------------------------------------------------------------------------------

clean-up deleting 93 temporary data sets
clean-up deleting 146 temporary data sets
clean-up deleting 216 temporary data sets
clean-up deleting 73 temporary data sets



------------------------------------------------------------------------------------------------

clean-up deleting 93 temporary data sets
clean-up deleting 146 temporary data sets
clean-up deleting 216 temporary data sets
clean-up deleting 73 temporary data sets



------------------------------------------------------------------------------------------------

clean-up deleting 93 temporary data sets
clean-up deleting 146 temporary data sets
clean-up deleting 216 temporary data sets
clean-up deleting 73 temporary data sets
54                                                         The SAS System                            11:47 Wednesday, March 27, 2019




------------------------------------------------------------------------------------------------

clean-up deleting 93 temporary data sets
clean-up deleting 146 temporary data sets
clean-up deleting 216 temporary data sets
clean-up deleting 73 temporary data sets



------------------------------------------------------------------------------------------------

clean-up deleting 93 temporary data sets
clean-up deleting 146 temporary data sets
clean-up deleting 216 temporary data sets
clean-up deleting 73 temporary data sets



------------------------------------------------------------------------------------------------

clean-up deleting 93 temporary data sets
clean-up deleting 146 temporary data sets
clean-up deleting 216 temporary data sets
clean-up deleting 73 temporary data sets



------------------------------------------------------------------------------------------------

clean-up deleting 93 temporary data sets
clean-up deleting 146 temporary data sets
clean-up deleting 216 temporary data sets
clean-up deleting 73 temporary data sets



------------------------------------------------------------------------------------------------

clean-up deleting 93 temporary data sets
clean-up deleting 146 temporary data sets
clean-up deleting 216 temporary data sets
clean-up deleting 73 temporary data sets



------------------------------------------------------------------------------------------------

clean-up deleting 93 temporary data sets
clean-up deleting 146 temporary data sets
clean-up deleting 216 temporary data sets
clean-up deleting 73 temporary data sets



------------------------------------------------------------------------------------------------
55                                                         The SAS System                            11:47 Wednesday, March 27, 2019


clean-up deleting 93 temporary data sets
clean-up deleting 146 temporary data sets
clean-up deleting 216 temporary data sets
clean-up deleting 73 temporary data sets



------------------------------------------------------------------------------------------------

clean-up deleting 93 temporary data sets
clean-up deleting 146 temporary data sets
clean-up deleting 216 temporary data sets
clean-up deleting 73 temporary data sets



------------------------------------------------------------------------------------------------

clean-up deleting 93 temporary data sets
clean-up deleting 146 temporary data sets
clean-up deleting 216 temporary data sets
clean-up deleting 73 temporary data sets



------------------------------------------------------------------------------------------------

clean-up deleting 93 temporary data sets
clean-up deleting 146 temporary data sets
clean-up deleting 216 temporary data sets
clean-up deleting 73 temporary data sets



------------------------------------------------------------------------------------------------

clean-up deleting 93 temporary data sets
clean-up deleting 146 temporary data sets
clean-up deleting 216 temporary data sets
clean-up deleting 73 temporary data sets



------------------------------------------------------------------------------------------------

clean-up deleting 93 temporary data sets
clean-up deleting 146 temporary data sets
clean-up deleting 216 temporary data sets
clean-up deleting 73 temporary data sets



------------------------------------------------------------------------------------------------

clean-up deleting 93 temporary data sets
clean-up deleting 146 temporary data sets
clean-up deleting 216 temporary data sets
56                                                         The SAS System                            11:47 Wednesday, March 27, 2019

clean-up deleting 73 temporary data sets



------------------------------------------------------------------------------------------------

clean-up deleting 93 temporary data sets
clean-up deleting 146 temporary data sets
clean-up deleting 216 temporary data sets
clean-up deleting 73 temporary data sets



------------------------------------------------------------------------------------------------

clean-up deleting 93 temporary data sets
clean-up deleting 146 temporary data sets
clean-up deleting 216 temporary data sets
clean-up deleting 73 temporary data sets



------------------------------------------------------------------------------------------------

clean-up deleting 93 temporary data sets
clean-up deleting 146 temporary data sets
clean-up deleting 216 temporary data sets
clean-up deleting 73 temporary data sets



------------------------------------------------------------------------------------------------

clean-up deleting 93 temporary data sets
clean-up deleting 146 temporary data sets
clean-up deleting 216 temporary data sets
clean-up deleting 73 temporary data sets



------------------------------------------------------------------------------------------------

clean-up deleting 93 temporary data sets
clean-up deleting 146 temporary data sets
clean-up deleting 216 temporary data sets
clean-up deleting 73 temporary data sets



------------------------------------------------------------------------------------------------

clean-up deleting 93 temporary data sets
clean-up deleting 146 temporary data sets
clean-up deleting 216 temporary data sets
clean-up deleting 73 temporary data sets



57                                                         The SAS System                            11:47 Wednesday, March 27, 2019

------------------------------------------------------------------------------------------------

clean-up deleting 93 temporary data sets
clean-up deleting 146 temporary data sets
clean-up deleting 216 temporary data sets
clean-up deleting 73 temporary data sets



------------------------------------------------------------------------------------------------

clean-up deleting 93 temporary data sets
clean-up deleting 146 temporary data sets
clean-up deleting 216 temporary data sets
clean-up deleting 73 temporary data sets



------------------------------------------------------------------------------------------------

clean-up deleting 93 temporary data sets
clean-up deleting 146 temporary data sets
clean-up deleting 216 temporary data sets
clean-up deleting 73 temporary data sets



------------------------------------------------------------------------------------------------

clean-up deleting 93 temporary data sets
clean-up deleting 146 temporary data sets
clean-up deleting 216 temporary data sets
clean-up deleting 73 temporary data sets



------------------------------------------------------------------------------------------------

clean-up deleting 93 temporary data sets
clean-up deleting 146 temporary data sets
clean-up deleting 216 temporary data sets
clean-up deleting 73 temporary data sets



------------------------------------------------------------------------------------------------

clean-up deleting 93 temporary data sets
clean-up deleting 146 temporary data sets
clean-up deleting 216 temporary data sets
clean-up deleting 73 temporary data sets



------------------------------------------------------------------------------------------------

clean-up deleting 93 temporary data sets
clean-up deleting 146 temporary data sets
58                                                         The SAS System                            11:47 Wednesday, March 27, 2019

clean-up deleting 216 temporary data sets
clean-up deleting 73 temporary data sets



------------------------------------------------------------------------------------------------

clean-up deleting 93 temporary data sets
clean-up deleting 146 temporary data sets
clean-up deleting 216 temporary data sets
clean-up deleting 73 temporary data sets



------------------------------------------------------------------------------------------------

clean-up deleting 93 temporary data sets
clean-up deleting 146 temporary data sets
clean-up deleting 216 temporary data sets
clean-up deleting 73 temporary data sets



------------------------------------------------------------------------------------------------

clean-up deleting 93 temporary data sets
clean-up deleting 146 temporary data sets
clean-up deleting 216 temporary data sets
clean-up deleting 73 temporary data sets



------------------------------------------------------------------------------------------------

clean-up deleting 93 temporary data sets
clean-up deleting 146 temporary data sets
clean-up deleting 216 temporary data sets
clean-up deleting 73 temporary data sets



------------------------------------------------------------------------------------------------

clean-up deleting 93 temporary data sets
clean-up deleting 146 temporary data sets
clean-up deleting 216 temporary data sets
clean-up deleting 73 temporary data sets



------------------------------------------------------------------------------------------------

clean-up deleting 93 temporary data sets
clean-up deleting 146 temporary data sets
clean-up deleting 216 temporary data sets
clean-up deleting 73 temporary data sets
3541       	
3542       data FIT.out_PW_I&nitems._&from._&to.;
59                                                         The SAS System                            11:47 Wednesday, March 27, 2019

3543       	set
3544       	FIT.out_PW_I&nitems._N300_&from._&to.
3545       	FIT.out_PW_I&nitems._N350_&from._&to.
3546       	FIT.out_PW_I&nitems._N400_&from._&to.
3547       	FIT.out_PW_I&nitems._N450_&from._&to.
3548       	FIT.out_PW_I&nitems._N500_&from._&to.
3549       	FIT.out_PW_I&nitems._N550_&from._&to.
3550       	FIT.out_PW_I&nitems._N600_&from._&to.
3551       	;
3552       run;

NOTE: There were 500 observations read from the data set FIT.OUT_PW_I10_N300_1551_1600.
NOTE: There were 500 observations read from the data set FIT.OUT_PW_I10_N350_1551_1600.
NOTE: There were 500 observations read from the data set FIT.OUT_PW_I10_N400_1551_1600.
NOTE: There were 500 observations read from the data set FIT.OUT_PW_I10_N450_1551_1600.
NOTE: There were 500 observations read from the data set FIT.OUT_PW_I10_N500_1551_1600.
NOTE: There were 500 observations read from the data set FIT.OUT_PW_I10_N550_1551_1600.
NOTE: There were 500 observations read from the data set FIT.OUT_PW_I10_N600_1551_1600.
NOTE: The data set FIT.OUT_PW_I10_1551_1600 has 3500 observations and 16 variables.
NOTE: DATA statement used (Total process time):
      real time           0.37 seconds
      cpu time            0.01 seconds
      

3553       proc datasets library=FIT;
                                                             Directory

                                              Libref             FIT                  
                                              Engine             V9                   
                                              Physical Name      /home/ifsv/pzs913/FIT
                                              Filename           /home/ifsv/pzs913/FIT
                                              Inode Number       923176592            
                                              Access Permission  rwx------            
                                              Owner Name         pzs913               
                                              File Size          24KB                 
                                              File Size (bytes)  24576                


                                                         Member
                           #  Name                       Type       File Size  Last Modified

                           1  ALL                        DATA            57MB  01/14/2019 14:35:43        
                           2  AMTS                       DATA           128KB  01/18/2019 14:13:39        
                           3  AMTS_FOR                   DATA           128KB  01/18/2019 14:13:34        
                           4  AMTS_IN                    DATA           128KB  03/22/2019 15:56:21        
                           5  CML_AMTS_ETA               DATA           128KB  03/22/2019 15:56:31        
                           6  CML_AMTS_IPAR              DATA           128KB  03/22/2019 15:56:24        
                           7  CML_AMTS_LOGL              DATA           128KB  03/22/2019 15:56:31        
                           8  CML_IPAR                   DATA           128KB  01/18/2019 13:31:09        
                           9  KNOX                       DATA           128KB  01/18/2019 13:31:04        
                          10  KNOX_IN                    DATA           128KB  01/18/2019 13:31:04        
                          11  MAX35                      DATA           384KB  08/30/2018 14:02:22        
                          12  OUT_PW_I10_1001_1050       DATA           640KB  03/26/2019 20:51:26        
                          13  OUT_PW_I10_101_150         DATA           640KB  03/26/2019 20:50:49        
                          14  OUT_PW_I10_1101_1150       DATA           640KB  03/26/2019 20:51:37        
                          15  OUT_PW_I10_1201_1250       DATA           640KB  03/26/2019 20:50:00        
                          16  OUT_PW_I10_1301_1350       DATA           640KB  03/26/2019 20:49:43        
                          17  OUT_PW_I10_1401_1450       DATA           640KB  03/26/2019 20:50:18        
60                                                         The SAS System                            11:47 Wednesday, March 27, 2019

                                                         Member
                           #  Name                       Type       File Size  Last Modified

                          18  OUT_PW_I10_1501_1550       DATA           640KB  03/26/2019 20:50:03        
                          19  OUT_PW_I10_1551_1600       DATA           640KB  03/27/2019 18:40:54        
                          20  OUT_PW_I10_1601_1650       DATA           640KB  03/26/2019 20:50:18        
                          21  OUT_PW_I10_1701_1750       DATA           640KB  03/26/2019 20:50:08        
                          22  OUT_PW_I10_1751_1800       DATA           640KB  03/27/2019 18:40:01        
                          23  OUT_PW_I10_1801_1850       DATA           640KB  03/26/2019 20:50:19        
                          24  OUT_PW_I10_1901_1950       DATA           640KB  03/26/2019 20:50:07        
                          25  OUT_PW_I10_1951_2000       DATA           640KB  03/27/2019 18:38:12        
                          26  OUT_PW_I10_1_50            DATA           640KB  03/26/2019 20:47:23        
                          27  OUT_PW_I10_201_250         DATA           640KB  03/26/2019 20:50:49        
                          28  OUT_PW_I10_301_350         DATA           640KB  03/26/2019 20:51:24        
                          29  OUT_PW_I10_401_450         DATA           640KB  03/26/2019 20:51:13        
                          30  OUT_PW_I10_501_550         DATA           640KB  03/26/2019 20:51:31        
                          31  OUT_PW_I10_601_650         DATA           640KB  03/26/2019 20:51:15        
                          32  OUT_PW_I10_701_750         DATA           640KB  03/26/2019 20:51:32        
                          33  OUT_PW_I10_751_800         DATA           640KB  03/27/2019 18:31:46        
                          34  OUT_PW_I10_801_850         DATA           640KB  03/26/2019 20:51:30        
                          35  OUT_PW_I10_851_900         DATA           640KB  03/27/2019 18:31:39        
                          36  OUT_PW_I10_901_950         DATA           640KB  03/26/2019 20:51:34        
                          37  OUT_PW_I10_951_100         DATA           128KB  03/27/2019 11:48:24        
                          38  OUT_PW_I10_951_1000        DATA           640KB  03/27/2019 18:31:43        
                          39  OUT_PW_I10_N300_1051_1100  DATA           192KB  03/27/2019 12:48:49        
                          40  OUT_PW_I10_N300_1151_1200  DATA           192KB  03/27/2019 12:47:18        
                          41  OUT_PW_I10_N300_1251_1300  DATA           192KB  03/27/2019 12:47:55        
                          42  OUT_PW_I10_N300_1351_1400  DATA           192KB  03/27/2019 12:46:34        
                          43  OUT_PW_I10_N300_1451_1500  DATA           192KB  03/27/2019 12:47:28        
                          44  OUT_PW_I10_N300_151_200    DATA           192KB  03/27/2019 12:50:03        
                          45  OUT_PW_I10_N300_1551_1600  DATA           192KB  03/27/2019 12:45:46        
                          46  OUT_PW_I10_N300_1651_1700  DATA           192KB  03/27/2019 12:46:21        
                          47  OUT_PW_I10_N300_1851_1900  DATA           192KB  03/27/2019 12:43:53        
                          48  OUT_PW_I10_N300_251_300    DATA           192KB  03/27/2019 12:51:10        
                          49  OUT_PW_I10_N300_351_400    DATA           192KB  03/27/2019 12:49:49        
                          50  OUT_PW_I10_N300_451_500    DATA           192KB  03/27/2019 12:51:01        
                          51  OUT_PW_I10_N300_51_100     DATA           192KB  03/27/2019 12:51:31        
                          52  OUT_PW_I10_N300_551_600    DATA           192KB  03/27/2019 12:49:42        
                          53  OUT_PW_I10_N300_651_700    DATA           192KB  03/27/2019 12:50:46        
                          54  OUT_PW_I10_N300_951_100    DATA           128KB  03/27/2019 11:48:22        
                          55  OUT_PW_I10_N350_1051_1100  DATA           192KB  03/27/2019 13:49:17        
                          56  OUT_PW_I10_N350_1151_1200  DATA           192KB  03/27/2019 13:46:32        
                          57  OUT_PW_I10_N350_1251_1300  DATA           192KB  03/27/2019 13:48:21        
                          58  OUT_PW_I10_N350_1351_1400  DATA           192KB  03/27/2019 13:45:47        
                          59  OUT_PW_I10_N350_1451_1500  DATA           192KB  03/27/2019 13:47:56        
                          60  OUT_PW_I10_N350_151_200    DATA           192KB  03/27/2019 13:49:22        
                          61  OUT_PW_I10_N350_1551_1600  DATA           192KB  03/27/2019 13:45:04        
                          62  OUT_PW_I10_N350_1651_1700  DATA           192KB  03/27/2019 13:46:55        
                          63  OUT_PW_I10_N350_1851_1900  DATA           192KB  03/27/2019 13:44:19        
                          64  OUT_PW_I10_N350_251_300    DATA           192KB  03/27/2019 13:51:34        
                          65  OUT_PW_I10_N350_351_400    DATA           192KB  03/27/2019 13:49:07        
                          66  OUT_PW_I10_N350_451_500    DATA           192KB  03/27/2019 13:51:27        
                          67  OUT_PW_I10_N350_51_100     DATA           192KB  03/27/2019 13:52:02        
                          68  OUT_PW_I10_N350_551_600    DATA           192KB  03/27/2019 13:48:58        
                          69  OUT_PW_I10_N350_651_700    DATA           192KB  03/27/2019 13:51:13        
                          70  OUT_PW_I10_N350_951_100    DATA           128KB  03/27/2019 11:48:23        
                          71  OUT_PW_I10_N400_1051_1100  DATA           192KB  03/27/2019 14:49:47        
                          72  OUT_PW_I10_N400_1151_1200  DATA           192KB  03/27/2019 14:45:52        
61                                                         The SAS System                            11:47 Wednesday, March 27, 2019

                                                         Member
                           #  Name                       Type       File Size  Last Modified

                          73  OUT_PW_I10_N400_1251_1300  DATA           192KB  03/27/2019 14:48:46        
                          74  OUT_PW_I10_N400_1351_1400  DATA           192KB  03/27/2019 14:45:02        
                          75  OUT_PW_I10_N400_1451_1500  DATA           192KB  03/27/2019 14:48:26        
                          76  OUT_PW_I10_N400_151_200    DATA           192KB  03/27/2019 14:48:42        
                          77  OUT_PW_I10_N400_1551_1600  DATA           192KB  03/27/2019 14:44:17        
                          78  OUT_PW_I10_N400_1651_1700  DATA           192KB  03/27/2019 14:47:26        
                          79  OUT_PW_I10_N400_1851_1900  DATA           192KB  03/27/2019 14:44:50        
                          80  OUT_PW_I10_N400_251_300    DATA           192KB  03/27/2019 14:51:58        
                          81  OUT_PW_I10_N400_351_400    DATA           192KB  03/27/2019 14:48:29        
                          82  OUT_PW_I10_N400_451_500    DATA           192KB  03/27/2019 14:51:57        
                          83  OUT_PW_I10_N400_51_100     DATA           192KB  03/27/2019 14:52:40        
                          84  OUT_PW_I10_N400_551_600    DATA           192KB  03/27/2019 14:48:11        
                          85  OUT_PW_I10_N400_651_700    DATA           192KB  03/27/2019 14:51:42        
                          86  OUT_PW_I10_N400_951_100    DATA           128KB  03/27/2019 11:48:23        
                          87  OUT_PW_I10_N450_1051_1100  DATA           192KB  03/27/2019 15:50:22        
                          88  OUT_PW_I10_N450_1151_1200  DATA           192KB  03/27/2019 15:45:08        
                          89  OUT_PW_I10_N450_1251_1300  DATA           192KB  03/27/2019 15:49:16        
                          90  OUT_PW_I10_N450_1351_1400  DATA           192KB  03/27/2019 15:44:20        
                          91  OUT_PW_I10_N450_1451_1500  DATA           192KB  03/27/2019 15:49:01        
                          92  OUT_PW_I10_N450_151_200    DATA           192KB  03/27/2019 15:48:01        
                          93  OUT_PW_I10_N450_1551_1600  DATA           192KB  03/27/2019 15:43:32        
                          94  OUT_PW_I10_N450_1651_1700  DATA           192KB  03/27/2019 15:47:57        
                          95  OUT_PW_I10_N450_1851_1900  DATA           192KB  03/27/2019 15:45:14        
                          96  OUT_PW_I10_N450_251_300    DATA           192KB  03/27/2019 15:52:37        
                          97  OUT_PW_I10_N450_351_400    DATA           192KB  03/27/2019 15:47:50        
                          98  OUT_PW_I10_N450_451_500    DATA           192KB  03/27/2019 15:52:35        
                          99  OUT_PW_I10_N450_51_100     DATA           192KB  03/27/2019 15:53:23        
                         100  OUT_PW_I10_N450_551_600    DATA           192KB  03/27/2019 15:47:36        
                         101  OUT_PW_I10_N450_651_700    DATA           192KB  03/27/2019 15:52:22        
                         102  OUT_PW_I10_N450_951_100    DATA           128KB  03/27/2019 11:48:23        
                         103  OUT_PW_I10_N500_1051_1100  DATA           192KB  03/27/2019 16:51:41        
                         104  OUT_PW_I10_N500_1151_1200  DATA           192KB  03/27/2019 16:45:16        
                         105  OUT_PW_I10_N500_1251_1300  DATA           192KB  03/27/2019 16:50:33        
                         106  OUT_PW_I10_N500_1351_1400  DATA           192KB  03/27/2019 16:44:23        
                         107  OUT_PW_I10_N500_1451_1500  DATA           192KB  03/27/2019 16:50:10        
                         108  OUT_PW_I10_N500_151_200    DATA           192KB  03/27/2019 16:48:02        
                         109  OUT_PW_I10_N500_1551_1600  DATA           192KB  03/27/2019 16:43:34        
                         110  OUT_PW_I10_N500_1651_1700  DATA           192KB  03/27/2019 16:49:13        
                         111  OUT_PW_I10_N500_1851_1900  DATA           192KB  03/27/2019 16:46:34        
                         112  OUT_PW_I10_N500_251_300    DATA           192KB  03/27/2019 16:53:47        
                         113  OUT_PW_I10_N500_351_400    DATA           192KB  03/27/2019 16:47:52        
                         114  OUT_PW_I10_N500_451_500    DATA           192KB  03/27/2019 16:53:49        
                         115  OUT_PW_I10_N500_51_100     DATA           192KB  03/27/2019 16:54:33        
                         116  OUT_PW_I10_N500_551_600    DATA           192KB  03/27/2019 16:47:41        
                         117  OUT_PW_I10_N500_651_700    DATA           192KB  03/27/2019 16:53:31        
                         118  OUT_PW_I10_N500_951_100    DATA           128KB  03/27/2019 11:48:23        
                         119  OUT_PW_I10_N550_1051_1100  DATA           192KB  03/27/2019 17:53:00        
                         120  OUT_PW_I10_N550_1151_1200  DATA           192KB  03/27/2019 17:45:13        
                         121  OUT_PW_I10_N550_1251_1300  DATA           192KB  03/27/2019 17:51:46        
                         122  OUT_PW_I10_N550_1351_1400  DATA           192KB  03/27/2019 17:44:19        
                         123  OUT_PW_I10_N550_1451_1500  DATA           192KB  03/27/2019 17:51:24        
                         124  OUT_PW_I10_N550_151_200    DATA           192KB  03/27/2019 17:48:10        
                         125  OUT_PW_I10_N550_1551_1600  DATA           192KB  03/27/2019 17:43:33        
                         126  OUT_PW_I10_N550_1651_1700  DATA           192KB  03/27/2019 17:50:26        
                         127  OUT_PW_I10_N550_1851_1900  DATA           192KB  03/27/2019 17:47:44        
62                                                         The SAS System                            11:47 Wednesday, March 27, 2019

                                                         Member
                           #  Name                       Type       File Size  Last Modified

                         128  OUT_PW_I10_N550_251_300    DATA           192KB  03/27/2019 17:54:58        
                         129  OUT_PW_I10_N550_351_400    DATA           192KB  03/27/2019 17:47:50        
                         130  OUT_PW_I10_N550_451_500    DATA           192KB  03/27/2019 17:55:00        
                         131  OUT_PW_I10_N550_51_100     DATA           192KB  03/27/2019 17:55:52        
                         132  OUT_PW_I10_N550_551_600    DATA           192KB  03/27/2019 17:47:45        
                         133  OUT_PW_I10_N550_651_700    DATA           192KB  03/27/2019 17:54:43        
                         134  OUT_PW_I10_N550_951_100    DATA           128KB  03/27/2019 11:48:23        
                         135  OUT_PW_I10_N600_1551_1600  DATA           192KB  03/27/2019 18:40:54        
                         136  OUT_PW_I10_N600_951_100    DATA           128KB  03/27/2019 11:48:23        
                         137  PP_AMTS_CML_LATENT         DATA           128KB  03/22/2019 11:03:56        
                         138  PP_AMTS_CML_OUTDATA        DATA           128KB  03/22/2019 11:03:56        
                         139  PP_AMTS_OUTDATA            DATA           128KB  03/22/2019 11:11:52        
                         140  PP_AMTS_PW_LATENT          DATA           128KB  03/22/2019 15:58:01        
                         141  PP_AMTS_PW_OUTDATA         DATA           128KB  03/22/2019 15:58:05        
                         142  PP_CML_LATENT              DATA           128KB  01/18/2019 13:31:52        
                         143  PP_CML_OUTDATA             DATA           128KB  01/18/2019 13:31:52        
                         144  PW_AMTS_IPAR               DATA           128KB  03/22/2019 15:56:33        
                         145  TABLE_CHISQ                DATA           128KB  01/31/2019 10:13:46        
                         146  TABLE_CHISQ_197            DATA           128KB  01/31/2019 10:13:06        
                         147  TABLE_CHISQ_300            DATA           128KB  01/31/2019 10:13:12        
                         148  TABLE_CHISQ_400            DATA           128KB  01/31/2019 10:13:17        
                         149  TABLE_CHISQ_500            DATA           128KB  01/31/2019 10:13:23        
                         150  TABLE_CHISQ_600            DATA           128KB  01/31/2019 10:13:29        
                         151  TABLE_CHISQ_700            DATA           128KB  01/31/2019 10:13:35        
                         152  TABLE_CHISQ_800            DATA           128KB  01/31/2019 10:13:40        
                         153  TABLE_CHISQ_900            DATA           128KB  01/31/2019 10:13:46        
                         154  TABLE_FITRESID             DATA           128KB  01/31/2019 10:09:53        
                         155  TABLE_FITRESID_197         DATA           128KB  01/31/2019 10:09:13        
                         156  TABLE_FITRESID_300         DATA           128KB  01/31/2019 10:09:18        
                         157  TABLE_FITRESID_400         DATA           128KB  01/31/2019 10:09:24        
                         158  TABLE_FITRESID_500         DATA           128KB  01/31/2019 10:09:29        
                         159  TABLE_FITRESID_600         DATA           128KB  01/31/2019 10:09:35        
                         160  TABLE_FITRESID_700         DATA           128KB  01/31/2019 10:09:41        
                         161  TABLE_FITRESID_800         DATA           128KB  01/31/2019 10:09:47        
                         162  TABLE_FITRESID_900         DATA           128KB  01/31/2019 10:09:53        
                         163  TABLE_INFIT                DATA           128KB  01/31/2019 10:10:43        
                         164  TABLE_INFIT_197            DATA           128KB  01/31/2019 10:10:00        
                         165  TABLE_INFIT_300            DATA           128KB  01/31/2019 10:10:06        
                         166  TABLE_INFIT_400            DATA           128KB  01/31/2019 10:10:13        
                         167  TABLE_INFIT_500            DATA           128KB  01/31/2019 10:10:18        
                         168  TABLE_INFIT_600            DATA           128KB  01/31/2019 10:10:25        
                         169  TABLE_INFIT_700            DATA           128KB  01/31/2019 10:10:30        
                         170  TABLE_INFIT_800            DATA           128KB  01/31/2019 10:10:37        
                         171  TABLE_INFIT_900            DATA           128KB  01/31/2019 10:10:43        
                         172  TABLE_INFIT_T_197          DATA           128KB  01/31/2019 10:10:48        
                         173  TABLE_INFIT_T_300          DATA           128KB  01/31/2019 10:10:54        
                         174  TABLE_INFIT_T_400          DATA           128KB  01/31/2019 10:11:00        
                         175  TABLE_INFIT_T_500          DATA           128KB  01/31/2019 10:11:06        
                         176  TABLE_INFIT_T_600          DATA           128KB  01/31/2019 10:11:12        
3554       	delete
3555       	out_PW_I&nitems._N300_&from._&to.
3556       	out_PW_I&nitems._N350_&from._&to.
3557       	out_PW_I&nitems._N400_&from._&to.
3558       	out_PW_I&nitems._N450_&from._&to.
3559       	out_PW_I&nitems._N500_&from._&to.
63                                                         The SAS System                            11:47 Wednesday, March 27, 2019

3560       	out_PW_I&nitems._N550_&from._&to.
3561       	out_PW_I&nitems._N600_&from._&to.
3562       	;
3563       quit;

NOTE: Deleting FIT.OUT_PW_I10_N300_1551_1600 (memtype=DATA).
NOTE: Deleting FIT.OUT_PW_I10_N350_1551_1600 (memtype=DATA).
NOTE: Deleting FIT.OUT_PW_I10_N400_1551_1600 (memtype=DATA).
NOTE: Deleting FIT.OUT_PW_I10_N450_1551_1600 (memtype=DATA).
NOTE: Deleting FIT.OUT_PW_I10_N500_1551_1600 (memtype=DATA).
NOTE: Deleting FIT.OUT_PW_I10_N550_1551_1600 (memtype=DATA).
NOTE: Deleting FIT.OUT_PW_I10_N600_1551_1600 (memtype=DATA).
NOTE: PROCEDURE DATASETS used (Total process time):
      real time           0.31 seconds
      cpu time            0.02 seconds
      

NOTE: SAS Institute Inc., SAS Campus Drive, Cary, NC USA 27513-2414
NOTE: The SAS System used:
      real time           6:53:21.66
      cpu time            41:13.37
      
