1                                                          The SAS System                              10:23 Friday, August 16, 2019

NOTE: Copyright (c) 2002-2012 by SAS Institute Inc., Cary, NC, USA. 
NOTE: SAS (r) Proprietary Software 9.4 (TS1M3) 
      Licensed to CAMPUS - KBH. UNI. - LINUX, Site 50803698.
NOTE: This session is executing on the Linux 3.10.0-957.12.2.el7.x86_64 (LIN X64) platform.



NOTE: Updated analytical products:
      
      SAS/STAT 14.1
      SAS/ETS 14.1
      SAS/OR 14.1
      SAS/IML 14.1
      SAS/QC 14.1

NOTE: Additional host information:

 Linux LIN X64 3.10.0-957.12.2.el7.x86_64 #1 SMP Fri Apr 19 21:09:07 UTC 2019 x86_64 Red Hat Enterprise Linux Server release 7.7 
      (Maipo) 

You are running SAS 9. Some SAS 8 files will be automatically converted 
by the V9 engine; others are incompatible.  Please see 
http://support.sas.com/rnd/migration/planning/platform/64bit.html

PROC MIGRATE will preserve current SAS file attributes and is 
recommended for converting all your SAS libraries from any 
SAS 8 release to SAS 9.  For details and examples, please see
http://support.sas.com/rnd/migration/index.html


This message is contained in the SAS news file, and is presented upon
initialization.  Edit the file "news" in the "misc/base" directory to
display site-specific news and information in the program log.
The command line option "-nonews" will prevent this display.




NOTE: SAS initialization used:
      real time           0.27 seconds
      cpu time            0.04 seconds
      
1          %include '/home/ifsv/pzs913/FIT/simu.sas';
NOTE: Libref FIT was successfully assigned as follows: 
      Engine:        V9 
      Physical Name: /home/ifsv/pzs913/FIT
3530       
3531       %let nitems=12;
3532       %let from=51;
3533       %let to=100;
3534       %simu(samplesize=300, numberofitems=&nitems., from=&from., to=&to.);



------------------------------------------------------------------------------------------------

clean-up deleting 23 temporary data sets
clean-up deleting 99 temporary data sets
2                                                          The SAS System                              10:23 Friday, August 16, 2019

clean-up deleting 289 temporary data sets
clean-up deleting 83 temporary data sets



------------------------------------------------------------------------------------------------

clean-up deleting 105 temporary data sets
clean-up deleting 179 temporary data sets
clean-up deleting 289 temporary data sets
clean-up deleting 83 temporary data sets



------------------------------------------------------------------------------------------------

clean-up deleting 105 temporary data sets
clean-up deleting 179 temporary data sets
clean-up deleting 289 temporary data sets
clean-up deleting 83 temporary data sets



------------------------------------------------------------------------------------------------

clean-up deleting 105 temporary data sets
clean-up deleting 179 temporary data sets
clean-up deleting 289 temporary data sets
clean-up deleting 83 temporary data sets



------------------------------------------------------------------------------------------------

clean-up deleting 105 temporary data sets
WARNING: The negative of the Hessian is not positive definite. The convergence is questionable.
WARNING: The procedure is continuing but the validity of the model fit is questionable.
WARNING: The specified model did not converge.
WARNING: Negative of Hessian not positive definite.
clean-up deleting 179 temporary data sets
clean-up deleting 289 temporary data sets
clean-up deleting 83 temporary data sets



------------------------------------------------------------------------------------------------

clean-up deleting 105 temporary data sets
clean-up deleting 179 temporary data sets
clean-up deleting 289 temporary data sets
clean-up deleting 83 temporary data sets



------------------------------------------------------------------------------------------------

clean-up deleting 105 temporary data sets
clean-up deleting 179 temporary data sets
3                                                          The SAS System                              10:23 Friday, August 16, 2019

clean-up deleting 289 temporary data sets
clean-up deleting 83 temporary data sets



------------------------------------------------------------------------------------------------

clean-up deleting 105 temporary data sets
WARNING: The negative of the Hessian is not positive definite. The convergence is questionable.
WARNING: The procedure is continuing but the validity of the model fit is questionable.
WARNING: The specified model did not converge.
WARNING: Negative of Hessian not positive definite.
clean-up deleting 179 temporary data sets
clean-up deleting 289 temporary data sets
clean-up deleting 83 temporary data sets



------------------------------------------------------------------------------------------------

clean-up deleting 105 temporary data sets
clean-up deleting 179 temporary data sets
clean-up deleting 289 temporary data sets
clean-up deleting 83 temporary data sets



------------------------------------------------------------------------------------------------

clean-up deleting 105 temporary data sets
WARNING: The negative of the Hessian is not positive definite. The convergence is questionable.
WARNING: The procedure is continuing but the validity of the model fit is questionable.
WARNING: The specified model did not converge.
WARNING: Negative of Hessian not positive definite.
clean-up deleting 179 temporary data sets
clean-up deleting 289 temporary data sets
clean-up deleting 83 temporary data sets



------------------------------------------------------------------------------------------------

clean-up deleting 105 temporary data sets
WARNING: The negative of the Hessian is not positive definite. The convergence is questionable.
WARNING: The procedure is continuing but the validity of the model fit is questionable.
WARNING: The specified model did not converge.
WARNING: Negative of Hessian not positive definite.
clean-up deleting 179 temporary data sets
clean-up deleting 289 temporary data sets
clean-up deleting 83 temporary data sets



------------------------------------------------------------------------------------------------

clean-up deleting 105 temporary data sets
WARNING: The negative of the Hessian is not positive definite. The convergence is questionable.
WARNING: The procedure is continuing but the validity of the model fit is questionable.
4                                                          The SAS System                              10:23 Friday, August 16, 2019

WARNING: The specified model did not converge.
WARNING: Negative of Hessian not positive definite.
clean-up deleting 179 temporary data sets
clean-up deleting 289 temporary data sets
clean-up deleting 83 temporary data sets



------------------------------------------------------------------------------------------------

clean-up deleting 105 temporary data sets
clean-up deleting 179 temporary data sets
clean-up deleting 289 temporary data sets
clean-up deleting 83 temporary data sets



------------------------------------------------------------------------------------------------

clean-up deleting 105 temporary data sets
clean-up deleting 179 temporary data sets
clean-up deleting 289 temporary data sets
clean-up deleting 83 temporary data sets



------------------------------------------------------------------------------------------------

clean-up deleting 105 temporary data sets
WARNING: The negative of the Hessian is not positive definite. The convergence is questionable.
WARNING: The procedure is continuing but the validity of the model fit is questionable.
WARNING: The specified model did not converge.
WARNING: Negative of Hessian not positive definite.
clean-up deleting 179 temporary data sets
clean-up deleting 289 temporary data sets
clean-up deleting 83 temporary data sets



------------------------------------------------------------------------------------------------

clean-up deleting 105 temporary data sets
WARNING: The negative of the Hessian is not positive definite. The convergence is questionable.
WARNING: The procedure is continuing but the validity of the model fit is questionable.
WARNING: The specified model did not converge.
WARNING: Negative of Hessian not positive definite.
clean-up deleting 179 temporary data sets
clean-up deleting 289 temporary data sets
clean-up deleting 83 temporary data sets



------------------------------------------------------------------------------------------------

clean-up deleting 105 temporary data sets
WARNING: The negative of the Hessian is not positive definite. The convergence is questionable.
WARNING: The procedure is continuing but the validity of the model fit is questionable.
WARNING: The specified model did not converge.
5                                                          The SAS System                              10:23 Friday, August 16, 2019

WARNING: Negative of Hessian not positive definite.
clean-up deleting 179 temporary data sets
clean-up deleting 289 temporary data sets
clean-up deleting 83 temporary data sets



------------------------------------------------------------------------------------------------

clean-up deleting 105 temporary data sets
clean-up deleting 179 temporary data sets
clean-up deleting 289 temporary data sets
clean-up deleting 83 temporary data sets



------------------------------------------------------------------------------------------------

clean-up deleting 105 temporary data sets
clean-up deleting 179 temporary data sets
clean-up deleting 289 temporary data sets
clean-up deleting 83 temporary data sets



------------------------------------------------------------------------------------------------

clean-up deleting 105 temporary data sets
clean-up deleting 179 temporary data sets
clean-up deleting 289 temporary data sets
clean-up deleting 83 temporary data sets



------------------------------------------------------------------------------------------------

clean-up deleting 105 temporary data sets
clean-up deleting 179 temporary data sets
clean-up deleting 289 temporary data sets
clean-up deleting 83 temporary data sets



------------------------------------------------------------------------------------------------

clean-up deleting 105 temporary data sets
clean-up deleting 179 temporary data sets
clean-up deleting 289 temporary data sets
clean-up deleting 83 temporary data sets



------------------------------------------------------------------------------------------------

clean-up deleting 105 temporary data sets
clean-up deleting 179 temporary data sets
clean-up deleting 289 temporary data sets
clean-up deleting 83 temporary data sets
6                                                          The SAS System                              10:23 Friday, August 16, 2019




------------------------------------------------------------------------------------------------

clean-up deleting 105 temporary data sets
clean-up deleting 179 temporary data sets
clean-up deleting 289 temporary data sets
clean-up deleting 83 temporary data sets



------------------------------------------------------------------------------------------------

clean-up deleting 105 temporary data sets
WARNING: The negative of the Hessian is not positive definite. The convergence is questionable.
WARNING: The procedure is continuing but the validity of the model fit is questionable.
WARNING: The specified model did not converge.
WARNING: Negative of Hessian not positive definite.
clean-up deleting 179 temporary data sets
clean-up deleting 289 temporary data sets
clean-up deleting 83 temporary data sets



------------------------------------------------------------------------------------------------

clean-up deleting 105 temporary data sets
clean-up deleting 179 temporary data sets
clean-up deleting 289 temporary data sets
clean-up deleting 83 temporary data sets



------------------------------------------------------------------------------------------------

clean-up deleting 105 temporary data sets
WARNING: The negative of the Hessian is not positive definite. The convergence is questionable.
WARNING: The procedure is continuing but the validity of the model fit is questionable.
WARNING: The specified model did not converge.
WARNING: Negative of Hessian not positive definite.
clean-up deleting 179 temporary data sets
clean-up deleting 289 temporary data sets
clean-up deleting 83 temporary data sets



------------------------------------------------------------------------------------------------

clean-up deleting 105 temporary data sets
clean-up deleting 179 temporary data sets
clean-up deleting 289 temporary data sets
clean-up deleting 83 temporary data sets



------------------------------------------------------------------------------------------------

7                                                          The SAS System                              10:23 Friday, August 16, 2019

clean-up deleting 105 temporary data sets
clean-up deleting 179 temporary data sets
clean-up deleting 289 temporary data sets
clean-up deleting 83 temporary data sets



------------------------------------------------------------------------------------------------

clean-up deleting 105 temporary data sets
clean-up deleting 179 temporary data sets
clean-up deleting 289 temporary data sets
clean-up deleting 83 temporary data sets



------------------------------------------------------------------------------------------------

clean-up deleting 105 temporary data sets
WARNING: The negative of the Hessian is not positive definite. The convergence is questionable.
WARNING: The procedure is continuing but the validity of the model fit is questionable.
WARNING: The specified model did not converge.
WARNING: Negative of Hessian not positive definite.
clean-up deleting 179 temporary data sets
clean-up deleting 289 temporary data sets
clean-up deleting 83 temporary data sets



------------------------------------------------------------------------------------------------

clean-up deleting 105 temporary data sets
WARNING: The negative of the Hessian is not positive definite. The convergence is questionable.
WARNING: The procedure is continuing but the validity of the model fit is questionable.
WARNING: The specified model did not converge.
WARNING: Negative of Hessian not positive definite.
clean-up deleting 179 temporary data sets
clean-up deleting 289 temporary data sets
clean-up deleting 83 temporary data sets



------------------------------------------------------------------------------------------------

clean-up deleting 105 temporary data sets
clean-up deleting 179 temporary data sets
clean-up deleting 289 temporary data sets
clean-up deleting 83 temporary data sets



------------------------------------------------------------------------------------------------

clean-up deleting 105 temporary data sets
clean-up deleting 179 temporary data sets
clean-up deleting 289 temporary data sets
clean-up deleting 83 temporary data sets

8                                                          The SAS System                              10:23 Friday, August 16, 2019



------------------------------------------------------------------------------------------------

clean-up deleting 105 temporary data sets
WARNING: The negative of the Hessian is not positive definite. The convergence is questionable.
WARNING: The procedure is continuing but the validity of the model fit is questionable.
WARNING: The specified model did not converge.
WARNING: Negative of Hessian not positive definite.
clean-up deleting 179 temporary data sets
clean-up deleting 289 temporary data sets
clean-up deleting 83 temporary data sets



------------------------------------------------------------------------------------------------

clean-up deleting 105 temporary data sets
clean-up deleting 179 temporary data sets
clean-up deleting 289 temporary data sets
clean-up deleting 83 temporary data sets



------------------------------------------------------------------------------------------------

clean-up deleting 105 temporary data sets
clean-up deleting 179 temporary data sets
clean-up deleting 289 temporary data sets
clean-up deleting 83 temporary data sets



------------------------------------------------------------------------------------------------

clean-up deleting 105 temporary data sets
WARNING: The negative of the Hessian is not positive definite. The convergence is questionable.
WARNING: The procedure is continuing but the validity of the model fit is questionable.
WARNING: The specified model did not converge.
WARNING: Negative of Hessian not positive definite.
clean-up deleting 179 temporary data sets
clean-up deleting 289 temporary data sets
clean-up deleting 83 temporary data sets



------------------------------------------------------------------------------------------------

clean-up deleting 105 temporary data sets
WARNING: The negative of the Hessian is not positive definite. The convergence is questionable.
WARNING: The procedure is continuing but the validity of the model fit is questionable.
WARNING: The specified model did not converge.
WARNING: Negative of Hessian not positive definite.
clean-up deleting 179 temporary data sets
clean-up deleting 289 temporary data sets
clean-up deleting 83 temporary data sets


9                                                          The SAS System                              10:23 Friday, August 16, 2019


------------------------------------------------------------------------------------------------

clean-up deleting 105 temporary data sets
WARNING: The negative of the Hessian is not positive definite. The convergence is questionable.
WARNING: The procedure is continuing but the validity of the model fit is questionable.
WARNING: The specified model did not converge.
WARNING: Negative of Hessian not positive definite.
clean-up deleting 179 temporary data sets
clean-up deleting 289 temporary data sets
clean-up deleting 83 temporary data sets



------------------------------------------------------------------------------------------------

clean-up deleting 105 temporary data sets
clean-up deleting 179 temporary data sets
clean-up deleting 289 temporary data sets
clean-up deleting 83 temporary data sets



------------------------------------------------------------------------------------------------

clean-up deleting 105 temporary data sets
clean-up deleting 179 temporary data sets
clean-up deleting 289 temporary data sets
clean-up deleting 83 temporary data sets



------------------------------------------------------------------------------------------------

clean-up deleting 105 temporary data sets
clean-up deleting 179 temporary data sets
clean-up deleting 289 temporary data sets
clean-up deleting 83 temporary data sets



------------------------------------------------------------------------------------------------

clean-up deleting 105 temporary data sets
clean-up deleting 179 temporary data sets
clean-up deleting 289 temporary data sets
clean-up deleting 83 temporary data sets



------------------------------------------------------------------------------------------------

clean-up deleting 105 temporary data sets
WARNING: The negative of the Hessian is not positive definite. The convergence is questionable.
WARNING: The procedure is continuing but the validity of the model fit is questionable.
WARNING: The specified model did not converge.
WARNING: Negative of Hessian not positive definite.
clean-up deleting 179 temporary data sets
10                                                         The SAS System                              10:23 Friday, August 16, 2019

clean-up deleting 289 temporary data sets
clean-up deleting 83 temporary data sets



------------------------------------------------------------------------------------------------

clean-up deleting 105 temporary data sets
WARNING: The negative of the Hessian is not positive definite. The convergence is questionable.
WARNING: The procedure is continuing but the validity of the model fit is questionable.
WARNING: The specified model did not converge.
WARNING: Negative of Hessian not positive definite.
clean-up deleting 179 temporary data sets
clean-up deleting 289 temporary data sets
clean-up deleting 83 temporary data sets



------------------------------------------------------------------------------------------------

clean-up deleting 105 temporary data sets
clean-up deleting 179 temporary data sets
clean-up deleting 289 temporary data sets
clean-up deleting 83 temporary data sets



------------------------------------------------------------------------------------------------

clean-up deleting 105 temporary data sets
clean-up deleting 179 temporary data sets
clean-up deleting 289 temporary data sets
clean-up deleting 83 temporary data sets



------------------------------------------------------------------------------------------------

clean-up deleting 105 temporary data sets
WARNING: The negative of the Hessian is not positive definite. The convergence is questionable.
WARNING: The procedure is continuing but the validity of the model fit is questionable.
WARNING: The specified model did not converge.
WARNING: Negative of Hessian not positive definite.
clean-up deleting 179 temporary data sets
clean-up deleting 289 temporary data sets
clean-up deleting 83 temporary data sets



------------------------------------------------------------------------------------------------

clean-up deleting 105 temporary data sets
WARNING: The negative of the Hessian is not positive definite. The convergence is questionable.
WARNING: The procedure is continuing but the validity of the model fit is questionable.
WARNING: The specified model did not converge.
WARNING: Negative of Hessian not positive definite.
clean-up deleting 179 temporary data sets
clean-up deleting 289 temporary data sets
11                                                         The SAS System                              10:23 Friday, August 16, 2019

clean-up deleting 83 temporary data sets
3535       %simu(samplesize=350, numberofitems=&nitems., from=&from., to=&to.);



------------------------------------------------------------------------------------------------

clean-up deleting 105 temporary data sets
clean-up deleting 179 temporary data sets
clean-up deleting 289 temporary data sets
clean-up deleting 83 temporary data sets



------------------------------------------------------------------------------------------------

clean-up deleting 105 temporary data sets
clean-up deleting 179 temporary data sets
clean-up deleting 289 temporary data sets
clean-up deleting 83 temporary data sets



------------------------------------------------------------------------------------------------

clean-up deleting 105 temporary data sets
WARNING: The negative of the Hessian is not positive definite. The convergence is questionable.
WARNING: The procedure is continuing but the validity of the model fit is questionable.
WARNING: The specified model did not converge.
WARNING: Negative of Hessian not positive definite.
clean-up deleting 179 temporary data sets
clean-up deleting 289 temporary data sets
clean-up deleting 83 temporary data sets



------------------------------------------------------------------------------------------------

clean-up deleting 105 temporary data sets
clean-up deleting 179 temporary data sets
clean-up deleting 289 temporary data sets
clean-up deleting 83 temporary data sets



------------------------------------------------------------------------------------------------

clean-up deleting 105 temporary data sets
WARNING: The negative of the Hessian is not positive definite. The convergence is questionable.
WARNING: The procedure is continuing but the validity of the model fit is questionable.
WARNING: The specified model did not converge.
WARNING: Negative of Hessian not positive definite.
clean-up deleting 179 temporary data sets
clean-up deleting 289 temporary data sets
clean-up deleting 83 temporary data sets



12                                                         The SAS System                              10:23 Friday, August 16, 2019

------------------------------------------------------------------------------------------------

clean-up deleting 105 temporary data sets
WARNING: The negative of the Hessian is not positive definite. The convergence is questionable.
WARNING: The procedure is continuing but the validity of the model fit is questionable.
WARNING: The specified model did not converge.
WARNING: Negative of Hessian not positive definite.
clean-up deleting 179 temporary data sets
clean-up deleting 289 temporary data sets
clean-up deleting 83 temporary data sets



------------------------------------------------------------------------------------------------

clean-up deleting 105 temporary data sets
WARNING: The negative of the Hessian is not positive definite. The convergence is questionable.
WARNING: The procedure is continuing but the validity of the model fit is questionable.
WARNING: The specified model did not converge.
WARNING: Negative of Hessian not positive definite.
clean-up deleting 179 temporary data sets
clean-up deleting 289 temporary data sets
clean-up deleting 83 temporary data sets



------------------------------------------------------------------------------------------------

clean-up deleting 105 temporary data sets
clean-up deleting 179 temporary data sets
clean-up deleting 289 temporary data sets
clean-up deleting 83 temporary data sets



------------------------------------------------------------------------------------------------

clean-up deleting 105 temporary data sets
WARNING: The negative of the Hessian is not positive definite. The convergence is questionable.
WARNING: The procedure is continuing but the validity of the model fit is questionable.
WARNING: The specified model did not converge.
WARNING: Negative of Hessian not positive definite.
clean-up deleting 179 temporary data sets
clean-up deleting 289 temporary data sets
clean-up deleting 83 temporary data sets



------------------------------------------------------------------------------------------------

clean-up deleting 105 temporary data sets
clean-up deleting 179 temporary data sets
clean-up deleting 289 temporary data sets
clean-up deleting 83 temporary data sets



------------------------------------------------------------------------------------------------
13                                                         The SAS System                              10:23 Friday, August 16, 2019


clean-up deleting 105 temporary data sets
clean-up deleting 179 temporary data sets
clean-up deleting 289 temporary data sets
clean-up deleting 83 temporary data sets



------------------------------------------------------------------------------------------------

clean-up deleting 105 temporary data sets
WARNING: The negative of the Hessian is not positive definite. The convergence is questionable.
WARNING: The procedure is continuing but the validity of the model fit is questionable.
WARNING: The specified model did not converge.
WARNING: Negative of Hessian not positive definite.
clean-up deleting 179 temporary data sets
clean-up deleting 289 temporary data sets
clean-up deleting 83 temporary data sets



------------------------------------------------------------------------------------------------

clean-up deleting 105 temporary data sets
clean-up deleting 179 temporary data sets
clean-up deleting 289 temporary data sets
clean-up deleting 83 temporary data sets



------------------------------------------------------------------------------------------------

clean-up deleting 105 temporary data sets
clean-up deleting 179 temporary data sets
clean-up deleting 289 temporary data sets
clean-up deleting 83 temporary data sets



------------------------------------------------------------------------------------------------

clean-up deleting 105 temporary data sets
clean-up deleting 179 temporary data sets
clean-up deleting 289 temporary data sets
clean-up deleting 83 temporary data sets



------------------------------------------------------------------------------------------------

clean-up deleting 105 temporary data sets
WARNING: The negative of the Hessian is not positive definite. The convergence is questionable.
WARNING: The procedure is continuing but the validity of the model fit is questionable.
WARNING: The specified model did not converge.
WARNING: Negative of Hessian not positive definite.
clean-up deleting 179 temporary data sets
clean-up deleting 289 temporary data sets
clean-up deleting 83 temporary data sets
14                                                         The SAS System                              10:23 Friday, August 16, 2019




------------------------------------------------------------------------------------------------

clean-up deleting 105 temporary data sets
clean-up deleting 179 temporary data sets
clean-up deleting 289 temporary data sets
clean-up deleting 83 temporary data sets



------------------------------------------------------------------------------------------------

clean-up deleting 105 temporary data sets
clean-up deleting 179 temporary data sets
clean-up deleting 289 temporary data sets
clean-up deleting 83 temporary data sets



------------------------------------------------------------------------------------------------

clean-up deleting 105 temporary data sets
clean-up deleting 179 temporary data sets
clean-up deleting 289 temporary data sets
clean-up deleting 83 temporary data sets



------------------------------------------------------------------------------------------------

clean-up deleting 105 temporary data sets
clean-up deleting 179 temporary data sets
clean-up deleting 289 temporary data sets
clean-up deleting 83 temporary data sets



------------------------------------------------------------------------------------------------

clean-up deleting 105 temporary data sets
WARNING: The negative of the Hessian is not positive definite. The convergence is questionable.
WARNING: The procedure is continuing but the validity of the model fit is questionable.
WARNING: The specified model did not converge.
WARNING: Negative of Hessian not positive definite.
clean-up deleting 179 temporary data sets
clean-up deleting 289 temporary data sets
clean-up deleting 83 temporary data sets



------------------------------------------------------------------------------------------------

clean-up deleting 105 temporary data sets
clean-up deleting 179 temporary data sets
clean-up deleting 289 temporary data sets
clean-up deleting 83 temporary data sets
15                                                         The SAS System                              10:23 Friday, August 16, 2019




------------------------------------------------------------------------------------------------

clean-up deleting 105 temporary data sets
WARNING: The negative of the Hessian is not positive definite. The convergence is questionable.
WARNING: The procedure is continuing but the validity of the model fit is questionable.
WARNING: The specified model did not converge.
WARNING: Negative of Hessian not positive definite.
clean-up deleting 179 temporary data sets
clean-up deleting 289 temporary data sets
clean-up deleting 83 temporary data sets



------------------------------------------------------------------------------------------------

clean-up deleting 105 temporary data sets
clean-up deleting 179 temporary data sets
clean-up deleting 289 temporary data sets
clean-up deleting 83 temporary data sets



------------------------------------------------------------------------------------------------

clean-up deleting 105 temporary data sets
WARNING: The negative of the Hessian is not positive definite. The convergence is questionable.
WARNING: The procedure is continuing but the validity of the model fit is questionable.
WARNING: The specified model did not converge.
WARNING: Negative of Hessian not positive definite.
clean-up deleting 179 temporary data sets
clean-up deleting 289 temporary data sets
clean-up deleting 83 temporary data sets



------------------------------------------------------------------------------------------------

clean-up deleting 105 temporary data sets
WARNING: The negative of the Hessian is not positive definite. The convergence is questionable.
WARNING: The procedure is continuing but the validity of the model fit is questionable.
WARNING: The specified model did not converge.
WARNING: Negative of Hessian not positive definite.
clean-up deleting 179 temporary data sets
clean-up deleting 289 temporary data sets
clean-up deleting 83 temporary data sets



------------------------------------------------------------------------------------------------

clean-up deleting 105 temporary data sets
clean-up deleting 179 temporary data sets
clean-up deleting 289 temporary data sets
clean-up deleting 83 temporary data sets

16                                                         The SAS System                              10:23 Friday, August 16, 2019



------------------------------------------------------------------------------------------------

clean-up deleting 105 temporary data sets
clean-up deleting 179 temporary data sets
clean-up deleting 289 temporary data sets
clean-up deleting 83 temporary data sets



------------------------------------------------------------------------------------------------

clean-up deleting 105 temporary data sets
clean-up deleting 179 temporary data sets
clean-up deleting 289 temporary data sets
clean-up deleting 83 temporary data sets



------------------------------------------------------------------------------------------------

clean-up deleting 105 temporary data sets
clean-up deleting 179 temporary data sets
clean-up deleting 289 temporary data sets
clean-up deleting 83 temporary data sets



------------------------------------------------------------------------------------------------

clean-up deleting 105 temporary data sets
WARNING: The negative of the Hessian is not positive definite. The convergence is questionable.
WARNING: The procedure is continuing but the validity of the model fit is questionable.
WARNING: The specified model did not converge.
WARNING: Negative of Hessian not positive definite.
clean-up deleting 179 temporary data sets
clean-up deleting 289 temporary data sets
clean-up deleting 83 temporary data sets



------------------------------------------------------------------------------------------------

clean-up deleting 105 temporary data sets
clean-up deleting 179 temporary data sets
clean-up deleting 289 temporary data sets
clean-up deleting 83 temporary data sets



------------------------------------------------------------------------------------------------

clean-up deleting 105 temporary data sets
clean-up deleting 179 temporary data sets
clean-up deleting 289 temporary data sets
clean-up deleting 83 temporary data sets

17                                                         The SAS System                              10:23 Friday, August 16, 2019



------------------------------------------------------------------------------------------------

clean-up deleting 105 temporary data sets
clean-up deleting 179 temporary data sets
clean-up deleting 289 temporary data sets
clean-up deleting 83 temporary data sets



------------------------------------------------------------------------------------------------

clean-up deleting 105 temporary data sets
WARNING: The negative of the Hessian is not positive definite. The convergence is questionable.
WARNING: The procedure is continuing but the validity of the model fit is questionable.
WARNING: The specified model did not converge.
WARNING: Negative of Hessian not positive definite.
clean-up deleting 179 temporary data sets
clean-up deleting 289 temporary data sets
clean-up deleting 83 temporary data sets



------------------------------------------------------------------------------------------------

clean-up deleting 105 temporary data sets
clean-up deleting 179 temporary data sets
clean-up deleting 289 temporary data sets
clean-up deleting 83 temporary data sets



------------------------------------------------------------------------------------------------

clean-up deleting 105 temporary data sets
clean-up deleting 179 temporary data sets
clean-up deleting 289 temporary data sets
clean-up deleting 83 temporary data sets



------------------------------------------------------------------------------------------------

clean-up deleting 105 temporary data sets
clean-up deleting 179 temporary data sets
clean-up deleting 289 temporary data sets
clean-up deleting 83 temporary data sets



------------------------------------------------------------------------------------------------

clean-up deleting 105 temporary data sets
WARNING: The negative of the Hessian is not positive definite. The convergence is questionable.
WARNING: The procedure is continuing but the validity of the model fit is questionable.
WARNING: The specified model did not converge.
WARNING: Negative of Hessian not positive definite.
18                                                         The SAS System                              10:23 Friday, August 16, 2019

clean-up deleting 179 temporary data sets
clean-up deleting 289 temporary data sets
clean-up deleting 83 temporary data sets



------------------------------------------------------------------------------------------------

clean-up deleting 105 temporary data sets
clean-up deleting 179 temporary data sets
clean-up deleting 289 temporary data sets
clean-up deleting 83 temporary data sets



------------------------------------------------------------------------------------------------

clean-up deleting 105 temporary data sets
WARNING: The negative of the Hessian is not positive definite. The convergence is questionable.
WARNING: The procedure is continuing but the validity of the model fit is questionable.
WARNING: The specified model did not converge.
WARNING: Negative of Hessian not positive definite.
clean-up deleting 179 temporary data sets
clean-up deleting 289 temporary data sets
clean-up deleting 83 temporary data sets



------------------------------------------------------------------------------------------------

clean-up deleting 105 temporary data sets
WARNING: The negative of the Hessian is not positive definite. The convergence is questionable.
WARNING: The procedure is continuing but the validity of the model fit is questionable.
WARNING: The specified model did not converge.
WARNING: Negative of Hessian not positive definite.
clean-up deleting 179 temporary data sets
clean-up deleting 289 temporary data sets
clean-up deleting 83 temporary data sets



------------------------------------------------------------------------------------------------

clean-up deleting 105 temporary data sets
WARNING: The negative of the Hessian is not positive definite. The convergence is questionable.
WARNING: The procedure is continuing but the validity of the model fit is questionable.
WARNING: The specified model did not converge.
WARNING: Negative of Hessian not positive definite.
clean-up deleting 179 temporary data sets
clean-up deleting 289 temporary data sets
clean-up deleting 83 temporary data sets



------------------------------------------------------------------------------------------------

clean-up deleting 105 temporary data sets
WARNING: The negative of the Hessian is not positive definite. The convergence is questionable.
19                                                         The SAS System                              10:23 Friday, August 16, 2019

WARNING: The procedure is continuing but the validity of the model fit is questionable.
WARNING: The specified model did not converge.
WARNING: Negative of Hessian not positive definite.
clean-up deleting 179 temporary data sets
clean-up deleting 289 temporary data sets
clean-up deleting 83 temporary data sets



------------------------------------------------------------------------------------------------

clean-up deleting 105 temporary data sets
clean-up deleting 179 temporary data sets
clean-up deleting 289 temporary data sets
clean-up deleting 83 temporary data sets



------------------------------------------------------------------------------------------------

clean-up deleting 105 temporary data sets
WARNING: The negative of the Hessian is not positive definite. The convergence is questionable.
WARNING: The procedure is continuing but the validity of the model fit is questionable.
WARNING: The specified model did not converge.
WARNING: Negative of Hessian not positive definite.
clean-up deleting 179 temporary data sets
clean-up deleting 289 temporary data sets
clean-up deleting 83 temporary data sets



------------------------------------------------------------------------------------------------

clean-up deleting 105 temporary data sets
WARNING: The negative of the Hessian is not positive definite. The convergence is questionable.
WARNING: The procedure is continuing but the validity of the model fit is questionable.
WARNING: The specified model did not converge.
WARNING: Negative of Hessian not positive definite.
clean-up deleting 179 temporary data sets
clean-up deleting 289 temporary data sets
clean-up deleting 83 temporary data sets



------------------------------------------------------------------------------------------------

clean-up deleting 105 temporary data sets
WARNING: The negative of the Hessian is not positive definite. The convergence is questionable.
WARNING: The procedure is continuing but the validity of the model fit is questionable.
WARNING: The specified model did not converge.
WARNING: Negative of Hessian not positive definite.
clean-up deleting 179 temporary data sets
clean-up deleting 289 temporary data sets
clean-up deleting 83 temporary data sets



------------------------------------------------------------------------------------------------
20                                                         The SAS System                              10:23 Friday, August 16, 2019


clean-up deleting 105 temporary data sets
clean-up deleting 179 temporary data sets
clean-up deleting 289 temporary data sets
clean-up deleting 83 temporary data sets



------------------------------------------------------------------------------------------------

clean-up deleting 105 temporary data sets
WARNING: The negative of the Hessian is not positive definite. The convergence is questionable.
WARNING: The procedure is continuing but the validity of the model fit is questionable.
WARNING: The specified model did not converge.
WARNING: Negative of Hessian not positive definite.
clean-up deleting 179 temporary data sets
clean-up deleting 289 temporary data sets
clean-up deleting 83 temporary data sets
3536       %simu(samplesize=400, numberofitems=&nitems., from=&from., to=&to.);



------------------------------------------------------------------------------------------------

clean-up deleting 105 temporary data sets
clean-up deleting 179 temporary data sets
clean-up deleting 289 temporary data sets
clean-up deleting 83 temporary data sets



------------------------------------------------------------------------------------------------

clean-up deleting 105 temporary data sets
clean-up deleting 179 temporary data sets
clean-up deleting 289 temporary data sets
clean-up deleting 83 temporary data sets



------------------------------------------------------------------------------------------------

clean-up deleting 105 temporary data sets
clean-up deleting 179 temporary data sets
clean-up deleting 289 temporary data sets
clean-up deleting 83 temporary data sets



------------------------------------------------------------------------------------------------

clean-up deleting 105 temporary data sets
clean-up deleting 179 temporary data sets
clean-up deleting 289 temporary data sets
clean-up deleting 83 temporary data sets



21                                                         The SAS System                              10:23 Friday, August 16, 2019

------------------------------------------------------------------------------------------------

clean-up deleting 105 temporary data sets
clean-up deleting 179 temporary data sets
clean-up deleting 289 temporary data sets
clean-up deleting 83 temporary data sets



------------------------------------------------------------------------------------------------

clean-up deleting 105 temporary data sets
clean-up deleting 179 temporary data sets
clean-up deleting 289 temporary data sets
clean-up deleting 83 temporary data sets



------------------------------------------------------------------------------------------------

clean-up deleting 105 temporary data sets
WARNING: The negative of the Hessian is not positive definite. The convergence is questionable.
WARNING: The procedure is continuing but the validity of the model fit is questionable.
WARNING: The specified model did not converge.
WARNING: Negative of Hessian not positive definite.
clean-up deleting 179 temporary data sets
clean-up deleting 289 temporary data sets
clean-up deleting 83 temporary data sets



------------------------------------------------------------------------------------------------

clean-up deleting 105 temporary data sets
clean-up deleting 179 temporary data sets
clean-up deleting 289 temporary data sets
clean-up deleting 83 temporary data sets



------------------------------------------------------------------------------------------------

clean-up deleting 105 temporary data sets
clean-up deleting 179 temporary data sets
clean-up deleting 289 temporary data sets
clean-up deleting 83 temporary data sets



------------------------------------------------------------------------------------------------

clean-up deleting 105 temporary data sets
clean-up deleting 179 temporary data sets
clean-up deleting 289 temporary data sets
clean-up deleting 83 temporary data sets



22                                                         The SAS System                              10:23 Friday, August 16, 2019

------------------------------------------------------------------------------------------------

clean-up deleting 105 temporary data sets
clean-up deleting 179 temporary data sets
clean-up deleting 289 temporary data sets
clean-up deleting 83 temporary data sets



------------------------------------------------------------------------------------------------

clean-up deleting 105 temporary data sets
clean-up deleting 179 temporary data sets
clean-up deleting 289 temporary data sets
clean-up deleting 83 temporary data sets



------------------------------------------------------------------------------------------------

clean-up deleting 105 temporary data sets
clean-up deleting 179 temporary data sets
clean-up deleting 289 temporary data sets
clean-up deleting 83 temporary data sets



------------------------------------------------------------------------------------------------

clean-up deleting 105 temporary data sets
clean-up deleting 179 temporary data sets
clean-up deleting 289 temporary data sets
clean-up deleting 83 temporary data sets



------------------------------------------------------------------------------------------------

clean-up deleting 105 temporary data sets
clean-up deleting 179 temporary data sets
clean-up deleting 289 temporary data sets
clean-up deleting 83 temporary data sets



------------------------------------------------------------------------------------------------

clean-up deleting 105 temporary data sets
clean-up deleting 179 temporary data sets
clean-up deleting 289 temporary data sets
clean-up deleting 83 temporary data sets



------------------------------------------------------------------------------------------------

clean-up deleting 105 temporary data sets
WARNING: The negative of the Hessian is not positive definite. The convergence is questionable.
23                                                         The SAS System                              10:23 Friday, August 16, 2019

WARNING: The procedure is continuing but the validity of the model fit is questionable.
WARNING: The specified model did not converge.
WARNING: Negative of Hessian not positive definite.
clean-up deleting 179 temporary data sets
clean-up deleting 289 temporary data sets
clean-up deleting 83 temporary data sets



------------------------------------------------------------------------------------------------

clean-up deleting 105 temporary data sets
WARNING: The negative of the Hessian is not positive definite. The convergence is questionable.
WARNING: The procedure is continuing but the validity of the model fit is questionable.
WARNING: The specified model did not converge.
WARNING: Negative of Hessian not positive definite.
clean-up deleting 179 temporary data sets
clean-up deleting 289 temporary data sets
clean-up deleting 83 temporary data sets



------------------------------------------------------------------------------------------------

clean-up deleting 105 temporary data sets
clean-up deleting 179 temporary data sets
clean-up deleting 289 temporary data sets
clean-up deleting 83 temporary data sets



------------------------------------------------------------------------------------------------

clean-up deleting 105 temporary data sets
WARNING: The negative of the Hessian is not positive definite. The convergence is questionable.
WARNING: The procedure is continuing but the validity of the model fit is questionable.
WARNING: The specified model did not converge.
WARNING: Negative of Hessian not positive definite.
clean-up deleting 179 temporary data sets
clean-up deleting 289 temporary data sets
clean-up deleting 83 temporary data sets



------------------------------------------------------------------------------------------------

clean-up deleting 105 temporary data sets
WARNING: The negative of the Hessian is not positive definite. The convergence is questionable.
WARNING: The procedure is continuing but the validity of the model fit is questionable.
WARNING: The specified model did not converge.
WARNING: Negative of Hessian not positive definite.
clean-up deleting 179 temporary data sets
clean-up deleting 289 temporary data sets
clean-up deleting 83 temporary data sets



------------------------------------------------------------------------------------------------
24                                                         The SAS System                              10:23 Friday, August 16, 2019


clean-up deleting 105 temporary data sets
clean-up deleting 179 temporary data sets
clean-up deleting 289 temporary data sets
clean-up deleting 83 temporary data sets



------------------------------------------------------------------------------------------------

clean-up deleting 105 temporary data sets
WARNING: The negative of the Hessian is not positive definite. The convergence is questionable.
WARNING: The procedure is continuing but the validity of the model fit is questionable.
WARNING: The specified model did not converge.
WARNING: Negative of Hessian not positive definite.
clean-up deleting 179 temporary data sets
clean-up deleting 289 temporary data sets
clean-up deleting 83 temporary data sets



------------------------------------------------------------------------------------------------

clean-up deleting 105 temporary data sets
WARNING: The negative of the Hessian is not positive definite. The convergence is questionable.
WARNING: The procedure is continuing but the validity of the model fit is questionable.
WARNING: The specified model did not converge.
WARNING: Negative of Hessian not positive definite.
clean-up deleting 179 temporary data sets
clean-up deleting 289 temporary data sets
clean-up deleting 83 temporary data sets



------------------------------------------------------------------------------------------------

clean-up deleting 105 temporary data sets
WARNING: The negative of the Hessian is not positive definite. The convergence is questionable.
WARNING: The procedure is continuing but the validity of the model fit is questionable.
WARNING: The specified model did not converge.
WARNING: Negative of Hessian not positive definite.
clean-up deleting 179 temporary data sets
clean-up deleting 289 temporary data sets
clean-up deleting 83 temporary data sets



------------------------------------------------------------------------------------------------

clean-up deleting 105 temporary data sets
clean-up deleting 179 temporary data sets
clean-up deleting 289 temporary data sets
clean-up deleting 83 temporary data sets



------------------------------------------------------------------------------------------------

25                                                         The SAS System                              10:23 Friday, August 16, 2019

clean-up deleting 105 temporary data sets
WARNING: The negative of the Hessian is not positive definite. The convergence is questionable.
WARNING: The procedure is continuing but the validity of the model fit is questionable.
WARNING: The specified model did not converge.
WARNING: Negative of Hessian not positive definite.
clean-up deleting 179 temporary data sets
clean-up deleting 289 temporary data sets
clean-up deleting 83 temporary data sets



------------------------------------------------------------------------------------------------

clean-up deleting 105 temporary data sets
clean-up deleting 179 temporary data sets
clean-up deleting 289 temporary data sets
clean-up deleting 83 temporary data sets



------------------------------------------------------------------------------------------------

clean-up deleting 105 temporary data sets
clean-up deleting 179 temporary data sets
clean-up deleting 289 temporary data sets
clean-up deleting 83 temporary data sets



------------------------------------------------------------------------------------------------

clean-up deleting 105 temporary data sets
WARNING: The negative of the Hessian is not positive definite. The convergence is questionable.
WARNING: The procedure is continuing but the validity of the model fit is questionable.
WARNING: The specified model did not converge.
WARNING: Negative of Hessian not positive definite.
clean-up deleting 179 temporary data sets
clean-up deleting 289 temporary data sets
clean-up deleting 83 temporary data sets



------------------------------------------------------------------------------------------------

clean-up deleting 105 temporary data sets
clean-up deleting 179 temporary data sets
clean-up deleting 289 temporary data sets
clean-up deleting 83 temporary data sets



------------------------------------------------------------------------------------------------

clean-up deleting 105 temporary data sets
clean-up deleting 179 temporary data sets
clean-up deleting 289 temporary data sets
clean-up deleting 83 temporary data sets

26                                                         The SAS System                              10:23 Friday, August 16, 2019



------------------------------------------------------------------------------------------------

clean-up deleting 105 temporary data sets
clean-up deleting 179 temporary data sets
clean-up deleting 289 temporary data sets
clean-up deleting 83 temporary data sets



------------------------------------------------------------------------------------------------

clean-up deleting 105 temporary data sets
WARNING: The negative of the Hessian is not positive definite. The convergence is questionable.
WARNING: The procedure is continuing but the validity of the model fit is questionable.
WARNING: The specified model did not converge.
WARNING: Negative of Hessian not positive definite.
clean-up deleting 179 temporary data sets
clean-up deleting 289 temporary data sets
clean-up deleting 83 temporary data sets



------------------------------------------------------------------------------------------------

clean-up deleting 105 temporary data sets
WARNING: The negative of the Hessian is not positive definite. The convergence is questionable.
WARNING: The procedure is continuing but the validity of the model fit is questionable.
WARNING: The specified model did not converge.
WARNING: Negative of Hessian not positive definite.
clean-up deleting 179 temporary data sets
clean-up deleting 289 temporary data sets
clean-up deleting 83 temporary data sets



------------------------------------------------------------------------------------------------

clean-up deleting 105 temporary data sets
clean-up deleting 179 temporary data sets
clean-up deleting 289 temporary data sets
clean-up deleting 83 temporary data sets



------------------------------------------------------------------------------------------------

clean-up deleting 105 temporary data sets
clean-up deleting 179 temporary data sets
clean-up deleting 289 temporary data sets
clean-up deleting 83 temporary data sets



------------------------------------------------------------------------------------------------

clean-up deleting 105 temporary data sets
27                                                         The SAS System                              10:23 Friday, August 16, 2019

WARNING: The negative of the Hessian is not positive definite. The convergence is questionable.
WARNING: The procedure is continuing but the validity of the model fit is questionable.
WARNING: The specified model did not converge.
WARNING: Negative of Hessian not positive definite.
clean-up deleting 179 temporary data sets
clean-up deleting 289 temporary data sets
clean-up deleting 83 temporary data sets



------------------------------------------------------------------------------------------------

clean-up deleting 105 temporary data sets
clean-up deleting 179 temporary data sets
clean-up deleting 289 temporary data sets
clean-up deleting 83 temporary data sets



------------------------------------------------------------------------------------------------

clean-up deleting 105 temporary data sets
WARNING: The negative of the Hessian is not positive definite. The convergence is questionable.
WARNING: The procedure is continuing but the validity of the model fit is questionable.
WARNING: The specified model did not converge.
WARNING: Negative of Hessian not positive definite.
clean-up deleting 179 temporary data sets
clean-up deleting 289 temporary data sets
clean-up deleting 83 temporary data sets



------------------------------------------------------------------------------------------------

clean-up deleting 105 temporary data sets
clean-up deleting 179 temporary data sets
clean-up deleting 289 temporary data sets
clean-up deleting 83 temporary data sets



------------------------------------------------------------------------------------------------

clean-up deleting 105 temporary data sets
clean-up deleting 179 temporary data sets
clean-up deleting 289 temporary data sets
clean-up deleting 83 temporary data sets



------------------------------------------------------------------------------------------------

clean-up deleting 105 temporary data sets
clean-up deleting 179 temporary data sets
clean-up deleting 289 temporary data sets
clean-up deleting 83 temporary data sets


28                                                         The SAS System                              10:23 Friday, August 16, 2019


------------------------------------------------------------------------------------------------

clean-up deleting 105 temporary data sets
WARNING: The negative of the Hessian is not positive definite. The convergence is questionable.
WARNING: The procedure is continuing but the validity of the model fit is questionable.
WARNING: The specified model did not converge.
WARNING: Negative of Hessian not positive definite.
clean-up deleting 179 temporary data sets
clean-up deleting 289 temporary data sets
clean-up deleting 83 temporary data sets



------------------------------------------------------------------------------------------------

clean-up deleting 105 temporary data sets
clean-up deleting 179 temporary data sets
clean-up deleting 289 temporary data sets
clean-up deleting 83 temporary data sets



------------------------------------------------------------------------------------------------

clean-up deleting 105 temporary data sets
clean-up deleting 179 temporary data sets
clean-up deleting 289 temporary data sets
clean-up deleting 83 temporary data sets



------------------------------------------------------------------------------------------------

clean-up deleting 105 temporary data sets
clean-up deleting 179 temporary data sets
clean-up deleting 289 temporary data sets
clean-up deleting 83 temporary data sets



------------------------------------------------------------------------------------------------

clean-up deleting 105 temporary data sets
clean-up deleting 179 temporary data sets
clean-up deleting 289 temporary data sets
clean-up deleting 83 temporary data sets



------------------------------------------------------------------------------------------------

clean-up deleting 105 temporary data sets
clean-up deleting 179 temporary data sets
clean-up deleting 289 temporary data sets
clean-up deleting 83 temporary data sets


29                                                         The SAS System                              10:23 Friday, August 16, 2019


------------------------------------------------------------------------------------------------

clean-up deleting 105 temporary data sets
clean-up deleting 179 temporary data sets
clean-up deleting 289 temporary data sets
clean-up deleting 83 temporary data sets
3537       %simu(samplesize=450, numberofitems=&nitems., from=&from., to=&to.);



------------------------------------------------------------------------------------------------

clean-up deleting 105 temporary data sets
clean-up deleting 179 temporary data sets
clean-up deleting 289 temporary data sets
clean-up deleting 83 temporary data sets



------------------------------------------------------------------------------------------------

clean-up deleting 105 temporary data sets
clean-up deleting 179 temporary data sets
clean-up deleting 289 temporary data sets
clean-up deleting 83 temporary data sets



------------------------------------------------------------------------------------------------

clean-up deleting 105 temporary data sets
clean-up deleting 179 temporary data sets
clean-up deleting 289 temporary data sets
clean-up deleting 83 temporary data sets



------------------------------------------------------------------------------------------------

clean-up deleting 105 temporary data sets
clean-up deleting 179 temporary data sets
clean-up deleting 289 temporary data sets
clean-up deleting 83 temporary data sets



------------------------------------------------------------------------------------------------

clean-up deleting 105 temporary data sets
clean-up deleting 179 temporary data sets
clean-up deleting 289 temporary data sets
clean-up deleting 83 temporary data sets



------------------------------------------------------------------------------------------------

30                                                         The SAS System                              10:23 Friday, August 16, 2019

clean-up deleting 105 temporary data sets
clean-up deleting 179 temporary data sets
clean-up deleting 289 temporary data sets
clean-up deleting 83 temporary data sets



------------------------------------------------------------------------------------------------

clean-up deleting 105 temporary data sets
clean-up deleting 179 temporary data sets
clean-up deleting 289 temporary data sets
clean-up deleting 83 temporary data sets



------------------------------------------------------------------------------------------------

clean-up deleting 105 temporary data sets
clean-up deleting 179 temporary data sets
clean-up deleting 289 temporary data sets
clean-up deleting 83 temporary data sets



------------------------------------------------------------------------------------------------

clean-up deleting 105 temporary data sets
clean-up deleting 179 temporary data sets
clean-up deleting 289 temporary data sets
clean-up deleting 83 temporary data sets



------------------------------------------------------------------------------------------------

clean-up deleting 105 temporary data sets
clean-up deleting 179 temporary data sets
clean-up deleting 289 temporary data sets
clean-up deleting 83 temporary data sets



------------------------------------------------------------------------------------------------

clean-up deleting 105 temporary data sets
clean-up deleting 179 temporary data sets
clean-up deleting 289 temporary data sets
clean-up deleting 83 temporary data sets



------------------------------------------------------------------------------------------------

clean-up deleting 105 temporary data sets
clean-up deleting 179 temporary data sets
clean-up deleting 289 temporary data sets
clean-up deleting 83 temporary data sets
31                                                         The SAS System                              10:23 Friday, August 16, 2019




------------------------------------------------------------------------------------------------

clean-up deleting 105 temporary data sets
clean-up deleting 179 temporary data sets
clean-up deleting 289 temporary data sets
clean-up deleting 83 temporary data sets



------------------------------------------------------------------------------------------------

clean-up deleting 105 temporary data sets
WARNING: The negative of the Hessian is not positive definite. The convergence is questionable.
WARNING: The procedure is continuing but the validity of the model fit is questionable.
WARNING: The specified model did not converge.
WARNING: Negative of Hessian not positive definite.
clean-up deleting 179 temporary data sets
clean-up deleting 289 temporary data sets
clean-up deleting 83 temporary data sets



------------------------------------------------------------------------------------------------

clean-up deleting 105 temporary data sets
clean-up deleting 179 temporary data sets
clean-up deleting 289 temporary data sets
clean-up deleting 83 temporary data sets



------------------------------------------------------------------------------------------------

clean-up deleting 105 temporary data sets
clean-up deleting 179 temporary data sets
clean-up deleting 289 temporary data sets
clean-up deleting 83 temporary data sets



------------------------------------------------------------------------------------------------

clean-up deleting 105 temporary data sets
WARNING: The negative of the Hessian is not positive definite. The convergence is questionable.
WARNING: The procedure is continuing but the validity of the model fit is questionable.
WARNING: The specified model did not converge.
WARNING: Negative of Hessian not positive definite.
clean-up deleting 179 temporary data sets
clean-up deleting 289 temporary data sets
clean-up deleting 83 temporary data sets



------------------------------------------------------------------------------------------------

32                                                         The SAS System                              10:23 Friday, August 16, 2019

clean-up deleting 105 temporary data sets
clean-up deleting 179 temporary data sets
clean-up deleting 289 temporary data sets
clean-up deleting 83 temporary data sets



------------------------------------------------------------------------------------------------

clean-up deleting 105 temporary data sets
clean-up deleting 179 temporary data sets
clean-up deleting 289 temporary data sets
clean-up deleting 83 temporary data sets



------------------------------------------------------------------------------------------------

clean-up deleting 105 temporary data sets
WARNING: The negative of the Hessian is not positive definite. The convergence is questionable.
WARNING: The procedure is continuing but the validity of the model fit is questionable.
WARNING: The specified model did not converge.
WARNING: Negative of Hessian not positive definite.
clean-up deleting 179 temporary data sets
clean-up deleting 289 temporary data sets
clean-up deleting 83 temporary data sets



------------------------------------------------------------------------------------------------

clean-up deleting 105 temporary data sets
clean-up deleting 179 temporary data sets
clean-up deleting 289 temporary data sets
clean-up deleting 83 temporary data sets



------------------------------------------------------------------------------------------------

clean-up deleting 105 temporary data sets
clean-up deleting 179 temporary data sets
clean-up deleting 289 temporary data sets
clean-up deleting 83 temporary data sets



------------------------------------------------------------------------------------------------

clean-up deleting 105 temporary data sets
clean-up deleting 179 temporary data sets
clean-up deleting 289 temporary data sets
clean-up deleting 83 temporary data sets



------------------------------------------------------------------------------------------------

33                                                         The SAS System                              10:23 Friday, August 16, 2019

clean-up deleting 105 temporary data sets
clean-up deleting 179 temporary data sets
clean-up deleting 289 temporary data sets
clean-up deleting 83 temporary data sets



------------------------------------------------------------------------------------------------

clean-up deleting 105 temporary data sets
clean-up deleting 179 temporary data sets
clean-up deleting 289 temporary data sets
clean-up deleting 83 temporary data sets



------------------------------------------------------------------------------------------------

clean-up deleting 105 temporary data sets
clean-up deleting 179 temporary data sets
clean-up deleting 289 temporary data sets
clean-up deleting 83 temporary data sets



------------------------------------------------------------------------------------------------

clean-up deleting 105 temporary data sets
WARNING: The negative of the Hessian is not positive definite. The convergence is questionable.
WARNING: The procedure is continuing but the validity of the model fit is questionable.
WARNING: The specified model did not converge.
WARNING: Negative of Hessian not positive definite.
clean-up deleting 179 temporary data sets
clean-up deleting 289 temporary data sets
clean-up deleting 83 temporary data sets



------------------------------------------------------------------------------------------------

clean-up deleting 105 temporary data sets
clean-up deleting 179 temporary data sets
clean-up deleting 289 temporary data sets
clean-up deleting 83 temporary data sets



------------------------------------------------------------------------------------------------

clean-up deleting 105 temporary data sets
WARNING: The negative of the Hessian is not positive definite. The convergence is questionable.
WARNING: The procedure is continuing but the validity of the model fit is questionable.
WARNING: The specified model did not converge.
WARNING: Negative of Hessian not positive definite.
clean-up deleting 179 temporary data sets
clean-up deleting 289 temporary data sets
clean-up deleting 83 temporary data sets

34                                                         The SAS System                              10:23 Friday, August 16, 2019



------------------------------------------------------------------------------------------------

clean-up deleting 105 temporary data sets
clean-up deleting 179 temporary data sets
clean-up deleting 289 temporary data sets
clean-up deleting 83 temporary data sets



------------------------------------------------------------------------------------------------

clean-up deleting 105 temporary data sets
clean-up deleting 179 temporary data sets
clean-up deleting 289 temporary data sets
clean-up deleting 83 temporary data sets



------------------------------------------------------------------------------------------------

clean-up deleting 105 temporary data sets
clean-up deleting 179 temporary data sets
clean-up deleting 289 temporary data sets
clean-up deleting 83 temporary data sets



------------------------------------------------------------------------------------------------

clean-up deleting 105 temporary data sets
clean-up deleting 179 temporary data sets
clean-up deleting 289 temporary data sets
clean-up deleting 83 temporary data sets



------------------------------------------------------------------------------------------------

clean-up deleting 105 temporary data sets
clean-up deleting 179 temporary data sets
clean-up deleting 289 temporary data sets
clean-up deleting 83 temporary data sets



------------------------------------------------------------------------------------------------

clean-up deleting 105 temporary data sets
clean-up deleting 179 temporary data sets
clean-up deleting 289 temporary data sets
clean-up deleting 83 temporary data sets



------------------------------------------------------------------------------------------------

35                                                         The SAS System                              10:23 Friday, August 16, 2019

clean-up deleting 105 temporary data sets
clean-up deleting 179 temporary data sets
clean-up deleting 289 temporary data sets
clean-up deleting 83 temporary data sets



------------------------------------------------------------------------------------------------

clean-up deleting 105 temporary data sets
clean-up deleting 179 temporary data sets
clean-up deleting 289 temporary data sets
clean-up deleting 83 temporary data sets



------------------------------------------------------------------------------------------------

clean-up deleting 105 temporary data sets
clean-up deleting 179 temporary data sets
clean-up deleting 289 temporary data sets
clean-up deleting 83 temporary data sets



------------------------------------------------------------------------------------------------

clean-up deleting 105 temporary data sets
WARNING: The negative of the Hessian is not positive definite. The convergence is questionable.
WARNING: The procedure is continuing but the validity of the model fit is questionable.
WARNING: The specified model did not converge.
WARNING: Negative of Hessian not positive definite.
clean-up deleting 179 temporary data sets
clean-up deleting 289 temporary data sets
clean-up deleting 83 temporary data sets



------------------------------------------------------------------------------------------------

clean-up deleting 105 temporary data sets
clean-up deleting 179 temporary data sets
clean-up deleting 289 temporary data sets
clean-up deleting 83 temporary data sets



------------------------------------------------------------------------------------------------

clean-up deleting 105 temporary data sets
clean-up deleting 179 temporary data sets
clean-up deleting 289 temporary data sets
clean-up deleting 83 temporary data sets



------------------------------------------------------------------------------------------------

36                                                         The SAS System                              10:23 Friday, August 16, 2019

clean-up deleting 105 temporary data sets
clean-up deleting 179 temporary data sets
clean-up deleting 289 temporary data sets
clean-up deleting 83 temporary data sets



------------------------------------------------------------------------------------------------

clean-up deleting 105 temporary data sets
WARNING: The negative of the Hessian is not positive definite. The convergence is questionable.
WARNING: The procedure is continuing but the validity of the model fit is questionable.
WARNING: The specified model did not converge.
WARNING: Negative of Hessian not positive definite.
clean-up deleting 179 temporary data sets
clean-up deleting 289 temporary data sets
clean-up deleting 83 temporary data sets



------------------------------------------------------------------------------------------------

clean-up deleting 105 temporary data sets
clean-up deleting 179 temporary data sets
clean-up deleting 289 temporary data sets
clean-up deleting 83 temporary data sets



------------------------------------------------------------------------------------------------

clean-up deleting 105 temporary data sets
clean-up deleting 179 temporary data sets
clean-up deleting 289 temporary data sets
clean-up deleting 83 temporary data sets



------------------------------------------------------------------------------------------------

clean-up deleting 105 temporary data sets
clean-up deleting 179 temporary data sets
clean-up deleting 289 temporary data sets
clean-up deleting 83 temporary data sets



------------------------------------------------------------------------------------------------

clean-up deleting 105 temporary data sets
clean-up deleting 179 temporary data sets
clean-up deleting 289 temporary data sets
clean-up deleting 83 temporary data sets



------------------------------------------------------------------------------------------------

37                                                         The SAS System                              10:23 Friday, August 16, 2019

clean-up deleting 105 temporary data sets
clean-up deleting 179 temporary data sets
clean-up deleting 289 temporary data sets
clean-up deleting 83 temporary data sets



------------------------------------------------------------------------------------------------

clean-up deleting 105 temporary data sets
clean-up deleting 179 temporary data sets
clean-up deleting 289 temporary data sets
clean-up deleting 83 temporary data sets



------------------------------------------------------------------------------------------------

clean-up deleting 105 temporary data sets
clean-up deleting 179 temporary data sets
clean-up deleting 289 temporary data sets
clean-up deleting 83 temporary data sets
3538       %simu(samplesize=500, numberofitems=&nitems., from=&from., to=&to.);



------------------------------------------------------------------------------------------------

clean-up deleting 105 temporary data sets
clean-up deleting 179 temporary data sets
clean-up deleting 289 temporary data sets
clean-up deleting 83 temporary data sets



------------------------------------------------------------------------------------------------

clean-up deleting 105 temporary data sets
WARNING: The negative of the Hessian is not positive definite. The convergence is questionable.
WARNING: The procedure is continuing but the validity of the model fit is questionable.
WARNING: The specified model did not converge.
WARNING: Negative of Hessian not positive definite.
clean-up deleting 179 temporary data sets
clean-up deleting 289 temporary data sets
clean-up deleting 83 temporary data sets



------------------------------------------------------------------------------------------------

clean-up deleting 105 temporary data sets
clean-up deleting 179 temporary data sets
clean-up deleting 289 temporary data sets
clean-up deleting 83 temporary data sets



------------------------------------------------------------------------------------------------
38                                                         The SAS System                              10:23 Friday, August 16, 2019


clean-up deleting 105 temporary data sets
clean-up deleting 179 temporary data sets
clean-up deleting 289 temporary data sets
clean-up deleting 83 temporary data sets



------------------------------------------------------------------------------------------------

clean-up deleting 105 temporary data sets
WARNING: The negative of the Hessian is not positive definite. The convergence is questionable.
WARNING: The procedure is continuing but the validity of the model fit is questionable.
WARNING: The specified model did not converge.
WARNING: Negative of Hessian not positive definite.
clean-up deleting 179 temporary data sets
clean-up deleting 289 temporary data sets
clean-up deleting 83 temporary data sets



------------------------------------------------------------------------------------------------

clean-up deleting 105 temporary data sets
clean-up deleting 179 temporary data sets
clean-up deleting 289 temporary data sets
clean-up deleting 83 temporary data sets



------------------------------------------------------------------------------------------------

clean-up deleting 105 temporary data sets
clean-up deleting 179 temporary data sets
clean-up deleting 289 temporary data sets
clean-up deleting 83 temporary data sets



------------------------------------------------------------------------------------------------

clean-up deleting 105 temporary data sets
clean-up deleting 179 temporary data sets
clean-up deleting 289 temporary data sets
clean-up deleting 83 temporary data sets



------------------------------------------------------------------------------------------------

clean-up deleting 105 temporary data sets
clean-up deleting 179 temporary data sets
clean-up deleting 289 temporary data sets
clean-up deleting 83 temporary data sets



------------------------------------------------------------------------------------------------
39                                                         The SAS System                              10:23 Friday, August 16, 2019


clean-up deleting 105 temporary data sets
WARNING: The negative of the Hessian is not positive definite. The convergence is questionable.
WARNING: The procedure is continuing but the validity of the model fit is questionable.
WARNING: The specified model did not converge.
WARNING: Negative of Hessian not positive definite.
clean-up deleting 179 temporary data sets
clean-up deleting 289 temporary data sets
clean-up deleting 83 temporary data sets



------------------------------------------------------------------------------------------------

clean-up deleting 105 temporary data sets
clean-up deleting 179 temporary data sets
clean-up deleting 289 temporary data sets
clean-up deleting 83 temporary data sets



------------------------------------------------------------------------------------------------

clean-up deleting 105 temporary data sets
clean-up deleting 179 temporary data sets
clean-up deleting 289 temporary data sets
clean-up deleting 83 temporary data sets



------------------------------------------------------------------------------------------------

clean-up deleting 105 temporary data sets
clean-up deleting 179 temporary data sets
clean-up deleting 289 temporary data sets
clean-up deleting 83 temporary data sets



------------------------------------------------------------------------------------------------

clean-up deleting 105 temporary data sets
WARNING: The negative of the Hessian is not positive definite. The convergence is questionable.
WARNING: The procedure is continuing but the validity of the model fit is questionable.
WARNING: The specified model did not converge.
WARNING: Negative of Hessian not positive definite.
clean-up deleting 179 temporary data sets
clean-up deleting 289 temporary data sets
clean-up deleting 83 temporary data sets



------------------------------------------------------------------------------------------------

clean-up deleting 105 temporary data sets
clean-up deleting 179 temporary data sets
clean-up deleting 289 temporary data sets
clean-up deleting 83 temporary data sets
40                                                         The SAS System                              10:23 Friday, August 16, 2019




------------------------------------------------------------------------------------------------

clean-up deleting 105 temporary data sets
clean-up deleting 179 temporary data sets
clean-up deleting 289 temporary data sets
clean-up deleting 83 temporary data sets



------------------------------------------------------------------------------------------------

clean-up deleting 105 temporary data sets
clean-up deleting 179 temporary data sets
clean-up deleting 289 temporary data sets
clean-up deleting 83 temporary data sets



------------------------------------------------------------------------------------------------

clean-up deleting 105 temporary data sets
clean-up deleting 179 temporary data sets
clean-up deleting 289 temporary data sets
clean-up deleting 83 temporary data sets



------------------------------------------------------------------------------------------------

clean-up deleting 105 temporary data sets
clean-up deleting 179 temporary data sets
clean-up deleting 289 temporary data sets
clean-up deleting 83 temporary data sets



------------------------------------------------------------------------------------------------

clean-up deleting 105 temporary data sets
clean-up deleting 179 temporary data sets
clean-up deleting 289 temporary data sets
clean-up deleting 83 temporary data sets



------------------------------------------------------------------------------------------------

clean-up deleting 105 temporary data sets
clean-up deleting 179 temporary data sets
clean-up deleting 289 temporary data sets
clean-up deleting 83 temporary data sets



------------------------------------------------------------------------------------------------
41                                                         The SAS System                              10:23 Friday, August 16, 2019


clean-up deleting 105 temporary data sets
WARNING: The negative of the Hessian is not positive definite. The convergence is questionable.
WARNING: The procedure is continuing but the validity of the model fit is questionable.
WARNING: The specified model did not converge.
WARNING: Negative of Hessian not positive definite.
clean-up deleting 179 temporary data sets
clean-up deleting 289 temporary data sets
clean-up deleting 83 temporary data sets



------------------------------------------------------------------------------------------------

clean-up deleting 105 temporary data sets
clean-up deleting 179 temporary data sets
clean-up deleting 289 temporary data sets
clean-up deleting 83 temporary data sets



------------------------------------------------------------------------------------------------

clean-up deleting 105 temporary data sets
clean-up deleting 179 temporary data sets
clean-up deleting 289 temporary data sets
clean-up deleting 83 temporary data sets



------------------------------------------------------------------------------------------------

clean-up deleting 105 temporary data sets
clean-up deleting 179 temporary data sets
clean-up deleting 289 temporary data sets
clean-up deleting 83 temporary data sets



------------------------------------------------------------------------------------------------

clean-up deleting 105 temporary data sets
clean-up deleting 179 temporary data sets
clean-up deleting 289 temporary data sets
clean-up deleting 83 temporary data sets



------------------------------------------------------------------------------------------------

clean-up deleting 105 temporary data sets
clean-up deleting 179 temporary data sets
clean-up deleting 289 temporary data sets
clean-up deleting 83 temporary data sets



------------------------------------------------------------------------------------------------
42                                                         The SAS System                              10:23 Friday, August 16, 2019


clean-up deleting 105 temporary data sets
WARNING: The negative of the Hessian is not positive definite. The convergence is questionable.
WARNING: The procedure is continuing but the validity of the model fit is questionable.
WARNING: The specified model did not converge.
WARNING: Negative of Hessian not positive definite.
clean-up deleting 179 temporary data sets
clean-up deleting 289 temporary data sets
clean-up deleting 83 temporary data sets



------------------------------------------------------------------------------------------------

clean-up deleting 105 temporary data sets
clean-up deleting 179 temporary data sets
clean-up deleting 289 temporary data sets
clean-up deleting 83 temporary data sets



------------------------------------------------------------------------------------------------

clean-up deleting 105 temporary data sets
clean-up deleting 179 temporary data sets
clean-up deleting 289 temporary data sets
clean-up deleting 83 temporary data sets



------------------------------------------------------------------------------------------------

clean-up deleting 105 temporary data sets
clean-up deleting 179 temporary data sets
clean-up deleting 289 temporary data sets
clean-up deleting 83 temporary data sets



------------------------------------------------------------------------------------------------

clean-up deleting 105 temporary data sets
clean-up deleting 179 temporary data sets
clean-up deleting 289 temporary data sets
clean-up deleting 83 temporary data sets



------------------------------------------------------------------------------------------------

clean-up deleting 105 temporary data sets
clean-up deleting 179 temporary data sets
clean-up deleting 289 temporary data sets
clean-up deleting 83 temporary data sets



------------------------------------------------------------------------------------------------
43                                                         The SAS System                              10:23 Friday, August 16, 2019


clean-up deleting 105 temporary data sets
clean-up deleting 179 temporary data sets
clean-up deleting 289 temporary data sets
clean-up deleting 83 temporary data sets



------------------------------------------------------------------------------------------------

clean-up deleting 105 temporary data sets
clean-up deleting 179 temporary data sets
clean-up deleting 289 temporary data sets
clean-up deleting 83 temporary data sets



------------------------------------------------------------------------------------------------

clean-up deleting 105 temporary data sets
clean-up deleting 179 temporary data sets
clean-up deleting 289 temporary data sets
clean-up deleting 83 temporary data sets



------------------------------------------------------------------------------------------------

clean-up deleting 105 temporary data sets
clean-up deleting 179 temporary data sets
clean-up deleting 289 temporary data sets
clean-up deleting 83 temporary data sets



------------------------------------------------------------------------------------------------

clean-up deleting 105 temporary data sets
clean-up deleting 179 temporary data sets
clean-up deleting 289 temporary data sets
clean-up deleting 83 temporary data sets



------------------------------------------------------------------------------------------------

clean-up deleting 105 temporary data sets
clean-up deleting 179 temporary data sets
clean-up deleting 289 temporary data sets
clean-up deleting 83 temporary data sets



------------------------------------------------------------------------------------------------

clean-up deleting 105 temporary data sets
clean-up deleting 179 temporary data sets
clean-up deleting 289 temporary data sets
44                                                         The SAS System                              10:23 Friday, August 16, 2019

clean-up deleting 83 temporary data sets



------------------------------------------------------------------------------------------------

clean-up deleting 105 temporary data sets
clean-up deleting 179 temporary data sets
clean-up deleting 289 temporary data sets
clean-up deleting 83 temporary data sets



------------------------------------------------------------------------------------------------

clean-up deleting 105 temporary data sets
clean-up deleting 179 temporary data sets
clean-up deleting 289 temporary data sets
clean-up deleting 83 temporary data sets



------------------------------------------------------------------------------------------------

clean-up deleting 105 temporary data sets
clean-up deleting 179 temporary data sets
clean-up deleting 289 temporary data sets
clean-up deleting 83 temporary data sets



------------------------------------------------------------------------------------------------

clean-up deleting 105 temporary data sets
clean-up deleting 179 temporary data sets
clean-up deleting 289 temporary data sets
clean-up deleting 83 temporary data sets



------------------------------------------------------------------------------------------------

clean-up deleting 105 temporary data sets
WARNING: The negative of the Hessian is not positive definite. The convergence is questionable.
WARNING: The procedure is continuing but the validity of the model fit is questionable.
WARNING: The specified model did not converge.
WARNING: Negative of Hessian not positive definite.
clean-up deleting 179 temporary data sets
clean-up deleting 289 temporary data sets
clean-up deleting 83 temporary data sets



------------------------------------------------------------------------------------------------

clean-up deleting 105 temporary data sets
clean-up deleting 179 temporary data sets
clean-up deleting 289 temporary data sets
45                                                         The SAS System                              10:23 Friday, August 16, 2019

clean-up deleting 83 temporary data sets



------------------------------------------------------------------------------------------------

clean-up deleting 105 temporary data sets
clean-up deleting 179 temporary data sets
clean-up deleting 289 temporary data sets
clean-up deleting 83 temporary data sets



------------------------------------------------------------------------------------------------

clean-up deleting 105 temporary data sets
clean-up deleting 179 temporary data sets
clean-up deleting 289 temporary data sets
clean-up deleting 83 temporary data sets



------------------------------------------------------------------------------------------------

clean-up deleting 105 temporary data sets
clean-up deleting 179 temporary data sets
clean-up deleting 289 temporary data sets
clean-up deleting 83 temporary data sets



------------------------------------------------------------------------------------------------

clean-up deleting 105 temporary data sets
clean-up deleting 179 temporary data sets
clean-up deleting 289 temporary data sets
clean-up deleting 83 temporary data sets
3539       %simu(samplesize=550, numberofitems=&nitems., from=&from., to=&to.);



------------------------------------------------------------------------------------------------

clean-up deleting 105 temporary data sets
clean-up deleting 179 temporary data sets
clean-up deleting 289 temporary data sets
clean-up deleting 83 temporary data sets



------------------------------------------------------------------------------------------------

clean-up deleting 105 temporary data sets
clean-up deleting 179 temporary data sets
clean-up deleting 289 temporary data sets
clean-up deleting 83 temporary data sets


46                                                         The SAS System                              10:23 Friday, August 16, 2019


------------------------------------------------------------------------------------------------

clean-up deleting 105 temporary data sets
WARNING: The negative of the Hessian is not positive definite. The convergence is questionable.
WARNING: The procedure is continuing but the validity of the model fit is questionable.
WARNING: The specified model did not converge.
WARNING: Negative of Hessian not positive definite.
clean-up deleting 179 temporary data sets
clean-up deleting 289 temporary data sets
clean-up deleting 83 temporary data sets



------------------------------------------------------------------------------------------------

clean-up deleting 105 temporary data sets
clean-up deleting 179 temporary data sets
clean-up deleting 289 temporary data sets
clean-up deleting 83 temporary data sets



------------------------------------------------------------------------------------------------

clean-up deleting 105 temporary data sets
clean-up deleting 179 temporary data sets
clean-up deleting 289 temporary data sets
clean-up deleting 83 temporary data sets



------------------------------------------------------------------------------------------------

clean-up deleting 105 temporary data sets
clean-up deleting 179 temporary data sets
clean-up deleting 289 temporary data sets
clean-up deleting 83 temporary data sets



------------------------------------------------------------------------------------------------

clean-up deleting 105 temporary data sets
clean-up deleting 179 temporary data sets
clean-up deleting 289 temporary data sets
clean-up deleting 83 temporary data sets



------------------------------------------------------------------------------------------------

clean-up deleting 105 temporary data sets
clean-up deleting 179 temporary data sets
clean-up deleting 289 temporary data sets
clean-up deleting 83 temporary data sets


47                                                         The SAS System                              10:23 Friday, August 16, 2019


------------------------------------------------------------------------------------------------

clean-up deleting 105 temporary data sets
clean-up deleting 179 temporary data sets
clean-up deleting 289 temporary data sets
clean-up deleting 83 temporary data sets



------------------------------------------------------------------------------------------------

clean-up deleting 105 temporary data sets
clean-up deleting 179 temporary data sets
clean-up deleting 289 temporary data sets
clean-up deleting 83 temporary data sets



------------------------------------------------------------------------------------------------

clean-up deleting 105 temporary data sets
WARNING: The negative of the Hessian is not positive definite. The convergence is questionable.
WARNING: The procedure is continuing but the validity of the model fit is questionable.
WARNING: The specified model did not converge.
WARNING: Negative of Hessian not positive definite.
clean-up deleting 179 temporary data sets
clean-up deleting 289 temporary data sets
clean-up deleting 83 temporary data sets



------------------------------------------------------------------------------------------------

clean-up deleting 105 temporary data sets
clean-up deleting 179 temporary data sets
clean-up deleting 289 temporary data sets
clean-up deleting 83 temporary data sets



------------------------------------------------------------------------------------------------

clean-up deleting 105 temporary data sets
clean-up deleting 179 temporary data sets
clean-up deleting 289 temporary data sets
clean-up deleting 83 temporary data sets



------------------------------------------------------------------------------------------------

clean-up deleting 105 temporary data sets
clean-up deleting 179 temporary data sets
clean-up deleting 289 temporary data sets
clean-up deleting 83 temporary data sets


48                                                         The SAS System                              10:23 Friday, August 16, 2019


------------------------------------------------------------------------------------------------

clean-up deleting 105 temporary data sets
clean-up deleting 179 temporary data sets
clean-up deleting 289 temporary data sets
clean-up deleting 83 temporary data sets



------------------------------------------------------------------------------------------------

clean-up deleting 105 temporary data sets
WARNING: The negative of the Hessian is not positive definite. The convergence is questionable.
WARNING: The procedure is continuing but the validity of the model fit is questionable.
WARNING: The specified model did not converge.
WARNING: Negative of Hessian not positive definite.
clean-up deleting 179 temporary data sets
clean-up deleting 289 temporary data sets
clean-up deleting 83 temporary data sets



------------------------------------------------------------------------------------------------

clean-up deleting 105 temporary data sets
clean-up deleting 179 temporary data sets
clean-up deleting 289 temporary data sets
clean-up deleting 83 temporary data sets



------------------------------------------------------------------------------------------------

clean-up deleting 105 temporary data sets
clean-up deleting 179 temporary data sets
clean-up deleting 289 temporary data sets
clean-up deleting 83 temporary data sets



------------------------------------------------------------------------------------------------

clean-up deleting 105 temporary data sets
WARNING: The negative of the Hessian is not positive definite. The convergence is questionable.
WARNING: The procedure is continuing but the validity of the model fit is questionable.
WARNING: The specified model did not converge.
WARNING: Negative of Hessian not positive definite.
clean-up deleting 179 temporary data sets
clean-up deleting 289 temporary data sets
clean-up deleting 83 temporary data sets



------------------------------------------------------------------------------------------------

clean-up deleting 105 temporary data sets
clean-up deleting 179 temporary data sets
49                                                         The SAS System                              10:23 Friday, August 16, 2019

clean-up deleting 289 temporary data sets
clean-up deleting 83 temporary data sets



------------------------------------------------------------------------------------------------

clean-up deleting 105 temporary data sets
WARNING: The negative of the Hessian is not positive definite. The convergence is questionable.
WARNING: The procedure is continuing but the validity of the model fit is questionable.
WARNING: The specified model did not converge.
WARNING: Negative of Hessian not positive definite.
clean-up deleting 179 temporary data sets
clean-up deleting 289 temporary data sets
clean-up deleting 83 temporary data sets



------------------------------------------------------------------------------------------------

clean-up deleting 105 temporary data sets
clean-up deleting 179 temporary data sets
clean-up deleting 289 temporary data sets
clean-up deleting 83 temporary data sets



------------------------------------------------------------------------------------------------

clean-up deleting 105 temporary data sets
WARNING: The negative of the Hessian is not positive definite. The convergence is questionable.
WARNING: The procedure is continuing but the validity of the model fit is questionable.
WARNING: The specified model did not converge.
WARNING: Negative of Hessian not positive definite.
clean-up deleting 179 temporary data sets
clean-up deleting 289 temporary data sets
clean-up deleting 83 temporary data sets



------------------------------------------------------------------------------------------------

clean-up deleting 105 temporary data sets
clean-up deleting 179 temporary data sets
clean-up deleting 289 temporary data sets
clean-up deleting 83 temporary data sets



------------------------------------------------------------------------------------------------

clean-up deleting 105 temporary data sets
clean-up deleting 179 temporary data sets
clean-up deleting 289 temporary data sets
clean-up deleting 83 temporary data sets



50                                                         The SAS System                              10:23 Friday, August 16, 2019

------------------------------------------------------------------------------------------------

clean-up deleting 105 temporary data sets
clean-up deleting 179 temporary data sets
clean-up deleting 289 temporary data sets
clean-up deleting 83 temporary data sets



------------------------------------------------------------------------------------------------

clean-up deleting 105 temporary data sets
clean-up deleting 179 temporary data sets
clean-up deleting 289 temporary data sets
clean-up deleting 83 temporary data sets



------------------------------------------------------------------------------------------------

clean-up deleting 105 temporary data sets
clean-up deleting 179 temporary data sets
clean-up deleting 289 temporary data sets
clean-up deleting 83 temporary data sets



------------------------------------------------------------------------------------------------

clean-up deleting 105 temporary data sets
clean-up deleting 179 temporary data sets
clean-up deleting 289 temporary data sets
clean-up deleting 83 temporary data sets



------------------------------------------------------------------------------------------------

clean-up deleting 105 temporary data sets
clean-up deleting 179 temporary data sets
clean-up deleting 289 temporary data sets
clean-up deleting 83 temporary data sets



------------------------------------------------------------------------------------------------

clean-up deleting 105 temporary data sets
clean-up deleting 179 temporary data sets
clean-up deleting 289 temporary data sets
clean-up deleting 83 temporary data sets



------------------------------------------------------------------------------------------------

clean-up deleting 105 temporary data sets
clean-up deleting 179 temporary data sets
51                                                         The SAS System                              10:23 Friday, August 16, 2019

clean-up deleting 289 temporary data sets
clean-up deleting 83 temporary data sets



------------------------------------------------------------------------------------------------

clean-up deleting 105 temporary data sets
WARNING: The negative of the Hessian is not positive definite. The convergence is questionable.
WARNING: The procedure is continuing but the validity of the model fit is questionable.
WARNING: The specified model did not converge.
WARNING: Negative of Hessian not positive definite.
clean-up deleting 179 temporary data sets
clean-up deleting 289 temporary data sets
clean-up deleting 83 temporary data sets



------------------------------------------------------------------------------------------------

clean-up deleting 105 temporary data sets
clean-up deleting 179 temporary data sets
clean-up deleting 289 temporary data sets
clean-up deleting 83 temporary data sets



------------------------------------------------------------------------------------------------

clean-up deleting 105 temporary data sets
clean-up deleting 179 temporary data sets
clean-up deleting 289 temporary data sets
clean-up deleting 83 temporary data sets



------------------------------------------------------------------------------------------------

clean-up deleting 105 temporary data sets
clean-up deleting 179 temporary data sets
clean-up deleting 289 temporary data sets
clean-up deleting 83 temporary data sets



------------------------------------------------------------------------------------------------

clean-up deleting 105 temporary data sets
clean-up deleting 179 temporary data sets
clean-up deleting 289 temporary data sets
clean-up deleting 83 temporary data sets



------------------------------------------------------------------------------------------------

clean-up deleting 105 temporary data sets
WARNING: The negative of the Hessian is not positive definite. The convergence is questionable.
52                                                         The SAS System                              10:23 Friday, August 16, 2019

WARNING: The procedure is continuing but the validity of the model fit is questionable.
WARNING: The specified model did not converge.
WARNING: Negative of Hessian not positive definite.
clean-up deleting 179 temporary data sets
clean-up deleting 289 temporary data sets
clean-up deleting 83 temporary data sets



------------------------------------------------------------------------------------------------

clean-up deleting 105 temporary data sets
clean-up deleting 179 temporary data sets
clean-up deleting 289 temporary data sets
clean-up deleting 83 temporary data sets



------------------------------------------------------------------------------------------------

clean-up deleting 105 temporary data sets
clean-up deleting 179 temporary data sets
clean-up deleting 289 temporary data sets
clean-up deleting 83 temporary data sets



------------------------------------------------------------------------------------------------

clean-up deleting 105 temporary data sets
clean-up deleting 179 temporary data sets
clean-up deleting 289 temporary data sets
clean-up deleting 83 temporary data sets



------------------------------------------------------------------------------------------------

clean-up deleting 105 temporary data sets
clean-up deleting 179 temporary data sets
clean-up deleting 289 temporary data sets
clean-up deleting 83 temporary data sets



------------------------------------------------------------------------------------------------

clean-up deleting 105 temporary data sets
clean-up deleting 179 temporary data sets
clean-up deleting 289 temporary data sets
clean-up deleting 83 temporary data sets



------------------------------------------------------------------------------------------------

clean-up deleting 105 temporary data sets
WARNING: The negative of the Hessian is not positive definite. The convergence is questionable.
53                                                         The SAS System                              10:23 Friday, August 16, 2019

WARNING: The procedure is continuing but the validity of the model fit is questionable.
WARNING: The specified model did not converge.
WARNING: Negative of Hessian not positive definite.
clean-up deleting 179 temporary data sets
clean-up deleting 289 temporary data sets
clean-up deleting 83 temporary data sets



------------------------------------------------------------------------------------------------

clean-up deleting 105 temporary data sets
clean-up deleting 179 temporary data sets
clean-up deleting 289 temporary data sets
clean-up deleting 83 temporary data sets



------------------------------------------------------------------------------------------------

clean-up deleting 105 temporary data sets
clean-up deleting 179 temporary data sets
clean-up deleting 289 temporary data sets
clean-up deleting 83 temporary data sets



------------------------------------------------------------------------------------------------

clean-up deleting 105 temporary data sets
clean-up deleting 179 temporary data sets
clean-up deleting 289 temporary data sets
clean-up deleting 83 temporary data sets



------------------------------------------------------------------------------------------------

clean-up deleting 105 temporary data sets
clean-up deleting 179 temporary data sets
clean-up deleting 289 temporary data sets
clean-up deleting 83 temporary data sets



------------------------------------------------------------------------------------------------

clean-up deleting 105 temporary data sets
clean-up deleting 179 temporary data sets
clean-up deleting 289 temporary data sets
clean-up deleting 83 temporary data sets



------------------------------------------------------------------------------------------------

clean-up deleting 105 temporary data sets
clean-up deleting 179 temporary data sets
54                                                         The SAS System                              10:23 Friday, August 16, 2019

clean-up deleting 289 temporary data sets
clean-up deleting 83 temporary data sets
3540       %simu(samplesize=600, numberofitems=&nitems., from=&from., to=&to.);



------------------------------------------------------------------------------------------------

clean-up deleting 105 temporary data sets
clean-up deleting 179 temporary data sets
clean-up deleting 289 temporary data sets
clean-up deleting 83 temporary data sets



------------------------------------------------------------------------------------------------

clean-up deleting 105 temporary data sets
WARNING: The negative of the Hessian is not positive definite. The convergence is questionable.
WARNING: The procedure is continuing but the validity of the model fit is questionable.
WARNING: The specified model did not converge.
WARNING: Negative of Hessian not positive definite.
clean-up deleting 179 temporary data sets
clean-up deleting 289 temporary data sets
clean-up deleting 83 temporary data sets



------------------------------------------------------------------------------------------------

clean-up deleting 105 temporary data sets
WARNING: The negative of the Hessian is not positive definite. The convergence is questionable.
WARNING: The procedure is continuing but the validity of the model fit is questionable.
WARNING: The specified model did not converge.
WARNING: Negative of Hessian not positive definite.
clean-up deleting 179 temporary data sets
clean-up deleting 289 temporary data sets
clean-up deleting 83 temporary data sets



------------------------------------------------------------------------------------------------

clean-up deleting 105 temporary data sets
clean-up deleting 179 temporary data sets
clean-up deleting 289 temporary data sets
clean-up deleting 83 temporary data sets



------------------------------------------------------------------------------------------------

clean-up deleting 105 temporary data sets
clean-up deleting 179 temporary data sets
clean-up deleting 289 temporary data sets
clean-up deleting 83 temporary data sets


55                                                         The SAS System                              10:23 Friday, August 16, 2019


------------------------------------------------------------------------------------------------

clean-up deleting 105 temporary data sets
clean-up deleting 179 temporary data sets
clean-up deleting 289 temporary data sets
clean-up deleting 83 temporary data sets



------------------------------------------------------------------------------------------------

clean-up deleting 105 temporary data sets
WARNING: The negative of the Hessian is not positive definite. The convergence is questionable.
WARNING: The procedure is continuing but the validity of the model fit is questionable.
WARNING: The specified model did not converge.
WARNING: Negative of Hessian not positive definite.
clean-up deleting 179 temporary data sets
clean-up deleting 289 temporary data sets
clean-up deleting 83 temporary data sets



------------------------------------------------------------------------------------------------

clean-up deleting 105 temporary data sets
clean-up deleting 179 temporary data sets
clean-up deleting 289 temporary data sets
clean-up deleting 83 temporary data sets



------------------------------------------------------------------------------------------------

clean-up deleting 105 temporary data sets
clean-up deleting 179 temporary data sets
clean-up deleting 289 temporary data sets
clean-up deleting 83 temporary data sets



------------------------------------------------------------------------------------------------

clean-up deleting 105 temporary data sets
clean-up deleting 179 temporary data sets
clean-up deleting 289 temporary data sets
clean-up deleting 83 temporary data sets



------------------------------------------------------------------------------------------------

clean-up deleting 105 temporary data sets
clean-up deleting 179 temporary data sets
clean-up deleting 289 temporary data sets
clean-up deleting 83 temporary data sets


56                                                         The SAS System                              10:23 Friday, August 16, 2019


------------------------------------------------------------------------------------------------

clean-up deleting 105 temporary data sets
clean-up deleting 179 temporary data sets
clean-up deleting 289 temporary data sets
clean-up deleting 83 temporary data sets



------------------------------------------------------------------------------------------------

clean-up deleting 105 temporary data sets
WARNING: The negative of the Hessian is not positive definite. The convergence is questionable.
WARNING: The procedure is continuing but the validity of the model fit is questionable.
WARNING: The specified model did not converge.
WARNING: Negative of Hessian not positive definite.
clean-up deleting 179 temporary data sets
clean-up deleting 289 temporary data sets
clean-up deleting 83 temporary data sets



------------------------------------------------------------------------------------------------

clean-up deleting 105 temporary data sets
clean-up deleting 179 temporary data sets
clean-up deleting 289 temporary data sets
clean-up deleting 83 temporary data sets



------------------------------------------------------------------------------------------------

clean-up deleting 105 temporary data sets
clean-up deleting 179 temporary data sets
clean-up deleting 289 temporary data sets
clean-up deleting 83 temporary data sets



------------------------------------------------------------------------------------------------

clean-up deleting 105 temporary data sets
clean-up deleting 179 temporary data sets
clean-up deleting 289 temporary data sets
clean-up deleting 83 temporary data sets



------------------------------------------------------------------------------------------------

clean-up deleting 105 temporary data sets
WARNING: The negative of the Hessian is not positive definite. The convergence is questionable.
WARNING: The procedure is continuing but the validity of the model fit is questionable.
WARNING: The specified model did not converge.
WARNING: Negative of Hessian not positive definite.
clean-up deleting 179 temporary data sets
57                                                         The SAS System                              10:23 Friday, August 16, 2019

clean-up deleting 289 temporary data sets
clean-up deleting 83 temporary data sets



------------------------------------------------------------------------------------------------

clean-up deleting 105 temporary data sets
WARNING: The negative of the Hessian is not positive definite. The convergence is questionable.
WARNING: The procedure is continuing but the validity of the model fit is questionable.
WARNING: The specified model did not converge.
WARNING: Negative of Hessian not positive definite.
clean-up deleting 179 temporary data sets
clean-up deleting 289 temporary data sets
clean-up deleting 83 temporary data sets



------------------------------------------------------------------------------------------------

clean-up deleting 105 temporary data sets
clean-up deleting 179 temporary data sets
clean-up deleting 289 temporary data sets
clean-up deleting 83 temporary data sets



------------------------------------------------------------------------------------------------

clean-up deleting 105 temporary data sets
clean-up deleting 179 temporary data sets
clean-up deleting 289 temporary data sets
clean-up deleting 83 temporary data sets



------------------------------------------------------------------------------------------------

clean-up deleting 105 temporary data sets
clean-up deleting 179 temporary data sets
clean-up deleting 289 temporary data sets
clean-up deleting 83 temporary data sets



------------------------------------------------------------------------------------------------

clean-up deleting 105 temporary data sets
clean-up deleting 179 temporary data sets
clean-up deleting 289 temporary data sets
clean-up deleting 83 temporary data sets



------------------------------------------------------------------------------------------------

clean-up deleting 105 temporary data sets
clean-up deleting 179 temporary data sets
58                                                         The SAS System                              10:23 Friday, August 16, 2019

clean-up deleting 289 temporary data sets
clean-up deleting 83 temporary data sets



------------------------------------------------------------------------------------------------

clean-up deleting 105 temporary data sets
clean-up deleting 179 temporary data sets
clean-up deleting 289 temporary data sets
clean-up deleting 83 temporary data sets



------------------------------------------------------------------------------------------------

clean-up deleting 105 temporary data sets
clean-up deleting 179 temporary data sets
clean-up deleting 289 temporary data sets
clean-up deleting 83 temporary data sets



------------------------------------------------------------------------------------------------

clean-up deleting 105 temporary data sets
WARNING: The negative of the Hessian is not positive definite. The convergence is questionable.
WARNING: The procedure is continuing but the validity of the model fit is questionable.
WARNING: The specified model did not converge.
WARNING: Negative of Hessian not positive definite.
clean-up deleting 179 temporary data sets
clean-up deleting 289 temporary data sets
clean-up deleting 83 temporary data sets



------------------------------------------------------------------------------------------------

clean-up deleting 105 temporary data sets
clean-up deleting 179 temporary data sets
clean-up deleting 289 temporary data sets
clean-up deleting 83 temporary data sets



------------------------------------------------------------------------------------------------

clean-up deleting 105 temporary data sets
WARNING: The negative of the Hessian is not positive definite. The convergence is questionable.
WARNING: The procedure is continuing but the validity of the model fit is questionable.
WARNING: The specified model did not converge.
WARNING: Negative of Hessian not positive definite.
clean-up deleting 179 temporary data sets
clean-up deleting 289 temporary data sets
clean-up deleting 83 temporary data sets



59                                                         The SAS System                              10:23 Friday, August 16, 2019

------------------------------------------------------------------------------------------------

clean-up deleting 105 temporary data sets
clean-up deleting 179 temporary data sets
clean-up deleting 289 temporary data sets
clean-up deleting 83 temporary data sets



------------------------------------------------------------------------------------------------

clean-up deleting 105 temporary data sets
clean-up deleting 179 temporary data sets
clean-up deleting 289 temporary data sets
clean-up deleting 83 temporary data sets



------------------------------------------------------------------------------------------------

clean-up deleting 105 temporary data sets
clean-up deleting 179 temporary data sets
clean-up deleting 289 temporary data sets
clean-up deleting 83 temporary data sets



------------------------------------------------------------------------------------------------

clean-up deleting 105 temporary data sets
clean-up deleting 179 temporary data sets
clean-up deleting 289 temporary data sets
clean-up deleting 83 temporary data sets



------------------------------------------------------------------------------------------------

clean-up deleting 105 temporary data sets
clean-up deleting 179 temporary data sets
clean-up deleting 289 temporary data sets
clean-up deleting 83 temporary data sets



------------------------------------------------------------------------------------------------

clean-up deleting 105 temporary data sets
clean-up deleting 179 temporary data sets
clean-up deleting 289 temporary data sets
clean-up deleting 83 temporary data sets



------------------------------------------------------------------------------------------------

clean-up deleting 105 temporary data sets
clean-up deleting 179 temporary data sets
60                                                         The SAS System                              10:23 Friday, August 16, 2019

clean-up deleting 289 temporary data sets
clean-up deleting 83 temporary data sets



------------------------------------------------------------------------------------------------

clean-up deleting 105 temporary data sets
clean-up deleting 179 temporary data sets
clean-up deleting 289 temporary data sets
clean-up deleting 83 temporary data sets



------------------------------------------------------------------------------------------------

clean-up deleting 105 temporary data sets
clean-up deleting 179 temporary data sets
clean-up deleting 289 temporary data sets
clean-up deleting 83 temporary data sets



------------------------------------------------------------------------------------------------

clean-up deleting 105 temporary data sets
clean-up deleting 179 temporary data sets
clean-up deleting 289 temporary data sets
clean-up deleting 83 temporary data sets



------------------------------------------------------------------------------------------------

clean-up deleting 105 temporary data sets
clean-up deleting 179 temporary data sets
clean-up deleting 289 temporary data sets
clean-up deleting 83 temporary data sets



------------------------------------------------------------------------------------------------

clean-up deleting 105 temporary data sets
WARNING: The negative of the Hessian is not positive definite. The convergence is questionable.
WARNING: The procedure is continuing but the validity of the model fit is questionable.
WARNING: The specified model did not converge.
WARNING: Negative of Hessian not positive definite.
clean-up deleting 179 temporary data sets
clean-up deleting 289 temporary data sets
clean-up deleting 83 temporary data sets



------------------------------------------------------------------------------------------------

clean-up deleting 105 temporary data sets
clean-up deleting 179 temporary data sets
61                                                         The SAS System                              10:23 Friday, August 16, 2019

clean-up deleting 289 temporary data sets
clean-up deleting 83 temporary data sets



------------------------------------------------------------------------------------------------

clean-up deleting 105 temporary data sets
clean-up deleting 179 temporary data sets
clean-up deleting 289 temporary data sets
clean-up deleting 83 temporary data sets



------------------------------------------------------------------------------------------------

clean-up deleting 105 temporary data sets
clean-up deleting 179 temporary data sets
clean-up deleting 289 temporary data sets
clean-up deleting 83 temporary data sets



------------------------------------------------------------------------------------------------

clean-up deleting 105 temporary data sets
clean-up deleting 179 temporary data sets
clean-up deleting 289 temporary data sets
clean-up deleting 83 temporary data sets



------------------------------------------------------------------------------------------------

clean-up deleting 105 temporary data sets
clean-up deleting 179 temporary data sets
clean-up deleting 289 temporary data sets
clean-up deleting 83 temporary data sets



------------------------------------------------------------------------------------------------

clean-up deleting 105 temporary data sets
clean-up deleting 179 temporary data sets
clean-up deleting 289 temporary data sets
clean-up deleting 83 temporary data sets



------------------------------------------------------------------------------------------------

clean-up deleting 105 temporary data sets
clean-up deleting 179 temporary data sets
clean-up deleting 289 temporary data sets
clean-up deleting 83 temporary data sets


62                                                         The SAS System                              10:23 Friday, August 16, 2019


------------------------------------------------------------------------------------------------

clean-up deleting 105 temporary data sets
clean-up deleting 179 temporary data sets
clean-up deleting 289 temporary data sets
clean-up deleting 83 temporary data sets



------------------------------------------------------------------------------------------------

clean-up deleting 105 temporary data sets
clean-up deleting 179 temporary data sets
clean-up deleting 289 temporary data sets
clean-up deleting 83 temporary data sets



------------------------------------------------------------------------------------------------

clean-up deleting 105 temporary data sets
clean-up deleting 179 temporary data sets
clean-up deleting 289 temporary data sets
clean-up deleting 83 temporary data sets
3541       	
3542       data FIT.out_PW_I&nitems._&from._&to.;
3543       	set
3544       	FIT.out_PW_I&nitems._N300_&from._&to.
3545       	FIT.out_PW_I&nitems._N350_&from._&to.
3546       	FIT.out_PW_I&nitems._N400_&from._&to.
3547       	FIT.out_PW_I&nitems._N450_&from._&to.
3548       	FIT.out_PW_I&nitems._N500_&from._&to.
3549       	FIT.out_PW_I&nitems._N550_&from._&to.
3550       	FIT.out_PW_I&nitems._N600_&from._&to.
3551       	;
3552       run;

NOTE: There were 600 observations read from the data set FIT.OUT_PW_I12_N300_51_100.
NOTE: There were 600 observations read from the data set FIT.OUT_PW_I12_N350_51_100.
NOTE: There were 600 observations read from the data set FIT.OUT_PW_I12_N400_51_100.
NOTE: There were 600 observations read from the data set FIT.OUT_PW_I12_N450_51_100.
NOTE: There were 600 observations read from the data set FIT.OUT_PW_I12_N500_51_100.
NOTE: There were 600 observations read from the data set FIT.OUT_PW_I12_N550_51_100.
NOTE: There were 600 observations read from the data set FIT.OUT_PW_I12_N600_51_100.
NOTE: The data set FIT.OUT_PW_I12_51_100 has 4200 observations and 16 variables.
NOTE: DATA statement used (Total process time):
      real time           7.23 seconds
      cpu time            0.01 seconds
      

3553       proc datasets library=FIT;
                                                             Directory

                                              Libref             FIT                  
                                              Engine             V9                   
                                              Physical Name      /home/ifsv/pzs913/FIT
                                              Filename           /home/ifsv/pzs913/FIT
63                                                         The SAS System                              10:23 Friday, August 16, 2019

                                                             Directory

                                              Inode Number       923176592            
                                              Access Permission  rwx------            
                                              Owner Name         pzs913               
                                              File Size          24KB                 
                                              File Size (bytes)  24576                


                                                         Member
                           #  Name                       Type       File Size  Last Modified

                           1  AMTS                       DATA           128KB  01/18/2019 15:13:39        
                           2  AMTS_FOR                   DATA           128KB  01/18/2019 15:13:34        
                           3  AMTS_IN                    DATA           128KB  03/22/2019 16:56:21        
                           4  AMTS_OUT                   DATA            22MB  08/15/2019 15:21:23        
                           5  CML_AMTS_ETA               DATA           128KB  03/22/2019 16:56:31        
                           6  CML_AMTS_IPAR              DATA           128KB  03/22/2019 16:56:24        
                           7  CML_AMTS_LOGL              DATA           128KB  03/22/2019 16:56:31        
                           8  CML_IPAR                   DATA           128KB  01/18/2019 14:31:09        
                           9  KNOX                       DATA           128KB  01/18/2019 14:31:04        
                          10  KNOX_IN                    DATA           128KB  01/18/2019 14:31:04        
                          11  OUT_PW_I10                 DATA            20MB  03/28/2019 11:49:46        
                          12  OUT_PW_I12_1051_1100       DATA           704KB  08/16/2019 01:08:30        
                          13  OUT_PW_I12_1151_1200       DATA           704KB  08/16/2019 01:08:09        
                          14  OUT_PW_I12_1251_1300       DATA           704KB  08/16/2019 01:08:07        
                          15  OUT_PW_I12_1351_1400       DATA           704KB  08/16/2019 01:07:56        
                          16  OUT_PW_I12_1451_1500       DATA           704KB  08/16/2019 01:02:15        
                          17  OUT_PW_I12_151_200         DATA           704KB  08/16/2019 01:03:00        
                          18  OUT_PW_I12_1551_1600       DATA           704KB  08/16/2019 01:07:15        
                          19  OUT_PW_I12_1651_1700       DATA           704KB  08/16/2019 01:01:26        
                          20  OUT_PW_I12_1751_1800       DATA           704KB  08/16/2019 01:07:12        
                          21  OUT_PW_I12_1851_1900       DATA           704KB  08/16/2019 01:00:03        
                          22  OUT_PW_I12_1951_2000       DATA           704KB  08/16/2019 01:05:32        
                          23  OUT_PW_I12_251_300         DATA           704KB  08/16/2019 01:08:39        
                          24  OUT_PW_I12_351_400         DATA           704KB  08/16/2019 01:03:01        
                          25  OUT_PW_I12_451_500         DATA           704KB  08/16/2019 01:08:35        
                          26  OUT_PW_I12_51_100          DATA           704KB  08/16/2019 20:47:38        
                          27  OUT_PW_I12_551_600         DATA           704KB  08/16/2019 01:02:49        
                          28  OUT_PW_I12_651_700         DATA           704KB  08/16/2019 01:08:36        
                          29  OUT_PW_I12_751_800         DATA           704KB  08/16/2019 01:02:49        
                          30  OUT_PW_I12_851_900         DATA           704KB  08/16/2019 01:03:56        
                          31  OUT_PW_I12_951_1000        DATA           704KB  08/16/2019 01:08:16        
                          32  OUT_PW_I12_N300_1051_1100  DATA           192KB  08/16/2019 11:54:30        
                          33  OUT_PW_I12_N300_1151_1200  DATA           192KB  08/16/2019 11:55:24        
                          34  OUT_PW_I12_N300_1251_1300  DATA           192KB  08/16/2019 11:54:51        
                          35  OUT_PW_I12_N300_1351_1400  DATA           192KB  08/16/2019 11:55:38        
                          36  OUT_PW_I12_N300_1451_1500  DATA           192KB  08/16/2019 11:54:58        
                          37  OUT_PW_I12_N300_151_200    DATA           192KB  08/16/2019 11:32:25        
                          38  OUT_PW_I12_N300_1551_1600  DATA           192KB  08/16/2019 11:55:56        
                          39  OUT_PW_I12_N300_1651_1700  DATA           192KB  08/16/2019 11:56:29        
                          40  OUT_PW_I12_N300_1751_1800  DATA           192KB  08/16/2019 11:55:55        
                          41  OUT_PW_I12_N300_1851_1900  DATA           192KB  08/16/2019 11:55:37        
                          42  OUT_PW_I12_N300_1951_2000  DATA           192KB  08/16/2019 11:56:04        
                          43  OUT_PW_I12_N300_251_300    DATA           192KB  08/16/2019 11:33:16        
                          44  OUT_PW_I12_N300_351_400    DATA           192KB  08/16/2019 11:52:27        
                          45  OUT_PW_I12_N300_451_500    DATA           192KB  08/16/2019 11:52:44        
                          46  OUT_PW_I12_N300_51_100     DATA           192KB  08/16/2019 11:32:01        
64                                                         The SAS System                              10:23 Friday, August 16, 2019

                                                         Member
                           #  Name                       Type       File Size  Last Modified

                          47  OUT_PW_I12_N300_551_600    DATA           192KB  08/16/2019 11:53:39        
                          48  OUT_PW_I12_N300_651_700    DATA           192KB  08/16/2019 11:53:14        
                          49  OUT_PW_I12_N300_751_800    DATA           192KB  08/16/2019 11:53:55        
                          50  OUT_PW_I12_N300_851_900    DATA           192KB  08/16/2019 11:53:55        
                          51  OUT_PW_I12_N300_951_1000   DATA           192KB  08/16/2019 11:54:20        
                          52  OUT_PW_I12_N350_1051_1100  DATA           192KB  08/16/2019 13:23:20        
                          53  OUT_PW_I12_N350_1151_1200  DATA           192KB  08/16/2019 13:25:03        
                          54  OUT_PW_I12_N350_1251_1300  DATA           192KB  08/16/2019 13:23:38        
                          55  OUT_PW_I12_N350_1351_1400  DATA           192KB  08/16/2019 13:25:06        
                          56  OUT_PW_I12_N350_1451_1500  DATA           192KB  08/16/2019 13:23:47        
                          57  OUT_PW_I12_N350_151_200    DATA           192KB  08/16/2019 13:01:42        
                          58  OUT_PW_I12_N350_1551_1600  DATA           192KB  08/16/2019 13:25:26        
                          59  OUT_PW_I12_N350_1651_1700  DATA           192KB  08/16/2019 13:26:04        
                          60  OUT_PW_I12_N350_1751_1800  DATA           192KB  08/16/2019 13:24:50        
                          61  OUT_PW_I12_N350_1851_1900  DATA           192KB  08/16/2019 13:24:01        
                          62  OUT_PW_I12_N350_1951_2000  DATA           192KB  08/16/2019 13:24:58        
                          63  OUT_PW_I12_N350_251_300    DATA           192KB  08/16/2019 13:01:25        
                          64  OUT_PW_I12_N350_351_400    DATA           192KB  08/16/2019 13:21:30        
                          65  OUT_PW_I12_N350_451_500    DATA           192KB  08/16/2019 13:21:35        
                          66  OUT_PW_I12_N350_51_100     DATA           192KB  08/16/2019 13:00:13        
                          67  OUT_PW_I12_N350_551_600    DATA           192KB  08/16/2019 13:23:15        
                          68  OUT_PW_I12_N350_651_700    DATA           192KB  08/16/2019 13:21:40        
                          69  OUT_PW_I12_N350_751_800    DATA           192KB  08/16/2019 13:22:56        
                          70  OUT_PW_I12_N350_851_900    DATA           192KB  08/16/2019 13:22:45        
                          71  OUT_PW_I12_N350_951_1000   DATA           192KB  08/16/2019 13:23:10        
                          72  OUT_PW_I12_N400_1051_1100  DATA           192KB  08/16/2019 14:52:18        
                          73  OUT_PW_I12_N400_1151_1200  DATA           192KB  08/16/2019 14:54:49        
                          74  OUT_PW_I12_N400_1251_1300  DATA           192KB  08/16/2019 14:52:32        
                          75  OUT_PW_I12_N400_1351_1400  DATA           192KB  08/16/2019 14:54:44        
                          76  OUT_PW_I12_N400_1451_1500  DATA           192KB  08/16/2019 14:52:43        
                          77  OUT_PW_I12_N400_151_200    DATA           192KB  08/16/2019 14:31:33        
                          78  OUT_PW_I12_N400_1551_1600  DATA           192KB  08/16/2019 14:55:14        
                          79  OUT_PW_I12_N400_1651_1700  DATA           192KB  08/16/2019 14:55:57        
                          80  OUT_PW_I12_N400_1751_1800  DATA           192KB  08/16/2019 14:53:58        
                          81  OUT_PW_I12_N400_1851_1900  DATA           192KB  08/16/2019 14:52:43        
                          82  OUT_PW_I12_N400_1951_2000  DATA           192KB  08/16/2019 14:54:14        
                          83  OUT_PW_I12_N400_251_300    DATA           192KB  08/16/2019 14:30:04        
                          84  OUT_PW_I12_N400_351_400    DATA           192KB  08/16/2019 14:50:47        
                          85  OUT_PW_I12_N400_451_500    DATA           192KB  08/16/2019 14:50:41        
                          86  OUT_PW_I12_N400_51_100     DATA           192KB  08/16/2019 14:28:53        
                          87  OUT_PW_I12_N400_551_600    DATA           192KB  08/16/2019 14:53:04        
                          88  OUT_PW_I12_N400_651_700    DATA           192KB  08/16/2019 14:50:12        
                          89  OUT_PW_I12_N400_751_800    DATA           192KB  08/16/2019 14:52:15        
                          90  OUT_PW_I12_N400_851_900    DATA           192KB  08/16/2019 14:51:53        
                          91  OUT_PW_I12_N400_951_1000   DATA           192KB  08/16/2019 14:52:23        
                          92  OUT_PW_I12_N450_1051_1100  DATA           192KB  08/16/2019 16:28:05        
                          93  OUT_PW_I12_N450_1151_1200  DATA           192KB  08/16/2019 16:31:49        
                          94  OUT_PW_I12_N450_1251_1300  DATA           192KB  08/16/2019 16:28:19        
                          95  OUT_PW_I12_N450_1351_1400  DATA           192KB  08/16/2019 16:31:38        
                          96  OUT_PW_I12_N450_1451_1500  DATA           192KB  08/16/2019 16:28:31        
                          97  OUT_PW_I12_N450_151_200    DATA           192KB  08/16/2019 16:06:55        
                          98  OUT_PW_I12_N450_1551_1600  DATA           192KB  08/16/2019 16:32:23        
                          99  OUT_PW_I12_N450_1651_1700  DATA           192KB  08/16/2019 16:33:10        
                         100  OUT_PW_I12_N450_1751_1800  DATA           192KB  08/16/2019 16:29:55        
                         101  OUT_PW_I12_N450_1851_1900  DATA           192KB  08/16/2019 16:28:04        
65                                                         The SAS System                              10:23 Friday, August 16, 2019

                                                         Member
                           #  Name                       Type       File Size  Last Modified

                         102  OUT_PW_I12_N450_1951_2000  DATA           192KB  08/16/2019 16:30:14        
                         103  OUT_PW_I12_N450_251_300    DATA           192KB  08/16/2019 16:03:53        
                         104  OUT_PW_I12_N450_351_400    DATA           192KB  08/16/2019 16:26:36        
                         105  OUT_PW_I12_N450_451_500    DATA           192KB  08/16/2019 16:26:33        
                         106  OUT_PW_I12_N450_51_100     DATA           192KB  08/16/2019 16:02:34        
                         107  OUT_PW_I12_N450_551_600    DATA           192KB  08/16/2019 16:30:06        
                         108  OUT_PW_I12_N450_651_700    DATA           192KB  08/16/2019 16:25:27        
                         109  OUT_PW_I12_N450_751_800    DATA           192KB  08/16/2019 16:28:06        
                         110  OUT_PW_I12_N450_851_900    DATA           192KB  08/16/2019 16:27:48        
                         111  OUT_PW_I12_N450_951_1000   DATA           192KB  08/16/2019 16:28:10        
                         112  OUT_PW_I12_N500_1051_1100  DATA           192KB  08/16/2019 18:02:44        
                         113  OUT_PW_I12_N500_1151_1200  DATA           192KB  08/16/2019 18:07:30        
                         114  OUT_PW_I12_N500_1251_1300  DATA           192KB  08/16/2019 18:02:58        
                         115  OUT_PW_I12_N500_1351_1400  DATA           192KB  08/16/2019 18:07:24        
                         116  OUT_PW_I12_N500_1451_1500  DATA           192KB  08/16/2019 18:03:01        
                         117  OUT_PW_I12_N500_151_200    DATA           192KB  08/16/2019 17:42:52        
                         118  OUT_PW_I12_N500_1551_1600  DATA           192KB  08/16/2019 18:07:59        
                         119  OUT_PW_I12_N500_1651_1700  DATA           192KB  08/16/2019 18:08:49        
                         120  OUT_PW_I12_N500_1751_1800  DATA           192KB  08/16/2019 18:04:48        
                         121  OUT_PW_I12_N500_1851_1900  DATA           192KB  08/16/2019 18:02:18        
                         122  OUT_PW_I12_N500_1951_2000  DATA           192KB  08/16/2019 18:05:01        
                         123  OUT_PW_I12_N500_251_300    DATA           192KB  08/16/2019 17:38:20        
                         124  OUT_PW_I12_N500_351_400    DATA           192KB  08/16/2019 18:01:23        
                         125  OUT_PW_I12_N500_451_500    DATA           192KB  08/16/2019 18:01:13        
                         126  OUT_PW_I12_N500_51_100     DATA           192KB  08/16/2019 17:37:14        
                         127  OUT_PW_I12_N500_551_600    DATA           192KB  08/16/2019 18:05:42        
                         128  OUT_PW_I12_N500_651_700    DATA           192KB  08/16/2019 17:59:43        
                         129  OUT_PW_I12_N500_751_800    DATA           192KB  08/16/2019 18:03:03        
                         130  OUT_PW_I12_N500_851_900    DATA           192KB  08/16/2019 18:02:33        
                         131  OUT_PW_I12_N500_951_1000   DATA           192KB  08/16/2019 18:02:56        
                         132  OUT_PW_I12_N550_1051_1100  DATA           192KB  08/16/2019 19:38:52        
                         133  OUT_PW_I12_N550_1151_1200  DATA           192KB  08/16/2019 19:44:41        
                         134  OUT_PW_I12_N550_1251_1300  DATA           192KB  08/16/2019 19:39:06        
                         135  OUT_PW_I12_N550_1351_1400  DATA           192KB  08/16/2019 19:44:31        
                         136  OUT_PW_I12_N550_1451_1500  DATA           192KB  08/16/2019 19:39:03        
                         137  OUT_PW_I12_N550_151_200    DATA           192KB  08/16/2019 19:19:46        
                         138  OUT_PW_I12_N550_1551_1600  DATA           192KB  08/16/2019 19:45:14        
                         139  OUT_PW_I12_N550_1651_1700  DATA           192KB  08/16/2019 19:45:56        
                         140  OUT_PW_I12_N550_1751_1800  DATA           192KB  08/16/2019 19:40:55        
                         141  OUT_PW_I12_N550_1851_1900  DATA           192KB  08/16/2019 19:37:54        
                         142  OUT_PW_I12_N550_1951_2000  DATA           192KB  08/16/2019 19:41:17        
                         143  OUT_PW_I12_N550_251_300    DATA           192KB  08/16/2019 19:13:34        
                         144  OUT_PW_I12_N550_351_400    DATA           192KB  08/16/2019 19:37:32        
                         145  OUT_PW_I12_N550_451_500    DATA           192KB  08/16/2019 19:37:12        
                         146  OUT_PW_I12_N550_51_100     DATA           192KB  08/16/2019 19:12:32        
                         147  OUT_PW_I12_N550_551_600    DATA           192KB  08/16/2019 19:42:49        
                         148  OUT_PW_I12_N550_651_700    DATA           192KB  08/16/2019 19:35:22        
                         149  OUT_PW_I12_N550_751_800    DATA           192KB  08/16/2019 19:39:13        
                         150  OUT_PW_I12_N550_851_900    DATA           192KB  08/16/2019 19:38:41        
                         151  OUT_PW_I12_N550_951_1000   DATA           192KB  08/16/2019 19:38:58        
                         152  OUT_PW_I12_N600_51_100     DATA           192KB  08/16/2019 20:47:31        
                         153  PP_AMTS_CML_LATENT         DATA           128KB  03/22/2019 12:03:56        
                         154  PP_AMTS_CML_OUTDATA        DATA           128KB  03/22/2019 12:03:56        
                         155  PP_AMTS_OUTDATA            DATA           128KB  03/22/2019 12:11:52        
                         156  PP_AMTS_PW_LATENT          DATA           128KB  03/22/2019 16:58:01        
66                                                         The SAS System                              10:23 Friday, August 16, 2019

                                                         Member
                           #  Name                       Type       File Size  Last Modified

                         157  PP_AMTS_PW_OUTDATA         DATA           128KB  03/22/2019 16:58:05        
                         158  PP_CML_LATENT              DATA           128KB  01/18/2019 14:31:52        
                         159  PP_CML_OUTDATA             DATA           128KB  01/18/2019 14:31:52        
                         160  PW_AMTS_IPAR               DATA           128KB  03/22/2019 16:56:33        
3554       	delete
3555       	out_PW_I&nitems._N300_&from._&to.
3556       	out_PW_I&nitems._N350_&from._&to.
3557       	out_PW_I&nitems._N400_&from._&to.
3558       	out_PW_I&nitems._N450_&from._&to.
3559       	out_PW_I&nitems._N500_&from._&to.
3560       	out_PW_I&nitems._N550_&from._&to.
3561       	out_PW_I&nitems._N600_&from._&to.
3562       	;
3563       quit;

NOTE: Deleting FIT.OUT_PW_I12_N300_51_100 (memtype=DATA).
NOTE: Deleting FIT.OUT_PW_I12_N350_51_100 (memtype=DATA).
NOTE: Deleting FIT.OUT_PW_I12_N400_51_100 (memtype=DATA).
NOTE: Deleting FIT.OUT_PW_I12_N450_51_100 (memtype=DATA).
NOTE: Deleting FIT.OUT_PW_I12_N500_51_100 (memtype=DATA).
NOTE: Deleting FIT.OUT_PW_I12_N550_51_100 (memtype=DATA).
NOTE: Deleting FIT.OUT_PW_I12_N600_51_100 (memtype=DATA).
NOTE: PROCEDURE DATASETS used (Total process time):
      real time           10.10 seconds
      cpu time            0.03 seconds
      

NOTE: SAS Institute Inc., SAS Campus Drive, Cary, NC USA 27513-2414
NOTE: The SAS System used:
      real time           10:24:17.27
      cpu time            1:03:55.27
      
